post,label,reason
"I’m a positive guy, I make people laugh, and I have a supportive household, to anyone even on here that sounds like heaven. But ever since elementary school its been a same circle of talking to people, making them happy, and then them forgetting about me in the long run to the point of were I cant tell you who I can actually view as a friend or not. Same thing with girls that I seem to fall in “love”  with too easily, I end up admitting my feeling to them and then I either get a “no” or “idk”, and its gotten to the point to were loving someone doesn’t even se m option anymore. Love from family is definitely a positive thing to have, but as humans we can thrive to have some form of compassion from a stranger, and as we continue to thrive it ends up going from a want, to a need, to something we’re just depressed not to have. I guess I’m looking for some form of an answer or resolution before I end up sinking a lot farther than I want into melancholy.",alienation,"The post mentions feeling forgotten and unsure about who the poster can truly consider a friend. They also mention difficulties in romantic relationships, including admitting their feelings to someone and receiving rejection or uncertainty in response. The overall tone of the post suggests a longing for connection and a sense of alienation from both friends and potential romantic partners. Therefore, the cause of the mental disorders in this post is most likely related to a sense of alienation from others."
"Graduated from high school in '13 and everything went downhill. 
Lost a significant other of 2 years to a ""best friend"" who enjoyed sex with her, as well as a few other ""friends"" of hers. I was in ""love"" I guess but that spiraled into excessive drinking, partying, drugs, suicide attempts, and problems at home. 

I can't believe I'm still here today, but I lost a lot as things went down the pit. I had some true friends who I ended up abusing their kindness, and there's no chance of them coming back. On top of that, I made a fool of myself to my entire demographic in my hometown. It's a surprise I'm still here today, but at the same time I cannot help but to think of how much less pain I would be in if one of those attempts were successful. 

I'm not considering doing it right now, but I wonder when I'll burn the last of my rope. At this point there's nobody who can help me other than myself, but it's going to be a long and lonely road. 

Here's one for those who tried, and an apology to those who simply had enough. 
I love you all, but there's no reason to love me back. 

Take care, Tally Chiles HS Class of 2013.",relationship,"The post mentions a significant loss in the form of a partner who cheated with a friend, as well as other ""friends"" who betrayed the poster. This loss and subsequent experiences of excessive drinking, partying, drugs, and suicide attempts suggest that the poster is struggling with the aftermath of these relationship-related traumas. They express feelings of loneliness, a lack of support, and a sense of being a burden to others. The post also indicates a desire for self-improvement and self-reliance, as they mention that there is no one who can help them other than themselves. Therefore, the cause of mental disorders in this post is related to relationship issues."
"hey guys 
erm, I really just want to talk to someone right now. I think things aren't going that great for me atm. I don't really have anyone to talk to right now and I really want to have a conversation with someone
anyone
thank u guys x",none,"The post does not provide any specific information about the causes of the poster's mental distress. It simply expresses a general desire to talk to someone and the feeling that things are not going well for them at the moment. Without more context or details, it is not possible to assign a specific cause from the given list."
It's big day for me and I feel guilty for not being happy and not wanting to enjoy it but all I want to do is to shut myself off from everyone and sleep. I remember I used to be so happy about my birthday coming up but now I just don't want to celebrate it anymore.,alienation,"The post mentions feeling guilty and not wanting to enjoy a big day, specifically their birthday. They express a desire to shut themselves off from others and sleep, indicating a desire for isolation and withdrawal. This suggests a sense of alienation and disconnection from others, as they no longer find joy or meaning in celebrating their birthday."
"I posted about an hour ago in r/relationships about a situation with my roommate where he owes me $1000 in unpaid debt, and I told his mom about it when she came to visit.

Most people sided with me, and told me I was right to do what I did. This was a great boost of confidence, and I finally felt certainty in my actions after all the apprehension I've felt while dealing with my roommate's failure to pay his bills. 

Tonight, I decided to tell my Mom, Dad, and sister about my decision, certain that they would finally side with me and praise me for doing the right thing, and being assertive. I know that in the past they have sympathized with my roommate, but I wanted them to see once and for all that I'm not the bad guy for wanting to take him to court, or to tell his parents about the massive debt that he owes me.

Their reactions were...not good.

My mom buried her face in her hand and said, ""You *really* shouldn't have done that.""

My Dad fell silent, and didn't say anything. He had a look on his face that said, ""You fucked up"", though.

I started rattling off stuff that people told me on Reddit about how right this decision was, and how I'm doing the right thing, about how great it was that I was finally taking action, etc.

My sister stopped me though, and she looked at me angrily and said in a sarcastic tone, ""Wow, congratulations! Getting validation from strangers on the internet really makes you confident in yourself, huh?""

Why doesn't she see how right I am? This whole situation with my roommate is cut-and-dry, and I'm taking the necessary steps to fix it. 

I started reciting some of the answers I got (they were really well-written), but the more I spoke, the more angrier they got, until my sister's eyes bore into me like daggers, and my Mom was sort of just standing there laughing, in an exhausted kind of way. ""There's no going back now."" she said in a defeated tone of voice. ""What's done is done. You let random internet people tell you what to do instead of us, and you're going to feel the consequences of that decision very soon.""

My voice cracked a little as I desperately tried to convince them to side with me, until Dad said, ""That's enough. We're not talking about this anymore. You're making your Mom upset.""

Why can't my family just be proud of me? I'm clearly, *clearly* doing the right thing here, and yet my parents seem to be more concerned about preserving the peace with my deadbeat roommate than getting my money back. Their *son's* money! I'm the one they should feel sorry for, not him.

A lot of people in that Reddit thread told me that I care way too much about what my family thinks, and I agree whole-heartedly. I don't know how to stop caring about what they think, because right now, they're all I've got. I don't really have any good friends who will talk to me about life situations without tuning out, or ignoring me. I've never dealt with difficult life situations like this before, and I need all the support I can get. I try to do all the right things, all the time, and I can't please them or make them happy. Nothing is ever good enough. I apologize if I sound dramatic, but these emotions have a firm hold on me and I can't make them stop. 

I want people to know how much my parent's disapproval means to me. I know I shouldn't care, but I do. I might need some advice on how to stop caring what they think, because tonight, I felt like I *needed* them to tell me that I made the right decision, because I will be dealing with a pissed-off roommate for two months, and it would really help to have people in my corner to tell me that I'm not the bad person that my roommate is making me out to be.",relationship,"The post discusses the poster's need for validation and approval from their family after making a decision regarding their roommate. They express disappointment and frustration when their family does not support their actions, highlighting a desire for their family's opinion to align with their own. The post also mentions a lack of good friends who are willing to provide support and advice, further emphasizing the importance of relationships in the poster's mental well-being. Overall, the issue of seeking validation and support from family and the impact of their disapproval on the poster's mental state suggests that relationships are the cause of their mental disorder."
"Serious. PLEASE PLEASE PLEASE help me to die. I am so completely absolutely fed up with living. I've no idea why I can't kill myself, please don't tell me it's because deep down I want to live, I DO NOT WANT TO LIVE. It's just I do not have the balls to override the thousands of years' of evolutionary biology that wants my genes to keep living. If I could get the balls to do it then I would, I'm just a coward I guess. Please please, tell me how can I kill myself, without pain (as I'm a coward). I'm in England so I have no gun. I haven't the balls to jump or hang myself. I think drugs is probably the best choice, but I'm scared of causing pain (as I said I am a coward), how can I do it peacefully, I've searched and search on the internet but every reply to every post is just more of the same; don't do it, your worth so much more etc. etc. I've heard it all before, please just help me die. Thank you.",alienation,"The post expresses extreme despair and a strong desire to die. The poster describes feeling trapped by evolutionary biology and lacking the courage to overcome it. They also express frustration with receiving the same messages of worth and value from others, indicating a sense of alienation and disconnection from a support system. This overwhelming feeling of isolation and hopelessness suggests that alienation is the cause of the mental disorders in this post."
"Hi all.
This is my first post on reddit even though I've used it for quite a long time and I haven't even made a single comment, either. The reason for that is because I've got severe cyber anxiety (scientifically discovered yet or not). Despite having many ideas and experiences to share online, the fear of being attacked, mocked, insulted or looked down prevents me every time. Like many of people here, I've also got social anxiety and depression, accompanied with a naturally boring personality, which make it nearly impossible for me to make friends and maintain relationship. In my secondary and high school, I used to have a number of close friends who valued me, wished me a happy birthday every year and even gave me small birthday presents but not anymore since I went to college and suffered from depression for the first time. I didn't contact them anymore so they probably thought I lost interest in them and let me go too, while it was just my depression which kept me from maintaining relationship in my life. Throughout these years, I've only got groupwork mates, fake friends (been bullied and stabbed in the back by them) and some regular acquaintances, all of whom don't care to be my close friends inspite of my kindness and will to be friends with them. Yesterday was my birthday and I planned to turn the internet off that day because I didn't want to stare at the truth that no one would care about me, no one would wish me a happy birthday although they all got notification of it on SNS. Today, I turned on the internet trying to trick myself that today was just another regular day, no birthday ever happened in order to hurt less but it was in vain. Like previous years, no notifications of any birthday wishes from anyone, even one college friend who treats me quite well (but he probably doesn't consider me a worthy friend, which I've felt so far).
I'm not the type to show my misfortune and vulnerability to anyone beside my parents because I'm really scared to be laughed at or attacked, it took me much of my courage to share it here for I couldn't keep it in my chest any longer. I didn't intend to make it this long at first. I have longed for someone's empathy even if it comes from a stranger on the internet because I need to feel that I'm still connected with the world, to feel that someone still considers me a human being with the need of being cared for, not an unworthy person for anyone to give a sht like I've been. Although I have wanted to take my life and nearly attempted to do it many times, I couldn't do it because I've still got my parents who love me. Maybe in the future after they've left me, I might do it but not now, so I need a reason to keep going.",relationship,"The post mentions several factors related to relationships that contribute to the poster's mental disorders. They mention having severe cyber anxiety and fear of being attacked or mocked online, which suggests a fear of negative social interactions. The post also mentions social anxiety, depression, and a difficulty in making and maintaining friendships, which indicates a sense of loneliness and isolation. The poster shares their experience of losing close friends after going to college and experiencing depression, further highlighting the impact of relationship-related stress on their mental well-being. Additionally, they express a longing for someone's empathy and a need to feel connected and cared for, which suggests that their mental disorders are influenced by a lack of positive relationships and support."
"It's been a few months since she broke up with me. She gave me hope when she left that she may be willing to try things again down the road. I've worked on myself and matured a lot since then. I really believe she would be happy with the changes. 

I recently reached out and she said she wasn't ready to see me yet. I still have some hope because it sounds like she could be ready to see me eventually. I'm going to give her more space. I'm willing to be patient because I love her so much. But that doesn't mean waiting is easy, especially since I don't have any certainty. I still miss her and think about her everyday. It hurts. I try to distract myself with a lot of different things, but my mind always comes back to her. 

I'm not really looking for advice. I just wanted to get things off my chest because things haven't been easy for me.",relationship,"The post discusses a recent breakup and the poster's ongoing feelings for their ex-partner. They mention hoping for a reconciliation and working on themselves to improve the relationship. The post also expresses feelings of pain, missing their ex-partner, and constantly thinking about them. These factors all contribute to the idea that the mental disorders mentioned in the post are related to relationship issues."
"My depression feels like an overwhelming heavy-ness depleting the motivation, confidence and happiness of my former self. I know all of the ways to fight depression by eating, sleeping, drinking water, meditating well. But majority of the time I can't get myself to do any of those. Smoking pot gets my thoughts racing now on how I continue to fuck up. Continue doing what I Know makes me unhappy. I can't explain it in person. My work is being effected my health is being effected. Idk what to do. Idk who I am. I feel worthless. I feel disconnected. It's like a nightmare clenching onto my dreams. They're screaming to be seen while being taken over by shadows. I have so many plans I must see through but I can't and it fucking sucks. I'm sorry if this isn't appropriate Idk how reddit works I'm just really going downhill and needed to at least write.",alienation,"The post mentions feelings of depression that are impacting the poster's motivation, confidence, and overall happiness. They mention being aware of various strategies to fight depression, such as taking care of physical health and practicing meditation, but they struggle to implement these strategies. The post also mentions the use of marijuana as a coping mechanism, which may be exacerbating their negative thoughts and feelings. The poster expresses a sense of disconnection and feeling lost, as well as feeling like their dreams are being overshadowed by negativity. This suggests a sense of alienation and disconnection from their own sense of self and their goals, which is likely contributing to their mental disorders."
"I happened upon this site: https://www.technologynetworks.com/neuroscience/news/sleep-deprivation-effective-as-an-anti-depressant-for-nearly-half-of-depressed-patients-291910

Even before I found this info, I noticed that when I miss a night's sleep, I get less 'me', that is, sad, afraid and ashamed. It's like a part of my inhibitions goes and my brain is too focused on task at hand to torment me with my usual existential and emotional angst.

What do you think?

Disclaimer: this is by no means an encouragement to do this on your own. Talk to your doctor first, to see if it won't exacerbate your symptoms.",alienation,"The post mentions the poster's experience with sleep deprivation and how it affects their mental state. They describe feeling less sad, afraid, and ashamed when they miss a night's sleep, suggesting that the lack of sleep provides temporary relief from their usual existential and emotional angst. This indicates a sense of alienation from their emotions and mental state, as well as a potential coping mechanism (albeit not recommended) to alleviate their distress."
The last person i had and loved with all my heart i pushed away.. now im all alone.. i cry waking up and going to bed every day hating myself and wishing i could re do everything.. my spontaneous actions causing evident consequences i ignored at the time haunt me everyday and i was hoping with time everything would get better.. but being alone its just getting worse i think about her everyday.. i have no more energy to do anything and have no pleasure doing things i enjoyed beforehand like going out.. i nees help..,relationship,"The post mentions pushing away someone they loved and feeling alone as a result. They express feelings of regret and self-hatred, as well as a loss of motivation and enjoyment in activities they used to enjoy. The post also indicates a desire for help. These symptoms suggest that the cause of the mental disorder is related to relationship issues and the loss of a loved one."
"I just had my 28th birthday January 2 and leading up to it, on it and since my anxiety has been on a whole new level which for me is really saying something. I’m having mini “episodes” of depersonalization and panic attacks thinking how I am 28 years old and I’ve been this way for as long as I can remember so what real hope do I have of changing. Turning 30 and being like this horrifies me and honestly I think if I’m still like this by then I might have to end it as much as I don’t want to die, I don’t see the point in going on like this. But rly if I’ve been like this since I was a kid and I’m 28 now how in the hell is it reasonable to think I could change my brain and actually improve. I look at ppl I know from high school my age already married with houses and kids or kids on the way and I want to throw up at how pathetic my own life is and how feeble I am. The lives these ppl lead my own age traveling all around the world and I can barely make it through a day at work just to get home and collapse into my bed feeling like I just ran a marathon and then got hit by a truck because of the never ending physical nature of this disease. I had an uncle that killed himself years back and my 32 year old cousin killed him self last year. It scares me that this runs in my family especially since I can honestly say that both my uncle and cousin were doing much better than I am at my age both at least had families and were functioning, so what hope is there for me?",alienation,"The post mentions experiencing high levels of anxiety, depersonalization, panic attacks, and feelings of hopelessness about changing their situation. The poster compares themselves to others their age who are married, have houses and children, and lead fulfilling lives, which adds to their feelings of inadequacy and alienation. They also mention a family history of suicide, which exacerbates their fear about their own mental health. This sense of isolation and disconnection from others, as well as the belief that their struggles are inherent and unchangeable, points to alienation as the cause of their mental disorders."
"I'm thinking about getting some help and Have a few questions on what to expect if I did. I'm also in the UK if that helps.

If I were to go and see a GP and they prescribed something, how much would they usually prescribe? Is it a large amount of medication? Does it state whether they are anti-depressants usually?

Also if i were prescribed medication would I be asked to attend a follow up appointment at some point? If so how often?",none,"The post does not mention any specific factors that could be contributing to the mental disorders. The poster is simply asking questions about what to expect if they were to seek help for their mental health, without providing any specific information about their symptoms or experiences. Therefore, it is not possible to assign a specific cause label from the given list."
"Today is my day off and all I’ve done is move from my bed to my couch. When I’m not at work, I’m constantly laying in bed and sitting on my phone. It’s been like this for years. I don’t know how I’m not 400lbs. 

My best friends fiancé killed himself recently and I told myself I needed to seek therapy soon because I’m afraid of doing the same to my family. 

It’s easy to say I’ll go, but hard to actually do it.",relationship,"The post mentions the recent suicide of the poster's best friend's fiancé, which indicates a significant relationship loss and trauma. The poster also expresses fear of potentially harming their own family and a desire to seek therapy. This suggests that the mental disorders and lack of motivation described in the post may be related to the impact of the traumatic event and the challenges they are facing in their relationships."
"My therapist tried to introduce a breathing method to reduce anxiety, which I am sure works. For real normal people. He was saying things like ""If you breathe when you are stressed you'll be able to feel happier and less afraid"" ""But I don't really think I feel any emotions other than fear..."" ""Well my job isn't to make you happy, it's to help you deal with your anxiety"". ""But I don't feel those emotions...that won't help me..."" Useless. They don't understand or care. 

Ignoring all of this, for the sake of argument lets ignore the fact that human life doesn't matter. Who are they to say we don't have the right to death? Why do they get to decide that? Why do they get to say that? 

I am not a human. I am a husk. A shell. Those methods will not help me. Therapy is just a waste of money, don't do it.",none,"The post does not suggest that the mental disorders experienced by the poster are caused by bias or abuse, job-related stress, medication-related side effects, relationship issues, or a sense of alienation from others."
"I bought myself a late christmas gift(even though I didn't deserve it as I wasted another year). Doesn't really matter what it is - it was broken. I could just get a refound from the store, but I couldn't make a call, instead sit in my room and cryed like a bitch.

I feel like shit now.",alienation,"The post mentions feeling like they don't deserve a gift and wasted another year, indicating a sense of self-judgment and dissatisfaction. They also mention being unable to make a simple call to get a refund and instead crying in their room. This behavior suggests a sense of isolation and disconnection, as well as low self-esteem, which likely contribute to the individual's feelings of alienation and mental distress."
Why are you so sad they said... Whats wrong they said...,none,The post does not provide enough information to determine a specific cause for the poster's sadness or what may be wrong. The lack of additional details or context makes it difficult to assign a specific label from the causes list.
"I’m at the point where I’m past sadness
I just feel empty or hollow.
I go through the motions of life everyday but I’m not present .
I’m supposed to be getting better but I’m becoming something much worse and I live in my head all the time. I can’t care about anyone anymore and I certainly don’t care about myself. I’m only still alive because I know my family wouldn’t take it well and it would be selfish of me to put this pain on them. I just don’t see the point in trying anymore",alienation,"The post describes feelings of emptiness, hollowness, and detachment from daily life. The statement ""I live in my head all the time"" suggests a sense of disconnection from others and the world around them. The post also mentions a lack of care for oneself and others, indicating a feeling of alienation and isolation. The poster expresses a lack of motivation and a sense of hopelessness, suggesting that their mental disorders are being caused by a deep sense of alienation."
I also like to put my blankets in the dryer sometimes before bed and pretend I'm not alone.,alienation,"The post suggests that the poster uses a coping mechanism of putting blankets in the dryer to simulate warmth and comfort of being with someone else. This indicates a sense of loneliness and a desire to not feel alone, which is consistent with feelings of alienation."
"I've called my best friend with best wishes on New year eve. We're living 8hs ride from each other and we see very rarely. Anyway when I called him he told me I saved his life becasue he was about to kill himself. I'm depressed for 6 years and after therapy AND on meds myself but there is one major differece between us. He was(Is) drug additct i was not. Im calling him every single minute I can get. And here's my question. How can i convince him into rehab/further therapy? He's also on meds but they dont seem to work because of drugs. 

Ps. Hope you're all safe and making progress.
Pss English is not my native langueage",medication,The post mentions the poster's experience with depression and being on medication themselves. They also mention their best friend's struggles with drug addiction and how medication doesn't seem to be working for them. The concern for their friend's well-being and the desire to convince them to seek rehab/further therapy indicates that the cause of their mental disorders is related to their friend's drug addiction and the ineffectiveness of medication in their case.
When will I find someone  who’ll love me forever and ever,relationship,The post explicitly mentions the desire to find someone who will love them forever. This indicates a longing for a romantic relationship and suggests that the cause of the mental disorder in this post is related to relationship issues.
"That is one of my rare social outings. I am in my 40's and have social anxiety among other things. Never been in a relationship. I don't go out of the house much except for my work and running my needed errands. Prefer being at home but also wish I had the desire to go out and enjoy myself. I mostly live a lonely unfulfilling existence. Hate New Years, hate birthdays. Hate anything that makes me realize time is moving forward and I am not.",alienation,"The post mentions social anxiety and a lack of social outings, indicating that the poster feels alienated from social situations and experiences difficulty in forming relationships. They express a desire to enjoy going out and a dislike for occasions that remind them of the passing of time, further highlighting their sense of alienation and disconnection from others."
"I feel absolutely stuck in my life. That’s one of the major depressive thoughts I have. I want things to happen. But I can’t even get myself to do anything out of the ordinary because I’m petrified of change.
I want things to change. But I’m afraid of things changing.
What the fuck is wrong with me?",alienation,"The post mentions feeling stuck, having depressive thoughts, and being afraid of change. These feelings of being trapped and fearful of change indicate a sense of alienation from one's own desires and goals. The poster is unable to make changes or take actions towards their desired outcomes due to this fear and self-doubt. This sense of alienation and disconnection from themselves is likely contributing to their mental disorders."
No matter how low you feel ( I've been low for years now ) just try and find the light that's there! Life is a precious gift and we can get through this we all can! Just have hope and faith in yourself. Trust me I know that's hard I never listen to my own advice. I just want you all to know anyone reading this if you feel down like I do or just want someone to talk about your problems to im here! I know I posted something saying I wish I was dead the other day but that's the depression talking!! Anyone message me I'm here.,alienation,"The post mentions feeling low for years and struggling with depression. The poster also expresses a desire to connect with others and offer support, indicating a sense of loneliness and a longing for connection. This sense of alienation and disconnection from others may be contributing to the poster's mental health struggles."
"Since my middle school I've developed a ,,mask'' to hide my feelings. When I go out to school or with my friends I ,,put it on'' and pretend to be ok. Even in home I wear it to hide myself from my parents and sister. Only at night (00:00 or 1am) I put it off. Then I cry and memories about hate return. I hate myself. Everything I do. I don't know what to do because I don't know who I am now.",alienation,"The post mentions wearing a ""mask"" to hide their true feelings and pretending to be okay when they are not. They also mention wearing this mask at home to hide from their family. This suggests that the poster feels alienated and disconnected from others, as they feel the need to hide their true self in order to fit in or avoid judgment. The post also mentions feelings of self-hatred and confusion about their identity, further indicating a sense of alienation and disconnection."
"Last year had been pretty rough for me. Mostly it's the crippling depression and anxiety I'm struggling with, there were ups and downs and I'm surviving. Though recently I've felt like there were a lot of good things happening in 2017, that 2017 was actually a pretty good year.

I decided to spend my night alone in my room because I need a rest from spending my nights with meaningless distractions. Basically just gonna have a nice sleep at 10pm after writing a resolution letter for my future self. 

But boy I'm still widely awake by now. Now I'm alone, no one seems to care about me, not even my family. I don't have any friends. My eyes are super red right now. 

I wanna die.

All the good thoughts from this past week had gone suddenly. I thought I was safe.",relationship,"The post mentions struggling with depression and anxiety, which are mental disorders that can be influenced by various factors. However, the post specifically highlights feelings of loneliness and lack of support from family and friends. The poster expresses a sense of isolation and despair, stating that no one seems to care about them and that they do not have any friends. These relationship-related issues, along with the sudden shift from positive thoughts to thoughts of wanting to die, indicate that the cause of the mental disorders in this post is related to relationships."
"This year especially. I joined a D&amp;D group this year trying to make friends but they all don't like me or idk because none of them want to be friends. Anyways, they've been texting each other in our group chat (which we have when we need to ask questions like find out if everyone is good to play on our set days) for the past few days about having a New Years party. Everyone but one person said they'd be up for it (the one person was busy)...but they never asked me. They asked everyone else. Never mentioned me, asked how I was, if I could make it, if I wanted to come...nothing.

Party is tonight. Early this morning (like 1-2 am), I get a text from the DM asking about my back (I threw it out a while ago and have been in constant pain), I was thinking ""oh ok this is where he asks if I'm coming.""...yeah no. Just asked about my back, I said it was slightly better since I've been resting and he said something like ""Oh that's good.""...that's it.

And still no one asking about me in the main chat.

It hurts being excluded like that. I can only assume they did it because I don't drive, thus I can't really get to said party or get back home without someone else driving me...but they could at least offer or ask why I've been quiet or anything! It's the thought that counts...just them thinking about me would have made it easier.

This is just cruel. I'm not looking forward to our next game when I have to be around them...",relationship,"The post describes the poster's feelings of exclusion and hurt due to their D&D group not including them in their plans for a New Year's party. They express their disappointment and longing for the group to think about them and include them. This sense of being excluded and feeling left out in social situations can cause mental disorders related to relationships, such as feelings of loneliness, rejection, and low self-esteem. Therefore, the assigned label is relationship."
"I really consider suicide, i really have no strength to fix things. I keep crying all the time because I'm so hopeless! I just want to end it forever. It's so hard to keep my happy face. I don't see the point of living this way, I want out...",alienation,"The post suggests that the poster is feeling isolated and hopeless, considering suicide as an option to escape their current state. They mention crying all the time and feeling like they have no strength to fix things. This sense of alienation and despair is likely contributing to their mental disorders and thoughts of suicide."
"The last few years of my life have been really difficult for me. I've been dealing with a couple sexual assaults that all happened during the last 5 years. And its just really bad timing because these past few years were supposed to be me learning how to adult and shit. So instead of learning how to cook chicken or graduate college, I've been sleeping a lot, smoking weed. Trying, failing, and succeeding at coping.

Anyways. My parents do everything they can for me, but they have their own problems too and they aren't the most educated or successful people in the world (career and finances- strictly speaking). So sometimes I get a bit frustrated with them. So a couple weeks into December, and my mom tells me I have to sign up for healthcare because they are dropping me from their plan. I applied quick, but I guess since it was so close to the deadline and lots of others are doing the same, the state still hasn't followed up with me. (I was notified that I qualified, and that the next step would be to wait for a rep to contact me). 

My therapist will be back from vacation next week and I've been hanging on a thread without her. But I just realized that I might not be able to have an appointment with her if I don't have health insurance.

So right now I'm kind of in a pre panic attack state. Typing this all out kind of helped in a weird way. 

Thank you for listening, I hope it makes more sense than I think it does.",bias or abuse,"The post mentions experiencing multiple sexual assaults in the past few years, which indicates a history of bias or abuse. The poster also mentions frustration with their parents and their own financial struggles, suggesting that they may have experienced additional forms of bias or abuse within their family or social environment. The mention of panic attacks and the need for therapy further indicate the presence of mental disorders resulting from these traumatic experiences."
"I can't stand to do anything else. I always have to distract myself with these fantasy worlds. I hate everything else. I hate being alive. I want to kill myself. I can't bear to do this anymore. My life is just one distraction after another. Everything else makes me too anxious. Too many wasted opportunities, too much wasted time, and too much bullshit in my past to make my future at all worthwhile. I feel so trapped.

I can't wait until New Years. I don't remember ever spending a New Years with anyone.",alienation,"The post expresses a strong sense of disconnect and isolation from others. The poster mentions constantly needing to distract themselves with fantasy worlds and hating everything else in their life. They express feelings of wanting to kill themselves and feeling trapped. Additionally, they mention never having spent a New Year's with anyone, further emphasizing their feelings of loneliness and alienation. These feelings of disconnection and isolation suggest that the cause of the mental disorders in this post is alienation."
"About two months ago I started working my first retail job at a grocery store chain, and everything was fine until they decided to move me to a different department that I can't stand being in, as well as changing my hours completely. Most people say that the front end isn't that bad, but it is for me. They won't let me move somewhere else, so I decided I wasn't going to deal with it, and ghosted instead of giving a two week notice like you should do.

I've been lying this entire week about going to work, and instead I've been reading books on mental illness at my public library and staying there until my ""shift"" is over. My mom wanted to know my shedule for next week, and I showed her that it was empty, meaning they fired me, but I didn't tell her that and she thought they were just giving me the week off, which is an impossibility in retail. 

I start college in two weeks, and now I won't have a paycheck coming every week, but I can't bring myself to care all that much. I noticed I've been much more reckless when driving by myself lately, too. I almost got T boned after leaving the library yesterday and felt nothing. No fear. Just nothing. 

I wish I could work at the library, it's usually quiet around there...",jobs and career,"The post clearly states that the poster is experiencing distress and dissatisfaction related to their job. They mention being moved to a department they can't stand, having their hours changed, and feeling trapped in a job they dislike. The poster also mentions lying about going to work and instead spending time at the library reading books on mental illness, indicating a negative impact on their mental well-being due to their job. The post also mentions feeling reckless when driving, possibly indicating a lack of motivation or care related to their job situation. Therefore, the cause of mental disorders in this post is related to the poster's job and career."
"All of my life I've struggled to fit in, which coupled with lots of stress and anxiety drove me to depression. I was incredibly lonely, spending my days sleeping and staring into a screen.

This year gave me hope though, I met the most amazing girl imaginable - intelligent, funny, sweet/kind, romantic, sexy, same interests, everything I've ever wanted. She was the first girl I've ever dated, someone who actually saw me as something other than the ugly, awkward guy. I actually planned to kill myself around that time, but it all went away after that. I was the happiest guy in the world. 

That all changed though after she suddenly attempted suicide a few weeks ago. Now all she does is push me away when I try to be there for her (going as far as to dump me) and refuses to see anything beside the negative no matter how much I try to reassure her. She's like an entirely different person now, definitely not the same girl that told me she loved me every night. Meanwhile, I'm even worse than I was before. 

It's already enough that depression ruined *my* life, but now it's destroying the person dearest to me and there's nothing I can do to stop it. Fuck everything.",relationship,"The post mentions a history of struggling to fit in, stress, anxiety, and depression, which suggests pre-existing mental health issues. However, the focus of the post is on the poster's relationship with a girl who they describe as their first meaningful romantic connection. They mention that this relationship brought them hope and happiness, but after the girl attempted suicide, their relationship changed drastically. The girl pushes the poster away, dumps them, and has a negative outlook on life. This sudden change in the relationship and the girl's mental state is causing distress for the poster and exacerbating their own mental health issues. Therefore, the cause of the mental disorders in this post is related to the tumultuous relationship and the emotional impact of the girl's mental health struggles."
"It isnt because i am told the whole time im playing games to kill myself. It is because i used to think that I dont need friends i have plenty on the internet. I have lost most of those ""friends"" that i had when i said that but now i only have 2 or 3 and i am lonely and wish that i would just die but i cant bring myself to do it.",relationship,"The post mentions experiencing negative comments and bullying while playing games online, which suggests a negative relationship or interactions with others. The poster also mentions feeling lonely and wishing to die, indicating a lack of supportive relationships and possibly a sense of alienation. This suggests that the cause of their mental disorders is related to their relationship experiences."
"Apparently, my issues are too much for medications and therapy to handle.  The doctors have no further suggestions but ECT.  It's not really scary like many believe it to be, but for some other reason I'm scared as hell to have it done.  I don't really know what else to do though.  I'm sick about it.  I'm sick about everything.  Does anyone have any experiences with it?",medication,"The post mentions that medications and therapy have not been effective in addressing the poster's issues, and the doctors have only suggested electroconvulsive therapy (ECT) as a possible treatment option. The poster also expresses fear and uncertainty about undergoing ECT. This suggests that the cause of the mental disorder may be related to the lack of effectiveness of medications and the anxiety surrounding the prospect of ECT as a treatment."
"I've been content with the idea of seeking professional help for a while now. I've been really pushing for it for the past couple years, actually. But seeing the forms makes it feel so *real* now, I just started crying. On one hand, I'm fucking relieved that I finally get to go. On the other, I feel so bad about myself because of how much I *need* to go. How do I not burst into tears when I go in for my first appointment? Because I'm thinking that I might. What if my mind goes blank and I can't speak? How did you guys deal with this?",alienation,"The post suggests that the poster has been contemplating seeking professional help for their mental health for a while, indicating a sense of alienation and disconnection from others. They mention feeling relieved but also feeling bad about themselves for needing to go to therapy, which suggests they may be experiencing self-judgment or a fear of being judged by others. They also express anxiety about the first appointment and potential difficulties in expressing themselves. All of these factors point towards a sense of alienation and the fear of not being understood or accepted by others."
"I have never felt so bad, I'm feeling like going to the bathroom and poisoning myself instantly since I'm finally brave enough to kill myself.
I have no one, Fucked up my future, disappointed my parents and family (many times), I'm useless and all I do is, is to waste space.
Got no one to talk to except some good internet friends, I might finally kms now.",alienation,"The post mentions feeling alone and having no one to talk to except for internet friends. The poster expresses feelings of worthlessness and disappointment in themselves, which suggests a deep sense of disconnection and alienation from others. This sense of alienation and lack of support is likely a contributing factor to their suicidal thoughts and mental distress."
All day I feel overwhelmingly hopeless. The idea of doing this for even 20 more years is terrifying. Im going to be alone forever. Im going to keep making people's lives worse. Im going to keep failing at everything I do. Im ready to go. Im ready to jump off a building.,alienation,"The post suggests a deep sense of hopelessness and despair, as well as a feeling of being alone and isolated. The statements about being alone forever and making people's lives worse indicate a belief that they are disconnected from others and unable to form meaningful relationships. The mention of wanting to jump off a building suggests a desire to escape from this sense of alienation and despair. Therefore, the cause of mental disorders in this post is likely related to a feeling of alienation and disconnection from others."
"I’ve been dealing with depression for five years and I’m honestly sick of the crappy grades I get. I’m currently in high school and I just want to get better grades, but dealing with mental illness makes it seem impossible",jobs and career,"The post mentions dealing with depression and feeling frustrated with the low grades they are receiving in high school. This suggests that the poster is experiencing difficulties with their academic performance, which is likely related to their mental illness. The mention of wanting to get better grades indicates a desire to succeed in their education and future career, making the cause of their mental disorders related to their current job (being a student) and academic pressures."
"Welp, I made it to 2018, these past few months have been absolutely terrible yet filled with many good memories, and I've met new people and made new friends too. Things are looking okay so far, I'm talking to a sweet and kind girl that I hope I can have a future with, and I've found something to be excited about. That something being music, specifically Metal and Dungeon Synth. I've also gathered a bit of energy and motivation and can hopefully use that to lose weight and learn some instruments. Hopefully things stay this way, because I'm still a sad fuck and any little thing can send me back to where I was a couple nights ago. Lonely, crying, and wanting to scatter my brains around my room because I felt like a worthless angry fuck. Well, I still feel the same but it isn't as bad as it was then. Man, I really hope I can improve this year, I don't want to make it my last.",relationship,"The post mentions several positive experiences and goals, such as meeting new people, making new friends, talking to a sweet and kind girl, and finding excitement in music. However, the poster also mentions feeling like a sad and angry person, feeling lonely, and having thoughts of self-harm. This suggests that despite the positive experiences, the poster is still struggling with their mental health and has a need for improvement in their relationships and emotional well-being."
"I have been having some things happen to me which I think might be related to depression. The only thing is that I am not sad and don’t have self confidence problems either, but have some other things which sound like depression.

I have noticed or been told things about myself recently that I don’t feel are consistent with me in the past. My feelings are dulled, I talk in somewhat of a monotone (people tell me, I can’t hear it), and sometimes I don’t make any facial expressions so people think that I don’t like them when I really do. Often I will be in a social environment and people will say my name to pull me out of a kind of thoughtless trance where I stare off into the distance with a blank mind, I never remember it starting, just being pulled out of it by someone else. I sometimes get asked if I am high when I am stone cold sober.

I have also been having some weird thoughts, like to jump off of a balcony to my death, or violent ones like to stab someone with a knife I am holding or to crash my car on purpose. (I don’t want to do either of these things, I will just get a thought like “do it, stab them in the neck” or something) I would like to emphasize that I am not suicidal or even unhappy at all. Sometimes I look in the mirror and something looks off about me that I can’t put my finger on, I look like someone else. Also different people often ask me “are you ok?” This bugs me because I am always ok, do I have a weird look on my face or something? I never hear them ask other people that, what is wrong with me, it makes me think that I am mentally challenged or something and everyone has been told except for me. There might be more stuff but I can’t remember.

All of this stuff has happened in the past year, maybe because of stress? I am a 19 year old male, moved away to college this year so big life change but these things were happening before then also. Help/suggestions much appreciated.


TLDR: I think something is changed with me",none,"The post does not suggest that the poster has experienced bias or abuse, job-related stress, medication-related side effects, relationship issues, or a sense of alienation from others as contributing factors to their behavior. Although the post mentions a big life change of moving away to college, it does not specifically mention any difficulties or stress related to their job or career. Therefore, the assigned label is None."
"Just read an article saying that the president-elect will undo many executive orders his first day in office. I'm positive this will include DACA, which means I will lose my work permit. 
Just thinking about having to go back to my birth country is stressing me out so much. I don't want to leave my home, the U.S. 
This announcement and so many things that have happened in my life just seem like signs that I don't belong in this life. I've been holding onto a bit of hope for the past 7 years, but I see that things just get worse. 
I wasn't sure if I would make it to 2017, but now I'm 99.9% sure I won't make it to 2018.",jobs and career,"The post mentions the potential loss of the poster's work permit due to changes in government policy, causing significant stress and a sense of not belonging. The post also mentions feeling hopeless and expressing thoughts of not wanting to live. These feelings and thoughts are likely a result of the uncertainty and fear of losing the ability to work and remain in their current home country. Therefore, the cause of mental disorders in this post is related to jobs and career."
"I'm 13, and I'm asking about what my future will be like with my depression after I move out. Can any older people tell me about living on my own with depression?",medication,The post mentions the poster's current experience with depression and their concern about how it will affect them in the future when they live on their own. The mention of medication suggests that the poster may be seeking advice on how to manage their depression with medication while living independently.
"23F here. I have depression that comes in waves, and then recedes after maybe 6-9 months, with no warning and for no apparent reason. This has been going on since I was 18.

During these lows, I get suicidally depressed. I see the world through an incredibly negative filter until nothing seems to matter much at all. I often doubt that reality is even real sometimes, I feel so detached.

Since nothing matters and I kinda plan on maybe killing myself soon anyway, I tend to lose my inhibitions. I tend to feel so much pain that I can't expend energy pretending to be happy or living up to society's expectations. Nothing matters, and Devin's a prick, so I'm going to tell Devin he's a prick, consequences be damned! 

My depression is receding again and I am cringing at the things I did when life seemed to have no purpose. I am now having to pick up the pieces of what I destroyed in my depressive period- I'm a straight A student outside of these lows, but fail most classes during them. Next semester I plan to graduate with my Bachelor's, but I'm going to have to work hard to make up for lost time to even get above a 2.0.

Over the last few months I have cried in public, at work...I have snapped at people- depression tends to make me extremely mean. I always suspect people hate me and have bad intentions...my own grandmother, an angel on Earth, took me shopping, and I was totally pissy the entire time. This is partially because depression makes me feel physically horrible, exhausted and headache ridden constantly, but I still feel like an awful person.

While not depressed, I drink like a sane person. While depressed, I give up on moderation completely and drink as much as I want whenever I want. Tuesday at noon? Let's get blackout drunk! There is no God anyway!

Yeah, I showed up at Thanksgiving very visibly hammered, to dinner with my extended, religious family that doesn't drink. Before my depression started to melt, I just shrugged at how horrifyingly taboo this is. WHO CARES IF THEY'RE JUDGING ME? I'M BEYOND HOPE ANYWAY!!! HATE ME LIKE YOU ALREADY DO!!!

Yeah, my lows are VERY low.

Now I'm back to the outgoing, relatively high achieving, sane human being that I am half of the time and it's like waking up the morning after drinking realizing how horrible and embarrassing all of your actions the night before were.

Am I the only one who has experienced this?",medication,"The post describes the poster's experience of depression that comes in waves, with no apparent reason or warning. They mention feeling suicidally depressed during these lows and having a negative perception of the world. These symptoms are consistent with clinical depression. The poster also describes losing inhibitions and engaging in self-destructive behaviors during their depressive episodes, such as snapping at people and drinking excessively. They mention feeling physically horrible and having constant headaches and exhaustion during these times. The post suggests that medication may be necessary to manage the symptoms of depression and stabilize the poster's mood and behavior."
I just need a little advice on dealing with this transition into single life,none,"The post does not indicate any specific reasons for the mental disorder. It simply states that the poster is seeking advice on how to handle the transition into single life. Without any further information about potential causes such as bias or abuse, job-related stress, medication-related side effects, relationship issues, or alienation, it is not possible to assign a label to the cause of the mental disorder in this post."
"I’m trying to get out of my depression and bought a couple of self help/ motivation books to help me. I thought it would be easy filling out the answers but the first to-do was “list the things you do that make you happy”. And when it all came down to it, all my answers were either things that give me validation (love or praise) or things that are fun but don’t truly make me happy (talking to friends) or things that just give me comfort (staying in bed / no responsibilities). I don’t even know what really makes me happy...",relationship,"The post mentions the poster's struggle with depression and their attempts to find self-help and motivation through books. The poster expresses difficulty in identifying things that truly make them happy, instead listing things that provide validation, comfort, or fun but not genuine happiness. This suggests a potential underlying issue with the poster's relationships and their ability to derive genuine happiness from them."
I genuinely don't know what to do. I get excited every time I get a notification. I'm tempted just to go put gas in my car and drive around so I don't have to think about how little people want me around,alienation,"The post suggests that the poster feels unwanted and lonely, as they express excitement at receiving notifications and a desire to drive around to avoid thinking about how little people want them around. This indicates a sense of alienation and disconnection from others, which is likely contributing to their mental distress."
Its been a bad day.,none,The post simply states that it has been a bad day without providing any further information or context that would suggest any specific cause for the mental disorder.
Im looking for someone who wants to talk about their problems and hear mine.,alienation,The post suggests that the poster is looking for someone to talk to about their problems and listen to their own. This indicates a sense of isolation and a need for connection with others. The desire to have someone to share and discuss their problems with implies a feeling of alienation and a lack of support or understanding from the people in their life.
"I've got an obsession with time, so much so I think I'm losing my mind. I don't really know if it's because I'm depressed or not, but just today I quit my job because wasting away for a full 8 hours a day feels like I'm being enslaved by corporate juggernauts.   

Monday through Friday it's Wake up, bathe, dress, eat. Drive an hour in backed up traffic to get to the job responsible for this life sucking routine...Shit, I'm 10 minutes late. Boss is gonna threaten my lively hood for such a simple mistake.    

""Stop crying, at least you get paid. You should be grateful for those hours and all that money you made"".  

Yeah that's what my parents say. I can understand the reason but I just don't see it that way. Dress the part, smile and Kiss ass at a job that you hate in hopes for a promotion, 4 years go by and that door still hasn't opened. I hate it. I'm looking at the clock and its 2:28 AM, I've been up all night drinking and thinking about the day life ends. Hopefully soon.    

I'm only 25 yet It feels like I've reached the end of the line. Life is just a constant struggle of standing in line and trying to survive. No girlfriend, kids, friends, a broken family. It's just me, myself and I and Mrs. Brandy. I've contributed nothing to society and why should I? Society has given me nothing but pain and disdain for everything around me.    

Some stupid motherfucker gets in front of a camera and shows the world how stupid they are for 5 minutes. Now all of a sudden they have millions and have the fucking balls to say that they started a business!? Yeah society loves that shit. Hitting subscribe, follow, retweet, Keep feeding and endorsing it. I went to school, college, got a job and in the end I'm just another nobody with nothing to show for it. That shit gets to me.  

I feel uneasy posting this, not out of fear. I just don't usually share my problems, because hell nobody cares. Don't try and tell me things will get better, I'm past that. I've accepted the fact that most of us are destined to be trapped like rats in a maze for some sort of sick experiment. No matter what route you take there is no exit....except one. I've taken way too long to type this shit. It's 3:30am and I got work at...nevermind I forgot. Guess I'll just go to sleep.",jobs and career,The post discusses the poster's feelings of being enslaved by their job and the routine of their daily life. They express frustration with their current job and a lack of purpose or fulfillment in their career. The poster also mentions feelings of hopelessness and thoughts of wanting life to end. These statements indicate that the cause of the mental disorders in this post could be attributed to the dissatisfaction and unhappiness related to their jobs and career.
"There's something so derpressing about dedicating a 'celebration' about a massive chunk of time passing. Even worse when you know you have to start the new year still depressed! Last year was so shit and i was happy to put it to bed but then when I was out I realised that I'm still going into the new one the same... 
I think nye is so hard and I hope some of you on this subreddit did have a nice time! 
Here's to 2018, hopefully the year of change!",alienation,"The post mentions feelings of depression and disappointment surrounding the new year celebration. The poster expresses a sense of disconnect by mentioning that they hope some people on the subreddit had a nice time, indicating that they did not have a positive experience themselves. This sense of alienation and feeling like an outsider can contribute to their mental disorders."
"Hey r/depression.
I am in therapy (although very irregularly due to financial restrictions) and I have loving friends and family members yet I do not know how to ask for help.
I saw my therapist last week for the first time in a few months (I was doing absolutely awful during those) and pretended like everyhing is okay. I have talked to her about my issues before and she even helped me find a psychiatrist.
My friends and some family members also offer support and repeatedly tell me that I just need to hit them up if I need help. Because I feel like I'm just a burden on everyone who has ever interacted with me before I never do so.

How the hell do I get over myself and actually ask others for help? What would I even say? I can't just walk up to someone and go ""I want to die and I feel like I am unable to cope with just existing.""

tl;dr not able to ask for help because I feel like I annoy everyone. How do I get over this issue?",alienation,"The post mentions feelings of being a burden on others and not wanting to ask for help because of the fear of annoying people. This suggests a sense of alienation and a lack of connection with others, which may be contributing to the mental disorders experienced by the poster. They specifically mention struggling with asking for help and feeling unable to cope with their existence, further indicating the presence of alienation as a causative factor."
"Earlier this year my uncle was looking for someone to work for him. The job was very interesting to me. It's the kind of job I was truly interested in. Long story short I needed to go to school for a course that took 4 months to work for my uncle. Once I was done with the course my uncle told me he had already found someone else.

But here's the thing. He's the one who found the course and told me to go and do it. I was so ready for the job and I feel so frustrated that I did the course for basically no good reason. It really felt like my golden ticket for a better life and now I can't find a job anywhere.",jobs and career,"The post mentions the poster's frustration and disappointment with their uncle's actions regarding the job opportunity. They express feeling ready for the job and having completed a course specifically for it, indicating that the post's mental disorder is related to their job and career. The post also mentions feeling frustrated about not being able to find a job anywhere, further emphasizing the impact of their job situation on their mental well-being."
"It's not going well. Failed business ventures. Midlife crises. Parents at the end of their respective lines and ready for the trash bins. Siblings being beaten by their terribly scripted lives. 

I am having a hard time relating to anyone anymore about anything. I am always trying to fix it all, and I am always failing miserably, after all this time and all these years. 

It's always the same thing. It's like a funny story I have told too often. I still find it funny, but I don't laugh any more.

I liken it to having a serious head cold that won't go away. It pounds like mad and all I can do is hope it runs its course. And, it never runs its course.

The real irony, however, is as worthless as I feel, I still can't help feeling lonely.",relationship,"The post mentions multiple stressors in the poster's life, including failed business ventures, midlife crisis, and difficult family situations. They express a sense of not being able to relate to others and feeling like a failure in trying to fix things. This suggests that relationship issues, such as strained family dynamics and a lack of connection with others, are contributing to the mental disorders described in the post. Additionally, the post mentions feeling lonely despite feeling worthless, indicating a desire for emotional connection and support from others."
"Over the past few years of depression, my bedroom has begun to look like an episode of the Hoarders TV show... Thankfully without the bugs. Most of the mess was me just not doing laundry. My cleanliness standards were such that I didn't do laundry more than once a month, but still refused to wear dirty socks and underwear.

So, being the high functioning depressive that I am, I would frequently buy new socks and underwear as I ran out and febreez my jeans and shirts between washes.

The underwear took care of itself as I also gained a shit ton of weight and threw stuff out as it no longer fits, but...

This week I'm doing laundry. I'm trying to clean my room (ugh). I've done 5-6 loads and I'm still not done. I have so many socks I can fill an entire basket with *just* socks.

Has anyone else found themselves in this situation? How do you cope?

TL;DR: I kept buying socks while super depressed. Started doing laundry and now have a fuckton of them. Wat do.",jobs and career,The post mentions a history of depression and hoarding behavior in relation to the poster's bedroom. They discuss their cleanliness standards and how they would frequently buy new socks and underwear instead of doing laundry. They also mention gaining weight and throwing out clothes that no longer fit. The excessive sock collection and the need for advice on how to cope suggest that the cause of mental disorders in this post is related to the poster's job and career. The excessive sock buying and hoarding behavior may be a form of coping or self-soothing in response to job-related stress or dissatisfaction.
"https://imgur.com/a/VxDwF

So, I was rummaging through my folders to organise them since they're a mess. I found some things - On the left, is a note my mum mailed to me at the start of my first year of Uni as she knows how homesick I was, even though it had only been about 2 weeks since I left home. 

On the right, is a cute birthday card that my little brother made for me. (Spider-Dan is another nickname of mine) in it, he thanks me for being the best brother he could have and drew a picture of himself and I fighting against a monster whilst I was super saiyan.

Seeing these two items instantly made me burst into tears. I just sat here crying, feeling completely broken. Guilty of the way I feel and how I want to die, knowing I have family that loves me. I don't want to be a disappointment to my mum, I want to make her proud of me. I don't want my sister and little brother to lose their big brother. I want to look out for them both and be there for them.

It can be so hard to carry on. Everyday I wake up not wanting to be alive, but I don't show it. I don't care about myself anymore. However, maybe things such as this are a reason to at least try.",relationship,"The post mentions the emotional reaction to finding a note from the poster's mom and a birthday card from their little brother. They describe feeling broken, guilty, and wanting to die despite having family that loves them. They express a desire to make their family proud and be there for them. This suggests that their mental disorders are influenced by their relationships with their family, specifically feelings of guilt, pressure, and a lack of self-worth."
"My life is so monotonous...
I wake up, go to school, come home and play video games, sleep and repeat. 

The only enjoyment I've had my winter break or the past few years is when I get high with hydrocodone or other pills. Haven't left my house to do anything in years. (Besides school which is hell as well.) No one ever texts me or care s so I dont see the point in living anymore! I'm tired of being alone, unhappy and worthless. The best part is I'm currently out of pills which is the only thing that is making me feel somewhat good. I guess a gun will have to do 

""Suicide all in my head, Why the world don't care about no one else's life till they already dead""",medication,"The post mentions the poster's monotonous and unhappy life, as well as their reliance on medication (hydrocodone or other pills) to find enjoyment and relief from their negative emotions. They express feeling alone, unhappy, and worthless, and even mention suicide as an option. The use of medication as a means of escape and the negative emotions and thoughts expressed suggest that the cause of their mental disorders in this post is related to medication use and dependency."
"Everyone on here he keeps telling me to get help. I think I have borderline personality disorder but I heard doctors don't like people with bpd. Im scared they will just call me crazy or put me on pills that make me sleep or make my hair fall out. 


I'm too scared to go to therapy. I don't like talking to people about my problems.",relationship,"The post mentions the fear of doctors and therapists potentially stigmatizing them or prescribing medications with unwanted side effects. It also expresses a general discomfort with talking to people about their problems. This suggests that the poster's mental disorders may be influenced by past negative experiences or a lack of trust in relationships, particularly in the context of seeking professional help."
My brain is maybe telling different but I can't believe it. I don't believe that anybody on this world can be real friends with me. Maybe some do but I can't trust in it. I can't trust anybody and nothing.,relationship,"The post mentions a lack of belief in the possibility of having real friends and a general inability to trust others. This suggests that the poster may have experienced past relationship issues or traumas that have led to a sense of distrust and difficulty forming close connections with others. Therefore, the cause of mental disorders in this post is related to relationships."
"2017 for me was the equivalent of putting a load of expensive and high-end ingredients into a pot, cooking it, and having it taste rancid in the end. I had such great experiences and growth this year, but it feels like it hasn't given me the fulfilment I really want. I can't really tell this to anyone I know, since they'll think I am ungrateful or spoiled. My friends think I have everything going great for me, but those persistent nagging thoughts don't seem to agree. Anyone else feel this way or can relate?",alienation,"The post suggests that the poster feels disconnected from their friends and unable to openly express their true feelings. They mention that their friends think they have everything going great for them, but the persistent nagging thoughts they have don't align with that perception. This sense of feeling misunderstood and unable to share their true emotions can lead to a sense of alienation and contribute to mental disorders."
"I've been putting it off for a long time, because I've always questioned the validity of the field, but I think maybe it's time. Time to talk to someone who knows how to respond, and hear me blabber on my meaningless bullshit.",relationship,"The post mentions a desire to talk to someone who knows how to respond and listen to their thoughts and concerns. This suggests a need for emotional support and a relationship with a therapist or counselor who can provide that support. The post also mentions questioning the validity of the field, which could suggest some skepticism or hesitancy about seeking therapy, but ultimately the poster recognizes the importance of having someone to talk to about their thoughts and feelings."
I stopped when I got pregnant but I had to weigh the risks. I haven’t been myself in months. I’m miss having hobbies. I miss enjoying my old hobbies. Nothing appeals to me anymore. Nothing brings me joy. And I’m tired of feeling this way.,medication,"The post mentions the poster's change in behavior and lack of enjoyment in activities since getting pregnant. They also mention not feeling like themselves and feeling tired of the way they are feeling. This suggests that the changes in their mental state could be related to hormonal changes during pregnancy, which may require medication to help manage the symptoms."
"I wonder about this a lot. On one hand, depression is absolutely horrible and I often wish it away. On the other, would I be who I am today without it? I know that if I didn't have depression, my self identity would be entirely different. 

How does depression shape you to be who you are, and do you think it's for the better or worse?",none,"The post does not suggest that the poster has experienced bias or abuse, job-related stress, medication-related side effects, relationship issues, or a sense of alienation from others as contributing factors to their behavior. The post is more philosophical in nature, discussing the personal impact of depression on identity. Therefore, the assigned label is ""None."""
"I can't really explain what's up with my mind, but today I sent everyone my final goodbye to them, the way they behaved makes me want to die more, now I am determined to do so",alienation,"The post mentions feeling misunderstood and mistreated by others, leading to a desire to die. This suggests a strong sense of alienation and disconnection from others, as the poster feels that their experiences and emotions are not validated or understood by the people around them. This sense of alienation is likely contributing to their current mental state and the desire to end their life."
"I've personally thought about it -- several times a week when times were bad, and each time it was ruled out as a non-viable solution. I do, however, consider it an option on the table if circumstances call for it. 

The issue I want to address is the stigma on suicide.

I know people that have been clinically depressed for decades, and I've watched them take no joy out of life. Why prolong it if you've been dealt a shitty hand? Is society being selfish in wanting to see that people can change for the better just to affirm its own views of the world? The mere mention of suicide brings throngs of people trying to ""help"", and often instilling false hope. Will we ever ever say, ""yeah, it's a shitty situation. Offing yourself is probably the best option.""

There is no cure for clinical depression, and I bet those who eventually do kill themselves were dragged through the mud before they did it, effectively prolonging their suffering. 

If time is an endowed right, each of us should have the freedom to choose what we do with it. If your friend had been served a bland dish, would you ask him or her to try to savor the ""silver lining""?",none,"The post mentions considering suicide as an option and discussing the stigma surrounding it. However, it does not mention any specific causes or factors contributing to the individual's mental state. While there is mention of clinical depression and a critique of society's response to suicide, there is no clear indication of bias or abuse, job-related stress, medication, relationship issues, or alienation as the cause of the mental disorders being discussed. Therefore, the assigned label is ""None."""
"The only social media I use often are Youtube and Reddit. I have a Facebook account, but there are no pictures or info and I don't go on it often. I gave in and was curious about what people were posting on New Year's Eve...and I immediately regretted it. Most people were posting their 2017 highlights and boy did they make me feel worthless. One that really got to me was the one who posted about their engagement, moving into their own place together, graduating college, traveling, etc. I just broke down crying for 10 minutes straight after reading her post. 2017 for me was a blur. I cannot give you any highlights of my life because there weren't any for me. Just a lot of crying and regrets. I have no friends or social life, so it's really hard for me to do anything eventful. I just sit in my room alone trying to pass time with the internet. I hate it so much. It is ironic with me because I hate how much technology has advanced (social media wise) and how people are always on their devices nowadays, yet when you look at me .. I am doing what I hate other people doing. Sometimes I feel like if I grew up in the 80s, my life wouldn't be so bad. I wouldn't have a computer, phone, etc to occupy me so I would not feel tired or useless and instead put effort into making friends. 

To anyone who read this, thank you so much. I don't post on here very often and just wanted to feel less alone by interacting with you all (since I am of course not doing anything exciting for new years). Happy New Years to you all regardless. Hope you guys have/had a better day than me.",relationship,"The post mentions feeling worthless and experiencing intense emotions after reading about other people's achievements and highlights on social media, particularly regarding relationships, engagements, moving in together, graduating, and traveling. The poster also mentions a lack of friends or social life, spending most of their time alone in their room with the internet. This suggests that the poster's mental disorders are stemming from feelings of loneliness, isolation, and inadequacy in comparison to others' perceived societal achievements and relationships."
"Does anyone else find that they’re suicidal only when they’re alone? I am entirely dependent on others (mainly my fiancé), in the sense that I can’t be alone. “Can’t” meaning I very quickly spiral down.",relationship,"The post mentions feeling suicidal only when alone and being dependent on others, particularly their fiancé, for support. This suggests that the poster's mental disorder is directly related to their relationship and the fear and instability they experience when they are alone."
"Hey everyone, I've been lurking for awhile now and since its 2017, I want to start fresh. 

2016 was my lowest point and I still feel so lonely and depressed. I've been seeking happiness in someone and it just seems like she is getting colder and colder. I just feel so lost and there seems to be nothing I can do. Some days I just feel so unloved after trying so hard to start a conversation with her. I should be happy since I have all I need but I just feel so depressed and horrible. 

But anyways how do I love myself and find happiness with me or from within? How do I finally find a way to not rely on others for the key to happiness? 
Thanks for the reply in advance.",relationship,"The post mentions feelings of loneliness, depression, and seeking happiness in someone else. The poster feels lost and unloved, indicating a reliance on others for their happiness. They also express a desire to learn how to love themselves and find happiness from within, suggesting that their mental disorders are related to their struggles in relationships and their dependence on others for their emotional well-being."
"I have had very similar thoughts and feelings, although nothing bad has ever happenes to me so Ive never known why.  Also I find it funny that this thread was started on my birthday.",none,"The post does not provide any specific information or indicators that suggest bias or abuse, job-related stress, medication-related side effects, relationship issues, or a sense of alienation as contributing factors to the poster's thoughts and feelings. Therefore, the assigned label is None."
"Now I can feel at least a little bit happy.

Let's wait and see if I'm going to win the whole war against them, though.",alienation,"The post indicates a sense of being in conflict with someone or a group of people, referred to as ""them."" This suggests a feeling of alienation and opposition from others. The poster's statement about waiting to see if they will ""win the whole war"" further suggests a perception of being separate from and opposed to others. This sense of alienation and opposition may be contributing to the mental disorders indicated in the post."
"**Trigger warnings for probably everything.**

For me, 2017 has been the shittest year for a while. It can go fuck itself. 

So, for one night only. I'm going to get drunk and direct all of the vitriol and negativity I usually spend on myself, at an entire year. From January to December. It can all get fucked. All of the darkest thoughts I have about me and others. For tonight, they're all for you, 2017.

I hope you'll all join me in posting the nastiest things you can think of about yourself or anyone. And direct it at 2017. Tonight, it deserves it more than you. Normal self-loathing service can be resumed tomorrow. It's gonna get dark.

* 2017, I hope you die in a house fire.
* 2017, if you ever have kids. I hope they get abducted.
* 2017, I hope you get not-quite terminal cancer in all of your toilet-parts and then get hooked on painkillers and end up selling your arse for heroin money as your family and friends look on and laugh.
* 2017, I hope all of your loved ones die in a car crash.
* 2017, you're not worthy of kindness.
* 2017, you deserve nothing.
* 2017, I hope you get pregnant and both you and your baby die in labour.
* 2017, I hope your dog stops loving you.
* 2017, I wouldn't piss on you if you were on fire. In fact the only time I'd even consider giving you any fluids is if you were in a burns unit, burnt from head to toe. I'd have a wank on you. And that's only if I had AIDS.

Lastly, fuck you, 2017. In a few hours you'll be dead. And I'll still be here. Even though I don't really want to be. I still beat you. And that counts for at least ...something. Probably. Maybe.",none,"The post does not mention any specific causes or factors related to mental disorders. The content of the post suggests intense anger and negativity towards the year 2017, but does not indicate any other underlying causes such as bias or abuse, job-related stress, medication-related side effects, relationship issues, or a sense of alienation."
"I'm here to share my feelings. What does it mean when you get a sudden pang of sadness that refuses to leave n leaves you wanting to cry for now reason?  I've googled it and it's given me three reasons 
1. Hormonal imbalance. 
2. Anemia.
3. Depression. 

Let me tell you a bit about myself. 
I'm Li, female, 20 years old. I've had my fair share of ups and downs in life. I was in a bad relationship for almost a year before I found the person I actually wanted to be with. But the situation in which I got into a relationship with him was rough you could say.  You see he was my best friend and I didn't want to loose him. He'd liked me for almost 2 years at that time and I knew I'd loose him forever if I kept him waiting.  But know I'm very happy I did because it's the best thing that ever happened to me.

The person before him, was the worst choice of my life, but not the first worst choice.  I've made two wrong choices in life that I regret. 

1. My ex. Initially all was fine and I liked the time we shared together. My feelings started to get strong until I was stuck in a place where I thought I couldn't be able to live without him. But sadly his feelings were the total opposite. As time went by he started losing interest. He did cheat on me, three times. I was stupid to keep on giving chances to him. He knew I was all his and maybe that's why he started taking me for granted. And that's when things got bad. I know I'm not a good person and I've done some things too but I'm sure I was all loyal.
He started getting abusive. 

Valentine's Day '14. I was 16. We lived 6 bus stops away and it took time to get to him. Traffic made it take even longer . When I got there he was pissed because I took so much time. He grabbed me by the arm and started calling me names i'd gotten used to at that point. We walked until we reached darker and empty streets. We didn't talk to each other. We held hands. His grip was tight, squeezing my fingers together. We reached a house that looked like it was empty. All the lights were out. It wasn't his house, just a random house. We went in through the gate and to the side of the house so that it hid us from the main road and from any neighbouring house. Basically we were hidden from the world.  He started kissing me hard. His hands were on my shoulders. I was pinned to the wall. I tried to move but he was heavier than me, even though he was as skinny as a stick. I was uncomfortable. I didn't kiss him back. He got pissed, called me a slut, said I was cheating on him. The usual. Then it came. The first slap. It was hard and sudden and unexpected. I didn't know what was happening. I was crying at that point. My mouth was shut with his hand. His other hand moved down. Kissing me on my neck Now, biting and sucking . I'd had enough I wanted to go home. I told him to stop. I'd had enough, I kept telling him to stop. He didn't. But I didn't stop.  He got irritated I guess or IDK. Came more slaps. And a final push to the wall. And he walked away.. 
I didn't know my way back home, my way to the bus stop that would take me home. I was alone. My heart was crying. I found my way back, went home. Texted him again and again apologizing. I thought he hated me I thought he'd break up. I couldn't bear that idea. I was in a bad place.",bias or abuse,"The post mentions a history of abuse and a traumatic experience in a past relationship. The poster discusses physical abuse, including being slapped and pushed to the wall, as well as emotional abuse through name-calling and manipulation. This history of bias and abuse within a previous relationship is likely contributing to the mental disorders mentioned in the post."
"For the sake of brevity, I will not go into too many details here, but here are the basics.  Over the past few years, my mother's mental health has deteriorated drastically to the point of suicidal.  It is now at the lowest point and she has tried multiple times to commit suicide.  She had health insurance for when she had her double mastectomy early in 2016 but my father quit paying for it.  If she had health insurance, the doctor said she would have been put straight into inpatient care but instead she was urged to go to outpatient.  This is just not a possibility with her at this moment.  There is no way she is capable of going to get help herself and I do not know what else I can do.  I do not have much money as I am currently a college student.  I do not know exactly what are my options to try and get her some help and it has been difficult finding the right path to get her some help.  If anyone knows of a way to get some low cost options or even just a general direction for me to look, it would be much appreciated.  I am really struggling here because I can not give her the full time care she needs to get better.  Thank you for listening and have a Happy New Year.",relationship,"The post mentions the poster's mother's deteriorating mental health, including suicidal thoughts and attempts. It also discusses the lack of health insurance and the difficulty in accessing appropriate care. The poster expresses their struggle in finding options to help their mother and their inability to provide full-time care. This indicates that the cause of the mental disorders in this post is related to the strained relationship between the poster and their mother, as well as the lack of support and resources available for her mental health."
"My mom who's 57 years of age has fallen into depression. A choice I made that involved who I want to spend my life with has really hit her hard (girl from different culture). For a very long time she's had her views on things and it was very hard to convince her otherwise but I'm scared that the depression this time is really getting to her and might shorten her life. This is the last thing I want. I love her to death I don't want to force her to accept any decision I make I just need help in trying to get her out of her depression. We've tried as a family to get her to go to the doctor but failed. She's always been creative and outgoing but since we talked about my decision, she's barley left the house, gained weight, and is in constant anger. I don't know what to do and to add to all of this I'm not there with her. I live away from my family and that's made it even harder. Any advice would be appreciated. Her cultural background is Arab if that helps at all.",relationship,"The post mentions the poster's mother falling into depression after the poster made a choice regarding who they want to spend their life with, specifically mentioning that the girl is from a different culture. The post also mentions the mother's change in behavior, including not leaving the house, gaining weight, and experiencing constant anger. The post expresses concern for the mother's well-being and asks for advice on how to help her. These factors indicate that the mental disorder is likely caused by the strained relationship between the mother and the poster, specifically related to the cultural differences and the impact of the poster's decision on the mother's emotional state."
"Besides my therapist, the only person I really open up to in a serious way is my best friend. Only one out of my tons of friends. For everyone else, I only talk about depression in a comedic manner, making jokes about it and laughing. I do that because I feel I’m supposed to be the fun one in the group, and while I think I am (I always make them and myself laugh), if I get super serious they’ll either make fun of me, stop being my friend, or get super worried and tell someone. I don’t want any of those to happen.

Anyway, back to my best friend. Since she’s the one I’m serious with, I constantly talk to her about things that bother me, my true feelings, and how suicidal I am. I’m starting to feel like I’m being a nuisance, constantly talking to her about these dark things. She doesn’t need to hear all of that. She pities me, as do all of my other friends. I really don’t want to annoy her with how much I’ve been telling her.

Recently, she even said that she feels very depressed, and she’s been talking to me about it. She never mentioned me doing anything to make her feel like that, but I feel like I was a part in it. My texts probably affected her a lot. It hurts to think that, but I feel that’s the truth. Anyway, sorry about how long this was. I could go on and on about this, so I hope you understand.",relationship,"The post discusses the poster's limited ability to open up to others about their depression and suicidal thoughts. They mention that they feel the need to maintain a comedic facade with their friends in order to fit in and avoid judgment. However, with their best friend, they feel comfortable discussing their true feelings and struggles. The poster expresses concern about burdening their best friend with their issues and worries that their depressive texts may have negatively impacted their friend's mental health. This indicates that the main cause of the mental disorder in this post is related to the weight of the poster's relationship and the fear of being a burden on their best friend."
"I have no happiness in my life at all, I try and distance myself emotionally from my family because it's easier that way than feeling guilt and them not understanding. Not even music or tv shows give me a moment of happiness I just feel disgust and more sadness. It would just be better if I died

Usually I use music and tv as a coping mechanism In trying to destruct myself but it's not working anymore and I'm scared at this point",alienation,"The post mentions a lack of happiness in the poster's life and their attempts to distance themselves emotionally from their family. They also mention that music and TV, which they typically use as coping mechanisms, are no longer providing any happiness. This indicates a sense of alienation and disconnection from both their family and their usual sources of comfort. The poster's feelings of disgust, sadness, and fear further suggest that their mental disorder is likely caused by a sense of alienation and isolation."
"I've gone up to a higher dosage of Abilify and I've been taken off my sleeping pills because I tried to kill myself with them. I'm on some antihistamine for night time anxiety and it works pretty well, but my days are still hell. I just wanna be sedated and not feel a thing.",none,"The post does mention medication (Abilify and antihistamine) and suicidal thoughts, suggesting that mental disorders may be present. However, the post does not provide any specific information or context regarding the cause of these mental disorders. Therefore, the assigned label is ""None"" as there is not enough information to determine the cause."
"I'm so fucking stupid.  I should've kept pretending like everything was ok.  I finally opened up to 2 of my best friends about how I've been suicidal recently.  They got really upset and started telling me how selfish that is, and they're right.  I knew they've both dealt with suicidal thoughts before, and it was insensitive to bring it up around them.  Since then they stopped talking to me.  I've never felt worse about myself and dealing with it alone isn't helping.  At this point I'm ready to die.  I'm failing out of school, I can't start a relationship, my autism is getting worse, and I won't even have a place to live next month when I turn 18.  My one reason for not ending it already were the few friends that I did have, but now they're gone too, so I don't have a reason to stay alive anymore",none,"The post suggests that the poster is experiencing multiple difficulties in their life, including suicidal thoughts, failing school, worsening autism symptoms, and the loss of friends and housing stability. While medication may be a helpful treatment option for individuals with these challenges, it is not explicitly mentioned in the post as a cause or factor contributing to the mental disorders described. Therefore, the assigned label is None."
"It seems like I was put into a family and city I don't belong in.  So of course I tried to move around to find the right place but since it was right after highschool , I never found a good enough job to sustain myself, so I came home and went back to school.

I've been back half a year, got straights As, and was pretty proud of myself.  The hardest part for me is that I can't find a job, even though ive tried.

Holidays are over, everyone's back to their own life , and I get hit with the backlash.  Saying I'm useless and lazy because I'm not a working and productive person in the world.  My dad basically told me I was a loser and if I'm not working by tomorrow I'm out of the place.  Being told your useless , a loser, losing your place to live, for something you are working for , is a horrible combination to hit someone struggling with anxiety and depression.

This time tomorrow Ill be homeless, and I don't have basically any friends from moving back, so I have no one I can turn to now but my own head is driving me into a downward spiral .

I have been doing good depression wise.  Doing the right things and the next best step, but now I have lost all motivation to even open my eyes. The past 2 days have been me waking and falling asleep crying knowing tomorrow I have nothing and no one, and contiplated ending it . Tomorrow im terrified because once it happens I know I'll loss all hope.

If anyone can send any sort of encouragement it would mean everything.  Thank you all.",relationship,"The post mentions feeling like they don't belong in their family and city, and their struggles to find a job. They also describe the negative backlash and criticism they receive from their father, who calls them a loser and threatens to kick them out. This emotional and verbal abuse from a family member, combined with their current situation of being on the verge of homelessness, is likely causing significant mental distress for the poster. They mention struggling with anxiety and depression, as well as feeling a loss of motivation and contemplating ending their life. These factors suggest that the cause of their mental disorders is related to their relationship with their family and the current state of their living situation."
"I’ve (24m) been suffering from depression for about the past three years and nobody but a couple of health care professionals know this about me. Maintaining my image is rough. I’m in excellent physical shape, on track to a “successful” future, seemingly happy, and I get along with everybody. People have no idea that working hard in the gym, school and work is just the way I cope. I throw myself into any type of work I find to keep myself so busy I can’t think about how unhappy I am. I don’t really have any close friends, I hate my family, I haven’t been intimate with a girl in 6 years, and i just feel like a complete outsider everywhere I go. I fantasize about awesome ways I could die (eg die trying to save a baby in a burning house) so people don’t think of me as another victim to depression. I guess I just really hate feeling people’s sympathy. I refuse to be seen as a victim and it’s what keeps me going despite the complete lack of joy I have in life.",relationship,"The post mentions feeling like an outsider, not having any close friends, hating their family, and not being intimate with a girl in 6 years. These factors contribute to a sense of loneliness, isolation, and dissatisfaction in relationships. The poster also mentions fantasizing about ways to die so that people don't see them as a victim of depression, indicating a strong desire to avoid sympathy and maintain a certain image. These relationship-related issues, combined with the desire to cope through work and maintaining a certain image, suggest that the cause of mental disorders in this post is related to relationships."
I cannot handle this,alienation,"There isn't enough information provided in the post to definitively determine the cause of the mental disorder. The post simply states ""I cannot handle this"" without any further context or details about the specific situation or factors contributing to the inability to handle it. Therefore, assigning a cause label based solely on this vague statement is not possible."
"Every time you try to be happy, it's fleeting. Like the man trying to roll a boulder up a mountain and he never gets it to the top. You try to fill your ballon. Try to be happy. Than somebody with their needle pops it. I get tired of my balloons popping. Happiness is fleeting with bubbles popping. Wish I could make one ballon and protect but I know it will splatter from needles and pins. Had to get this off my chest.",none,"The post does not suggest any specific cause for the mental disorders described. It discusses the feeling of fleeting happiness and the frustration of having that happiness repeatedly disrupted, but it does not mention any specific factors such as bias or abuse, job stress, medication, relationship issues, or a sense of alienation that may contribute to these feelings. Therefore, the assigned label in this case is ""None."""
"I feel nothing.

I have been feeling like this for a long time. Sometimes I feel happy, sometimes I feel sad, but for the most part I don't feel anything at all. I think the last time I cried was probably 10 years ago.

Two days ago I was watching Bojack Horseman, and one of the episodes hit me for some reason. It was in season two, when Bojack started crying outside the library. Something clicked with me and I started crying too. I was crying for 10, 20, 30 minutes. I just sat there and cried. In silence, alone. I don't know why, but after I stopped, I was happy. I don't think I've ever been so happy before. Sadly, this whole thing lasted only for a brief moment and before long I was back to the cycle of emptiness.

Since then I've been trying to find something to get me into that state again, but nothing even comes close. Sad songs. Rick and Morty. People talking about their life. Nothing. I just sit there and there is nothing coming out of me at all, like an empty bowl. I don't know if ever I will experience that feeling again. I hope I will.

I don't know why I'm typing this.",alienation,"The post describes a consistent feeling of emptiness and an inability to feel emotions, except for a brief moment of happiness when the poster cried. They mention trying various things to recreate that feeling, but nothing comes close. This suggests a sense of alienation and disconnection from their own emotions, as well as a longing to feel something again. The lack of emotional connection and the search for a specific feeling indicate that the cause of their mental disorder is related to alienation."
"Honestly 2016 has been a pretty shit year. Being a gay 17 year old, with no father, moved halfway through high school and stuck inside his own mind with depression is awful.

Lately I just feel like I have no friends or value in this life. Everyone who I thought I was close with no longer speak to me and Idk what I've done. I'm stuck in the middle of Nebraska too. I'm from the northwest and I'm stuck in buttfuck nebraska. I just feel so alone and worthless and I just wish I had someone to talk to and I just wish I loved myself cause I've hated myself for the past 7 years and not a day goes by that I don't overly criticize myself. Honestly it's new years and I wish a drunk driver would hit me",alienation,"The post mentions several factors that contribute to a sense of alienation and loneliness. The poster mentions being a gay teenager with no father, experiencing depression, and feeling like they have no friends or value in life. They also express a desire for someone to talk to and a wish to love themselves, indicating a lack of connection and a longing for acceptance and belonging. All of these factors contribute to the poster's feelings of alienation, making it the assigned label for the cause of their mental disorders."
"I'm just so tired of feeling depressed all the time, and the stuff i used to have an interest in seems to be boring most of the time.

I've been feeling this for a good amount of years now because of a long story.

Have anyone else any experience with weed, because i've been smoking alot lately and helps me SO MUCH with my anxiety and the ""black and white"" look at the world(please don't tell me to stop, i know the risks)

Why is everything so fucking boring all the time, i feel like i am wasting my entire youth i'm 17, i don't see myself as an isolated nerd or anything i like to produce music on my computer.

I consider myself decent looking depending on the day, i'm not overweight nor skinny.

I'm so sick of being afraid of other people on and off all the time.

I'm a virgin because i'm so scared of girls. but when i am high i can actually speak to girls and make eye contact and just rest in myself, yesterday some girl sat right next to me on an almost empty bus, and when i wanted to go out she smiled to me, and another day i was having a fun time talking with a girl at my friends house(also high at the moment).

When i'm high i feel like i am my true self without a barrier trying to protect me from people.

Some days i am happy and i want to go out and meet people(not very often but sometimes) and other days i am literally scared of everything waiting outside my door

I am speaking with an psychologist at the moment, which is really good for me.

i am taking antidepressiv in a small dose, and i have daily suicide thoughts that i have spoking with my psychologist about.

I have nightmares almost every single night.

I don't know myself, i don't know who i fucking am!

I feel like i am missing out on all the fun

Am i missing out on my youth??

I feel completely lonely in this world even though i have some friends who care about me and i have my mom.

I'm sick and tired of being tired

I think that when people are depressed the see the world as it actually is without filter, if you know what i mean.

I have so much anger inside which sometimes lead to me getting extremely angry because of small things.

I would love to have a girlfriend, and since i'm so bad at speaking with girls, i don't know how the fuck i am going to do that

I would love reply :)

(Sorry for the bad writing, i don't want to edit everything :) )",alienation,"The post mentions feeling depressed and bored with life, which can be indicative of a sense of alienation from activities and interests that used to bring joy. The poster also mentions using weed to alleviate anxiety and a ""black and white"" view of the world, which suggests using substances as a coping mechanism for feeling disconnected or alienated. They express fear and difficulty in interacting with others, specifically girls, but note that when they are high, they feel more comfortable and able to be their true self. These feelings of disconnection and difficulty in building relationships, along with the use of substances as a way to cope, point to a potential cause of mental disorders related to feeling alienated from others."
"tonight something strange happened. 

i was out with friends, we drank a little (i had about 3 drinks in 3-4 hrs) and when we left, we decided we’d go to the closest friends’ house and continue to drink. i was by no means wasted.

out of no where my chest began to tighten and my heart started racing. at the last second, i asked to be dropped off at my parents’. i told my mom what happened and she suggested that it was an asthma attack. I’ve had asthma attacks, and this didnt feel like one (no wheezing/ out of breath)

it just feels like no matter how much i breath, i can’t get enough air. and it also feels like my heart beat is extra loud? if that makes sense. also, it’s vey uncontrollable. there was no immediate stresser, but i have been stressed about life in general lately. like what i’m going to do in the future, a job, etc. 

the whole episode lasted half an hour or so.

i also get this feeling when laying in certain positions, being too hot, and feeling too constricted. none of these took place tonight, though. is this a panic or anxiety attack? does anyone else get this??

any help is appreciated :)

add on: the feeling is similar to as if someone were holding my heart and lungs in their hands, and slowly tightening their grip. not sure if that makes sense but it’s the best way i can think to describe it",medication,"The post describes the physical symptoms of tightness in the chest, racing heart, and difficulty breathing. The poster also mentions feeling stressed about life in general and experiencing the same feeling in certain positions or environments. These symptoms and triggers are consistent with panic or anxiety attacks. The poster specifically asks if anyone else experiences this and if it could be a panic or anxiety attack. Therefore, it is suggested that the cause of the mental disorders in this post is related to anxiety and may require medication for management."
"I turn 53 in a few weeks. I feel like I have nothing left to look forward to in life. My kids are getting older and don’t really need me anymore, my body aches all the time and when I look in the mirror I see an aging, tired face.  I’m getting old.

I always get a kick out of those posters to this forum who are 18 or 21 and complain that they’ve had enough of life. They haven’t even gotten started yet. They have everything to look forward to. Their journeys are just beginning. But for those of us on the down side of the hill, who’ve seen too many things, who’ve tasted bitter disappointments, whose hearts have been broken so many times they can’t be repaired anymore, living every day can just be sad.",alienation,"The post suggests a sense of alienation and disconnection from life. The poster feels like they are on the ""down side of the hill"" and have nothing to look forward to. They compare themselves to younger individuals who have their whole lives ahead of them and express a sense of bitterness and sadness due to their experiences and disappointments. This feeling of being separated from the hope and optimism associated with youth and the future can contribute to mental disorders."
"I know this sounds really superficial, but hear me out. I was doing ""okay"" for me - for a few days/hours anyway, and I saw a Chainsmokers music video, and just wanted to kill myself again. I don't know why I do this to myself",none,"The post does not provide any information suggesting that the mental disorders experienced by the poster are caused by bias or abuse, job-related stress, medication-related side effects, relationship issues, or a sense of alienation from others. The mention of the Chainsmokers music video could imply a trigger for negative emotions, but it does not necessarily indicate a relationship-related issue."
"i see all the people celebrating, all the big lights, the fireworks, the ornaments, but none of it moves me even just a little. what is new years but just another excuse for all the sheep to get belligerent, numbing themselves from the bigger picture? ""tradition""? fuck that, there's no such thing behind it. christmas and new years are a masterclass in capitalism at work. valentines, easter, halloween, etc. are all crash courses in capitalism, but new years/christmas are the phd. it makes me sick. all these sheep spending all their hard earned loot on things they think they can't live without, which really won't yield anything of substance, only one fleeting moment of feigned happiness. is it worth it? are you so miserable that retail therapy is what you turn to to feel better for one moment? all this shit is a topical anaesthetic, never getting at the meat of it. society is so doomed. 

culture doesn't exist anymore. we're afraid of our history. on this relentless pursuit of creating a unified world we're negating our rich cultural heritages, which can be curated to leave out the negatives.

is sex really the *only* thing that matters in life? it seems it's everyones prime motive. make money. why? so you can attract cheap people who'll fuck you once they know you've got it? money is just another topical anaesthetic. might as well be monopoly money, because none of what it gets you has any real substance. the only reason you want it is so you can quench your insatiable thirst for fucking. anyone who claims sex isn't the core of it all just never got enough of it so lies to themselves, taking a fake moral high ground- fuck you. we're living in an era where plethoras of shit relationships abound. relationships formed not organically, but by way of swiping right on an app on our phones for fucks sake. absolutely repulsive, breading legions of hedonists who later in life will have to hide their pasts from their partners. ""wholesome""? what the fuck is that... a relic of a long defunct past. there's more to relationships than sex-appeal- it's those little idiosyncrasies which make you want someone in the long run; those little quirky things which make them uniquely them, which you'll never get to know just by swiping right. and even for those who don't dabble in this e-fornication, they're doing it all wrong for the most part. a great lasting relationship will only become harder and harder to find moving forward. and even those that exist, a lot of them are founded under false pretences. people are seldom honest, thinking their lies will get them ahead, but they only land you deeper in a hole. be honest with yourselves and with others. 

society today is pathetic. every single person, young or old, glued to their damn 'smart' devices which serve no purpose other than to dumb you down- perfect irony. i'm 28, but am living among hoards of technosheep instead of real humans who thrive off personal contact. it's sickening. everyone living their lives for your viewing pleasure, presenting you perfectly curated renditions of their ideal, which they'll never really have. everything is so shallow, never venturing to go beyond the surface. there might be factions of people who don't adhere to this new way of life, but fuck it, so what? it's only getting worse. 

buy, buy, buy, drink, drink, drink, fuck, fuck, fuck. 

i used to feel like an outsider-- an alien walking around this foreign planet--, but lately i feel like it's the other way around, like all these sheep are prancing around this perfect world and i'm seeing it for what it is.",alienation,"The post suggests that the poster feels alienated from society and sees themselves as an outsider. They criticize societal norms and traditions, such as celebrations and consumerism, and express a disdain for the superficiality of social interactions facilitated by technology. They also mention feeling like they are seeing the world differently from others and feeling disconnected from the ""sheep"" who conform to societal norms. This sense of alienation from society and feeling like an outsider can contribute to mental disorders."
"Okay so this is extremely embarrassing and I have been called everything under the sun from lazy to useless, I have been out of full time employment since 2013 with only one seasonal summer job as a parts driver for a helicopter company last summer. 

In my previous work place which was known as a starter company for the trade I was trying to get into I worked myself into sickness and was bullied by grown ass men into depression. This all culminated into a bad back injury from lifting a 12x12 with a coworker when the coworker slipped and I tried to compensate which made me slip a disc. I was bullied into not filling for workers comp and put on light duty for 2 weeks, this all happened around the time I was finally supposed to get my apprenticeship. Instead I was laid off, to which no one told me until I drove the hour to work but everyone seemed to know the day before. 

So this is the embarrassing part, I had a mental breakdown in my truck then drove home crying. I was so frustrated so angry. I should have gone then and there to the competitor in town and applied for a job, but I couldn't bring myself to so I took a few days for myself and started applying for more entry level trade jobs. Now if you haven't been in or tried to get into a trade, most of the time the only way your going to even get a interview is if you know someone who works for the company. Which unfortunately I was 20 at the time and just starting out, so of course I didn't know anyone in the trade. And then whole oil glut/oligarchy thing happened which made it even harder. 

So I did that for a year, had to move back with my parents, my parents gave me shit when I tried to sell my truck  and they took on the payments. I shouldn't have let them I know, it made me feel so shitty and it still does. So then summer hits and my best friends family owns a helicopter company and this was a big fire year in my province, so he asked me if I could give him a hand so I did. I wish I could still work for them, I didn't think people could be so nice at a workplace. Then summer ended and  they didn't need me anymore, so I went back to looking. Then last winter I slipped and slipped my disc again only this time was much worse and I was laid up for 6 months doing pt, getting injections and seeing a chiropractor. 

Now I've been out of work with almost nothing to show for my time for so long and I have nothing to put on my resume. I did do a few courses to try and get something but that didn't pan out. I have my h2s, csts, first aid and forklift and zoomboom tickets. I just want to live, not exist. I need work, I've tried applying for everything under the sun the past few months. Every day gets harder and harder at this point I think I should just kill myself to relieve my parents of a financial burden , and a embarrassment. I feel like such a failure, I tried my hardest I really did I swear I'm not lazy I'm trying, please I just want to be a person again. 

If you read all that, thank your for taking the time to it really means a lot to me. It's hard for me to type this out and even harder for me to hit the post button. Sorry for getting pretty emotional towards the end and also for any grammatical errors English is my second language.",jobs and career,"The post mentions a series of negative experiences and challenges related to the poster's employment history. They mention being bullied at a previous workplace, experiencing a back injury, being laid off, and struggling to find new job opportunities in a competitive industry. These experiences have had a significant impact on their mental well-being, leading to feelings of frustration, anger, and worthlessness. The poster expresses a strong desire to find work and regain a sense of purpose and identity, indicating that their mental disorders are directly linked to their experiences in the job and career domain."
"So the thing here is I stopped caring about my reputation. I care nothing about keeping a good reputation and some of my friends warned me about keeping a 'good' reputation. I seem to be the easy going and not caring kind of person, is it related to me being a girl? Is that why I have to respect everything and say that I'm good with everything other people say? Do I have to 'fake' being a polite girl? I know it's because I have different cultures but I don't feel like it's myself or me.Do I really have to change myself? Do I have to stop doing this kind of attitude? What did I do wrong here? I didn't even realised when I stopped caring about anyone or anything, it just happened. Why do I feel like crying eventhough this is just me and my stubborn ego? Am I way too rough to socialize with anyone at all? 
I know not many people will reply to this but it would be nice if I at least know if someone feels the same way as I do.",relationship,"The post mentions the conflict the poster feels regarding societal expectations for women and their own personal values and behaviors. They discuss feeling like they have to conform to certain expectations and be polite, which may be causing a sense of alienation and dissatisfaction. The post also mentions feeling like they have stopped caring about others and anything, which could indicate a breakdown in their relationships. The poster expresses a sense of loneliness and a desire to connect with others who may feel the same way, suggesting that relationship issues are likely contributing to their mental disorders."
I'm fucked. Completely fucked.,none,"The post does not provide any information about the potential causes of the mental distress expressed. It simply states that the poster feels completely messed up without elaborating on any specific factors contributing to their state. Therefore, it is not possible to assign a label based on the given information."
"Because sometimes that happens to me, and I’m wondering if it’s just a me thing, or...",alienation,"The post mentions feeling like something happens to the poster that may be unique to them (""just a me thing""). This suggests a sense of isolation and a feeling of being different or separate from others. The mention of wondering if it's just them implies a lack of connection or understanding from others, which can contribute to feelings of alienation and ultimately result in mental disorders."
"I watched The Greatest Showman the other day, and the song “A Million Dreams” made me cry so hard. It basically details the love story between the main character and his future wife. They talk about the big dreams they have, and the fact that they picture a world where these dreams come true helps them get through today.

I just kept wishing that I had someone who loved me the way they loved each other. That I could have dreams that could actually become a reality someday. That I could be someone special instead of another sad lonely person waiting for a miracle that will never happen.

I guess sometimes dreams are only meant to be dreams.",relationship,The post mentions feeling emotional and crying while watching a movie that depicts a love story. They express a longing for someone to love them in the same way and a desire for their dreams to become reality. The post also mentions feeling like a sad and lonely person. These statements suggest that the cause of their mental disorders is related to their emotions and thoughts surrounding relationships and feelings of loneliness and unfulfilled dreams.
"It seems like summer depression is relatively common here so has anything been helpful for anyone to get through the summer? I've been enjoying winter way too much, and now that it's January I'm starting to dread the heat again. I live in SoCal which makes it 100x worse.",none,"The post does not mention any factors that would suggest bias or abuse, job-related stress, medication-related issues, relationship problems, or a sense of alienation as causes of the poster's feelings of summer depression. They simply discuss their dislike of the heat and their preference for winter."
Just the thought of 2018 fills me with dread.,none,"The post does not suggest that the poster has experienced bias or abuse, job-related stress, medication-related side effects, relationship issues, or a sense of alienation from others as contributing factors to their behavior. The post simply expresses a feeling of dread towards the upcoming year."
"I've recently been going to the doctor for problems with sleeping. I have bouts of insomnia, wake up feeling like I've barely slept regardless of if I've had a decent amount of sleep and feel tired through the day. I did all the tests my doctor could possibly think of and I'm perfectly healthy. When we first started my doctor asked if I felt depressed and I dismissed it because I feel the same as always. 

Now I'm starting to wonder if it's mental rather than physical. It's been like this for a long time, sometimes better, sometimes worse. 

I looked back through a few logs I kept of how I felt when I was so tired I could barely get up to go to work, and I would often write things about feeling disconnected. I haven't thought about it for awhile, but it's still there. It's not strong or oppressive or anything like that, just sort of a general sense of being in a dream, things flow past me and nothing really matters. People stop mattering, I stop caring about stuff I love, that kind of thing. 

So I'm starting to think that maybe I am depressed, but I have a habit of self diagnosing and scaring myself. I didn't really think about it before, since I don't feel 'sad'. But it all sounds like, at the very least, there's something mental going on that's making everything messy. Maybe it's just stress? I don't know.

I think I might look into it more, talk to my doctor about it, that sort of thing. Im at the point where I don't really care what it is that's wrong, I'm just sick of feeling this way and at the very least if I know what's going on then maybe i can do something about it. 

If anyone read this I could use an opinion (I won't take it as gospel but it'd help), some support or even just tell me where to go if this isn't the right place. I don't mind either way, I think it's good to just vent sometimes to think things through. 

Thank you.",none,"The post does not suggest that the poster has experienced bias or abuse, job-related stress, medication-related side effects, relationship issues, or a sense of alienation from others as contributing factors to their behavior. The focus of the post is on the poster's difficulty with sleeping and their realization that there may be a mental rather than physical cause for their symptoms. They mention feeling disconnected and a general sense of apathy towards things they used to care about, indicating the possibility of depression. However, the specific cause of the mental disorder is not clear from the post."
"I'm 21 years old. I have aspergers syndrome and depression, I have struggled quite a lot and I want to do stuff my own way to get better (with the help from actual professionals). My mum, dad and step-mum won't leave me alone and they constantly make choices for me and it's starting to get to me. They make me feel unhappy and miserable. What should I do?",relationship,"The post mentions feeling unhappy and miserable due to the actions of the poster's mother, father, and step-mother. They express a desire to do things their own way to get better, indicating a lack of autonomy and control over their own life choices. This suggests that the cause of their mental disorders is related to their relationships with their parents and step-parent, as their constant interference and decision-making is negatively impacting their emotional well-being."
"and it is becoming difficult to stay focused. There is a loss of interest in activities I typically enjoy, a growing desire to be around/talk with friends, yet the drive to isolate is developing a storm within myself.

I am in my thirties, many worries I had in my twenties are gone (job, housing, making friends). The struggle is in the remaining challenges. I value myself by how desirable I imagine I am. I define my desirability by how needed I am in mainly non-monetary ways (i.e. work doesn't really count, though it gives me some strength). Often I find more time on my hands than others, which leads me to reach out to friends much more than being reached out to instead. My friends and family say they enjoy spending time together and we make small talk about promises to connect. Many friends and family are actually busy and may only find time to connect infrequently. I can only see/share a snapshot of our lives and our connections. This makes me feel like less of a person. I want more people (two to three friends someday day) I connect with more than quarterly or annually. 

This has been a generally positive year. This lull has been much less severe than in prior years (during the holidays specifically). The sadness is more powerful in the duration and lack of attributable events. I want a reason to be sad, to fight or deconstruct said reason and ""bounce back"" or at least have an argument against these feelings. 

The hum of daily activities continues, heavy in each moment. A white noise that slowly is clouding my routine ushering me closer to the basics of eat, work, sleep, then repeat. The fog is comforting in the simplicity of the path left for me to travel, however the path is not the direction I want. 

I want to see around me again, I want to clearly view my challenges and triumphs, and most of all I want to feel desirable again. The time it takes to push through this cycle is exhausting. I wish to rid myself of this monotonous hum that is pushing me towards isolation.

I have no real expectations of improving my situation from posting, yet I am hopeful I might be distracted for a bit by sharing. It provides a sense of value to think what I say has an impact on myself or others.  

Thank you for taking the time to read this, it feels good to imagine I am being heard. 

- 0/l",alienation,The post mentions a sense of isolation and a desire for more meaningful connections with others. The poster discusses feeling less valued as a person due to their perception of infrequent and shallow connections with friends and family. They also express a longing to be heard and to have an impact on themselves and others. This sense of alienation and disconnection is likely contributing to the mental disorders mentioned in the post.
"Ah yes. Going to bed at 10 PM without eating or taking my meds after a long day of being a terrible human being and a disappointment to everybody in my life. Living the dream in 2018, one day at a time!",relationship,"The post mentions feelings of being a terrible human being and a disappointment to everybody in their life, which suggests a low self-esteem and dissatisfaction with their relationships. This negative self-perception and the feeling of being a disappointment can be a significant cause of mental disorders, specifically related to relationships."
"I never had much friends throughout my life. Never really hang out or play tag when I was a kid. I was a obscure kid with your self-esteem. Occasionally got bullied, cried a little, didn’t tell anyone and lived on with it. I have make some pretty good friends after I grew up, they were friends I could talk with. We’re now working adults now and well, we drifted apart.
I’m at my work, have no problem with social interaction and self-esteem anymore. I feel like my life have been a performance. I fake a smile to my colleagues, to my parents but I know that I’m still that kid, wanting something more from life. I questioned myself have I ever been happy and no I have not. I feel like a failure in everything I do. Every step I take forward just spiral me deeper. I thought I could outgrow depression, but living into my late 20s, I don’t think thats possible. Maybe I just hate myself, maybe I hate society for making me this way.
The only thing that is make my life worth living is entertainment that keep my mind from thinking about my depression, pushing me onwards till I finally die.",bias or abuse,"The post mentions being an obscure kid with low self-esteem, occasionally getting bullied, and not sharing this information with anyone. These experiences indicate a history of bias or abuse, which likely contributed to the poster's current mental state, including feelings of unhappiness, failure, and self-hatred. The mention of finding solace in entertainment to escape depression further supports the notion that bias or abuse has played a role in their mental disorders."
"It happens at least twice a week:  some jerk cuts me off when I'm talking or a coworker simply ignores what I just said, and I instantly start hating on myself. ""People interrupt me because I'm a wimp."" ""I'm the only one they treat like this."" 

Anybody else?",jobs and career,"The post mentions instances where the poster is being interrupted and ignored by others, which suggests a negative experience in their workplace or career. They internalize these negative interactions and start hating on themselves, indicating that their mental disorder may be related to job-related stress and feeling like they are being mistreated or not respected in their professional environment."
"I've been down for the past few months, maybe longer. I moved away from home a year ago. I don't know if it's that I don't care enough,  but I can't seem to make any friends and it's hurting. This is my first year ever bringing in the new year alone. I'm crying just thinking about it. On to the next day and the new year. 

Happy New Year.",relationship,"The post mentions feeling down for several months, possibly related to moving away from home a year ago. The poster expresses a sense of loneliness and feeling unable to make friends, which is particularly distressing for them as they will be spending New Year's Eve alone. These feelings of isolation and lack of social connection indicate that the cause of their mental disorders is related to their relationship difficulties."
"This past month has hit me like a freight train with red-hot spikes on the front. 

A while ago, I started hooking up with this guy. He's pretty cute, he's lively, outgoing, and funny. I started getting feelings for him, but I was afraid to tell him because I was afraid of getting hurt again. But life finds a way to hurt me anyways.

We hadn't talked in a while, and it made me feel like he was done with me. It sucked, but I knew it was going to happen eventually. Conveniently at this point, my ex hits me up. We start talking about how we're doing and politics (usually not good but we both enjoy talking about it), and then I noticed that he was getting....flirty?

Eventually he asked me if I wanted to be friends with benefits. Stupidly, I agreed, fully knowing that I still had strong feelings for him and never wanted him to break up with me in the first place. A couple days later (yesterday), we planned to meet up. The time came and went, and eventually I figured out that he went on first date with someone and was starting a relationship. That really hurt, and now I'm a mess. The whole year, I've been struggling with severe depression and anxiety, and now I get to know that I was so close to to getting him back but he's with someone else now.

The whole ordeal made me realize again that love is shit, and without love, life is shit. I can't move on from my ex, and even if I could, there's nobody else for me to move to. Except the guy that I hooked up with, *who also happens to be friends with my ex.* I hit him up last night anyways, because I'm so depressed that I don't even care. 

Life in general is terrible too. Relationship woes aside, I have one good friend, and nobody else. My brain is addled with mental disorders (autism, ocd, anxiety, depression, possibly borderline personality disorder). My grades in school are terrible because I've missed weeks of it. I can hardly form meaningful connections with anyone, and even when I do, they just leave me more hurt than I was before.

It's all just terrible, and I don't think I can handle it much longer. I want to live, and succeed, and be in a happy relationship with someone that loves me. But I don't think I can. I'm too broken. All that's keeping me here is my one friend, my own fear of taking myself out, and an infinitely tiny and naive glimmer of hope that I might find my way out of this and back into someone's loving arms.",medication,"The post mentions struggling with severe depression, anxiety, OCD, and possibly borderline personality disorder. The poster also mentions missing weeks of school, having difficulty forming meaningful connections, and feeling overwhelmed by life in general. These symptoms indicate that the mental disorders mentioned are likely the result of a combination of underlying psychological factors and may require medication as part of their treatment plan."
I'll keep it simple. Can there be happiness in despair? Because I think I felt it and I want to kill off any hope that's left for me.,alienation,"The post expresses feelings of despair and a desire to eliminate any remaining hope. This suggests a sense of alienation and disconnection from others, as well as a lack of belief in the possibility of happiness. The poster may feel isolated and alone in their negative emotions, which contributes to their mental disorder."
"To keep things short I hate my life and wished I could kill myself but i cant. 

I'm 21, both parents dead, no family support, just friends, my brother abandoned me and left me out in the cold and kicked me out and cut me off because I was out drinking as a teenager. 

I just got a dui and possession of pot that wasn't mine but a kid left in my car. 

I'm on my own, and put myself thru a auto school and I'm barely doing that. 

I'm just lost in life, no one. Barely making it by myself and just screwed my life up. Luckily I have the money for a lawyer. 

But now I'm at rhe point where I hate. I just want to kill myself and think about it. But I can't do it cause I'm a pansy. I guess there's something stopping me. 

It's not easy and I've dealt with a lot for a 21 year old.",relationship,"The post expresses feelings of despair and a desire to eliminate any remaining hope. This suggests a sense of alienation and disconnection from others, as well as a lack of belief in the possibility of happiness. The poster may feel isolated and alone in their negative emotions, which contributes to their mental disorder."
"Just the idea of being able to leave this reality and just be drunk alone at home is comforting, not needing to care or be there. What is even more depressing is that I care about being of age to do this, and being able to just do it alone. Not to follow a cliche on this subreddit but does anyone else feel this way? Just wanting to hide away in being inebriated.",none,"Although the post mentions feeling comforted by the idea of being drunk alone at home, it does not suggest any specific mental disorder or a cause related to bias or abuse, job stress, medication side effects, relationship issues, or alienation. Additionally, the post does not indicate that the poster is actively seeking help or advice for their situation."
"Always when laying awake late at night. Moments of existential nihilism and realism. Realizing how shitty the whole concept of life is. And just any kind of realistic negatively in general. Usually about my personal life, and how much of a failure I am.",alienation,"The post mentions feelings of existential nihilism, realism, and negativity. The poster reflects on the concept of life and expresses a negative perception of their personal life and self as a failure. These thoughts and emotions suggest a sense of alienation and disconnection from others and a feeling of being out of sync with the world. This alienation likely contributes to mental disorders in the post."
"I went through a major depression and experienced a breakdown of sorts. Threw away a lot of awesome opportunities. While I'm back in control of my life (sort of), I feel like I damaged my reputation beyond repair, am mortifyingly embarrassed by my actions, and now feel so behind in life. Now I feel like I'm existing on the fringes of society, and if I don't change something soon, I'm going to be ""exiled"" to live a life of isolation, depression, and irrelevance.",relationship,"The post mentions experiencing a major depression and a breakdown, as well as feeling embarrassed and damaged reputation. These feelings of isolation, depression, and fear of being exiled suggest that the cause of the mental disorders in this post is related to the poster's relationships with others and how they perceive themselves in society."
I don't want to get back to school yet.... I'm got so fucking worst... I can't even sleep and in just a few hours I'll have to pretend that I'm ok and interact with people.....,jobs and career,"The post mentions not wanting to go back to school and feeling ""fucking worst."" They also mention difficulty sleeping and having to pretend to be okay and interact with people. These symptoms suggest that the poster may be experiencing job-related stress or anxiety, particularly related to the impending return to school."
I don’t want to go back to school this week. It’s hard being alone at school. It’s hard finding a place to sit at lunch or where to chill in the morning. Its hard doing group or partner work when you don’t have friends in any of your classes. It’s hard to get over a breakup when your dad doesn’t let you go out to stay busy with your barely existing friends. It’s hard when you stay at home and try to talk to your ex when you know the conversation is going to end quickly. It’s hard when you crave your ex’s company just to not feel so alone but you know it’s impossible. It’s hard knowing your friends/peers are doing just fine with you isolating yourself. It’s hard,jobs and career,"The post mentions feeling alone at school and struggling to find a place to fit in, as well as difficulties with group or partner work due to not having friends in their classes. The post also mentions a breakup and wanting to stay busy with friends, but being restricted by their father. This indicates that the poster's mental disorders are likely related to their experiences and feelings of isolation and difficulty in their school environment. These experiences may also be exacerbated by the breakup and the desire for social connection. As such, the cause of the mental disorders in this post can be attributed to the person's experiences and challenges in their school and social life, which are related to their jobs and career as a student."
"i hate how i isolate myself and then complain
i hate myself since i know what i have to do but i cant choose it because i seem to love being sad / depressed
i hate myself since i cant self harm like i desire
i hate myself since i cant go back and change what has happened
i hate myself since i put myself in these situations
i hate myself since i just hate myself

why cant i just die.. nobody would care if it happened this cruel world is sickening and i just wish i could put everyone that's made all of us suicidal on suicide watch. i hate the human race so much like i dont even know how i feel anymore all i know is sadness at the moment and pretending to be happy on the internet. like ive tried co2 poisoning for a short period of time with a towel covering my nose and mouth but i got scared and i didnt want anyone walking in on me attempting since i dont have my own room. 
i just wish i was able to do what many of you brave souls have realized on this reddit nobody understands at all and im just confused at the moment i dont even know why i wrote this but i hope you have a good new year. if you wasted your time reading this im sooo sorry please please pleaseee just try to get the time you spent on this back.",alienation,"The post suggests a deep sense of isolation and disconnect from others. The poster expresses self-hatred, a desire to self-harm, and a wish to die. They mention feeling sadness and pretending to be happy online, indicating a lack of genuine connection with others. The post also includes descriptions of attempted suicide and a feeling of not being understood by others. These feelings of alienation and lack of social support likely contribute to the mental disorders expressed in the post."
"Hey reddit

So i've decided to get myself tested for depression. Ever since i was about 13,14 (am 21 now) i've had these feeling of dread and just haven't been happy with myself. I have talked about these feeling recently with some of my mates and they all think i do have depression this also includes my EX who has tried to get me to go doctors for the last 2 years. So the reason why am posting here is too ask what i should expect from the doctors (i live in the uk) and what will change if i decided to go on antidepressants? 

Any advice would be useful am not very good at sharing my emotions unless am pissed up.",none,"The post mentions symptoms of depression and seeking testing and treatment for it, but does not indicate any relationship issues or factors that would suggest a specific cause for the mental disorder."
"and i know they all know it's today. I wished my """"""best friend"""""" of ten years a happy birthday a few days ago but clearly i misjudged how many people ever even think of me. and it isn't just this, i feel like if i never made an effort to talk to any of them they would just continue to ignore me",alienation,"The post suggests that the poster feels ignored and unimportant in their social circle. They mention wishing their best friend a happy birthday but feeling like they are not thought of by others. The statement ""if I never made an effort to talk to any of them they would just continue to ignore me"" implies a sense of alienation and a lack of meaningful connections with others. This feeling of being ignored and unacknowledged by their friends contributes to a sense of alienation and potentially leads to mental disorders."
"So many problems would be solved. So many desires would be fullfilled. I don't even want to be rich, but not having to worry about money would be wonderful.

Everyday I wake up and think about the things I am not allowed to  have or experience because I'm poor. Everyday I think about the things other people take for granted, that I don't have. Everyday I think about the moments I tried to get out of this hole, only to be shot down by things completely beyond my control. Everyday I break more and more.

When will this almost infinite vortex of suffering end?",alienation,"The post emphasizes the poster's feelings of being limited and excluded due to their financial situation. They express a sense of frustration and hopelessness, as well as a constant awareness of the things they cannot have or experience because of their poverty. This suggests a feeling of alienation and disconnection from others who are not in the same financial situation, and a sense that their suffering is ongoing and unending."
"https://puu.sh/yQQgn/cb578f3293.mp4

Part of the ""Once more with Feeling"" Musical Episode from Buffy the Vampire Slayer, which partly is about her being depressed.",none,"The given post is a link to a video and does not provide any personal information or expressions of mental disorders. Therefore, it is not possible to assign a label as the cause of the mental disorders in this particular post."
"I am the Batman 
I am the Batman
I am Suicide 
And I don’t care what’s left behind. 

All but shadows, dark and grim.
Loneliness and words so thin.
Would dying really be a sin?

But bones must break.
And souls of evil 
Mine are to take

I am the Night
I am Vengeance
I Am Batman",none,"The post does not mention any specific factors that could contribute to mental disorders such as bias or abuse, job-related stress, medication-related side effects, relationship issues, or a sense of alienation from others. The content of the post is a poem that appears to be expressing the author's identification with Batman and their thoughts on loneliness and vengeance, but it does not provide any indication of a cause for mental disorders."
"Over the past year I've lost the majority of my friends. It started off with a health issue that I obviously couldn't prevent, which somehow made me lose most of my friends in high school. I then thought I was alright as I still had a couple of very close friends. I was outgoing, and some other people still seemed to like me. But almost immediately after graduation everyone stopped talking to me. And now in college I still feel so upset and bitter about my high school experience that I don't know how to open up to new people. I'm quiet, introverted, and can't connect with the people I meet. I've met a ton of seemingly great people that right after meeting me escaped becoming my friend. So now I'm lonely in college, my depression is creeping back up after years of carefree happiness, and I've taken to the Internet and video games as my safe place. It's a life that's depressing, but I hope that one day I'll stop feeling so numb and alone. 

One of my closest friends recently just stopped talking to me. We used to play xbox all the time together. Now she hardly answers my texts, giving the simple ""busy"" excuse. I've spent too much time trying to be supportive and loving when other people won't give me a minute of their own time. This is only one example of why I've become only a ghost of my typical self.

I guess, has anyone ever dealt with this? Are you dealing with this now? These types of things only seem to happen to people with depression and other mental illness, which is one of the cruelest things imo.",alienation,"The post discusses a series of events that have caused the poster to lose friends and feel disconnected from others. They mention a health issue that resulted in losing friends in high school, feeling upset and bitter about their high school experience, and struggling to connect with new people in college. They mention feeling lonely, depressed, and turning to the internet and video games as a safe place. The poster also states that these experiences only seem to happen to people with depression and other mental illness, indicating a sense of alienation and isolation from others who may not understand or relate to their experiences."
"I’m starting to see 2018 on tweets or images from the other side of the globe, and it’s filling me with unspeakable dread, something like I’m leaving a stove on in 2017. Like I wasted this year or I’m not ready for 2018?",alienation,"The post suggests that the poster feels a sense of disconnection and dread towards the upcoming year. They mention seeing tweets and images from the other side of the globe, which could imply a feeling of being left out or not fitting in with the excitement and anticipation of the new year. This alienation and sense of not being ready for the new year is likely contributing to their feelings of unspeakable dread."
"Not in a literal context but I really do feel like I'm regaining my life from someone else's control after a decade of numbing myself from meaningful social interaction.  I never talked to others, I've never flirted with a woman, I don't know how to read people, and I gave everyone the idea that I want to be left alone.  Now the real me wants to shine but I don't know how to do it and no one wants to give me a second chance.  It's as if I was spreading a rumor about myself.  I feel like my decisions were already made and I'm locked in a contract I can't get out of.",alienation,"The post indicates a sense of isolation and lack of social interaction for the past decade. The poster mentions not knowing how to read people, not having flirted with women, and giving off the impression that they want to be left alone. They express a desire to break free from this isolating pattern but feel like they are trapped and unable to do so. This sense of being locked in a contract they can't get out of and feeling like their decisions have already been made further emphasizes the theme of alienation and disconnection from others."
Ive been feeling lonely lately and really depressed and i just want to talk to some people,none,"The post simply mentions feeling lonely and depressed and a desire to talk to people, but does not provide any specific information or context regarding the cause of these feelings. Without more information, it is not possible to assign any of the listed causes as the reason for the mental disorders mentioned in the post."
"So I was married for 8 years, got cheated on the whole time. I pretty much knew it but didn't do anything about it cuz how do you really make someone stop. I tell myself I stayed for the kids but really I think it was just so I didn't have to crawl back to my family. With her I have 1 kid. She had one when I got with her. Then some how we got guardianship of another. But legally I think I'm only reasonable for the 1. I dunno. 

But anyway we have been separated for a few years now. I still live with her for the same reason. Still married to her unfortunately. Wish I had the money for the divorce. So I sleep in the living room while she is with another guy. That doesn't bother me at all. She cheated on me though that I didn't even care when we decided to split up for good. 

I can't get a job right now cuz when I try to she does something to make sure I have to watch the kids instead. Like leave town for 4 days. Her boyfriend refuses to watch them. So I'm such at the house. 

I barely talk to my family cuz of some issues we had a few years ago. Read my posts and you will know. So they won't help me out. 

I never get time to myself and when I tell her I want to get out of the house she pretty much threatens to kick me out and take the phone back they I'm using. So i rarely get to go anywhere. 

I wish I was dead most the time. I take a bunch of pills sometimes to try and end it, but then I feel bad cuz of the kids. But I think they would be better off without me being depressed around them all the time. 

I don't really know what to do anymore. And I'm sure I will get negative comments cuz I'm the only one taking care of the kids, but whatever. I don't care anymore.",relationship,"The post mentions a long history of infidelity in the poster's marriage, as well as the emotional toll it has taken on them. They also discuss their current living arrangements, where they still live with their ex-spouse who is with another person. This indicates ongoing relationship distress and a lack of resolution or closure in their separation. The poster also mentions barriers to finding employment due to the responsibilities of taking care of the kids, which may contribute to feelings of frustration and helplessness. The post concludes with expressing thoughts of suicide and feeling like their children would be better off without them, suggesting severe emotional distress related to their relationship and life circumstances."
"Hello everyone, I'm new to reddit so I'm not quite sure how it works but I felt I needed a platform to discuss this so here goes. I'm 17 I live in Sheffield, England and for the past few months I have have been dealing with depression and it is tearing me apart LISA (love you if you get that reference). In all seriousness, I feel so disconnected from everyone around me and it scares me to death. My 'friends' are all busy with relationships or with their own friend groups which is a thing I've never been apart of, I've always just had friends who had friend groups so I would be in a weird position. I often have very self loathing style thoughts and have very little to no self esteem. I feel like my friends are using me in a sense that they only call me if they need help with college work or I'm the last option because the rest of their friends were busy. I can't do anything though because I don't want to risk losing the few friends I do have. They all come to me with the stories of the great nights out or the holidays they all have planned and when they ask what I was up to, which is rare, I just have to say ""nothing"" and it makes me so deflated. I haven't felt genuine happiness in months and that is due to the lonliness, I would get back out there and look for someone but I have no confidence in myself so I'm terrified to do so. I can't feel like I can talk to anyone about it because they shouldn't have to put up with it which makes writing it here a bit ironic but oh well. In summary I'm scared. I'm scared of what the future holds, what happened in the past and I'm scared of the present and I'm not expecting any sympathy or world class uplifting guidance I just needed a place to vent. So if you managed to read through all of this then thank you for letting me vent. You are a truly great person.",alienation,"The post mentions feeling disconnected from everyone around them and feeling scared. They mention not being a part of any friend groups and feeling like their friends only reach out to them when they need help. The post also mentions low self-esteem, self-loathing thoughts, and a fear of risking friendships by expressing their feelings. All of these indicate a sense of alienation and isolation from others, which is likely contributing to the poster's mental disorders."
"what’s the point? why even try? all that i learned from this mess called “life” is that there is no point in trying, life gets harder and harder every single day to lead up to what? more hard work and stress to get us to nothing in the end. we humans work our asses off 24/7 for fucking jackshit. excuse me for my profanity here but i’m being serious, what actually is the point of this torturous cycle called “life”? all i’m willing to do right now is jump off an overpass because i can’t do it all over again...",jobs and career,"The post expresses a sense of hopelessness and despair about the point of life and the cyclical nature of hard work and stress. This suggests that the poster's mental disorders may be related to their perception of their job and career, as they feel that their efforts are leading to nothing in the end. The mention of wanting to jump off an overpass can also indicate that the stress and dissatisfaction with their job and career has reached a point of severe distress."
"I usually lurk for awhile, but this feels safe enough.  Truth is, I’ve know for decades that I lost the Genetic Brain Chemistry Lottery.  In other words, I’ve been self-medicating nightly for 3 or 4 decades, a moderate to heavy drinker.  Odd situations: I worked in a field that drug tested me every 3 months, performed a polygraph every year, and would pull you clearance if they found out you were on anti-psychotics because you were a security risk.  But it was fine to keep a bottle in your desk.  They finally experienced “Enlightenment” a couple of years back, but old habits die hard for us old hands. 

So, after six months of getting the brain chemistry stable (a lot of trial and error in that business).   The snakes have been on me long enough.  Time to take the depression and anxiety seriously.  Also signed up for the stopdrinking reddit.",medication,"The post mentions the poster's long history of self-medicating with alcohol and their recognition that they have lost the ""Genetic Brain Chemistry Lottery."" They also talk about working in a field that tests for drugs but allowed alcohol and their decision to take their depression and anxiety seriously. This indicates that they have recognized the need for medication to stabilize their brain chemistry and manage their mental health."
"I walked in on my first day of high school a depressed kid. i made some friends, they showed me that life is more than just moping around and working to get a diploma to mope and work more. They are the best people Ive met in my life so far and i would protect them with my life. i care for them a lot and would do anything for them.

That was 3 years ago, and of course, im still a depressed kid with friends. However, i think about killing myself on a weekly basis, and openly say that i hate myself to a lot of people. it has become common practice to say these things, like a shield to desensitize me and other people from mortality and the worse of the world. I also secretly hope that this softens the blow if i ever decide to jump off that overpass in my area. 

I want my friends, family, and everyone im connected with to remain happy and normal, so i put on that fake smile and pretend that nothing is wrong aside from the therapy that doesnt work. i value other people's happiness more than mine (for reasons that would make this post too long) so i keep on smiling and repress emotions until i walk into my room and shut the door. everyone i am connected with doesnt know im suicidal, i dont want them to worry about me, just to remain happy. and if i kill myself they would worry and get sad too, like me right now. i am living for other people because i dont want them to know the truth. i am a prisoner of other people. 

i just want to know what the hell am i supposed to do, and that im not alone in this world

tl,dr: i made friends in high school and started to care about people in my life. but im depressed and dont want anyone to know that im mentally ill and suicidal because i want them to stay happy and not worry about me. so i live with a false smile on my face, and keep my emotions to myself. what the heck am i supposed to do?",alienation,"The post suggests that the poster feels isolated and disconnected from others, as they mention putting on a fake smile and pretending that nothing is wrong in order to keep others happy. They express a desire to protect their friends and family and prioritize their happiness over their own. They also mention feeling like a prisoner of other people and not wanting anyone to know about their mental illness and suicidal thoughts. This sense of alienation and inability to share their true emotions is likely contributing to their mental disorders."
Nobody thinks self harm when it's just bruises. But now he's weighed down with my bullshit as well.,alienation,"The post suggests a feeling of alienation and isolation, as the poster feels that nobody understands or recognizes their self-harm as a serious issue. They mention that someone else is now weighed down with their problems, indicating a lack of support or understanding from others. This sense of alienation and lack of connection can contribute to mental disorders."
stupid thing is makin me angry/depressed i dont mind using it it justs leaks air all the time so **** it im not gonna use it anymore and if i end up dying in my sleep so be it ):,none,"The post does not provide enough information to determine a specific cause for the mental disorders mentioned. The poster mentions feeling angry and depressed, but does not provide any details about the possible causes such as bias or abuse, job-related stress, medication side effects, relationship issues, or a sense of alienation. Therefore, the assigned label is ""None."""
"I feel like im at the end of my rope. As the new year starts i am 13 mins alone by myself. I have no close friends around. I have no inclination to go out and ""meet people"" I just want to go home after work or on my days off/weekends and do nothing then feel like crap for not meeting people which starts the cycle of self loathing over and over again. Sometimes I think of hurting myself, or killing myself. the one thing that stops me is knowing that it would only hurt my family, and my clients. I work a lot and love my jobs (work with special needs individuals) and i will not do that to them. if did not have my jobs and my clients who love me i would do something but i do n0t. 

I just dont know how long i can go, will i make it out of 2017?",alienation,"The post indicates a sense of isolation and loneliness, stating that the poster has no close friends and no inclination to meet new people. They also mention feeling like crap for not being more social and experiencing self-loathing as a result. The post also reveals thoughts of self-harm and suicide, but the poster mentions that the only thing stopping them is the impact on their family and clients. This sense of isolation and lack of support from others is likely contributing to the poster's mental disorder, making alienation the assigned label."
"I’m 15 and I have zero friends. Nobody reaches out to me and i’m not romantically pursued. I’ve literally threatened suicide multiple times (for attention) and not a single person asked me if I was okay. All I have left is daydreaming and I just am not present anymore which is shitty because my exams are coming up and I have no motivation or capability to revise due to my lack of acceptance of the present. I just want to know what i’m doing wrong with people for myself to be completely invisible. I feel incredibly isolated and I just want to feel alive. Also I forgot to address the title, i’m constantly questioning whether i’m real because the amount that people ignore me seems statistically impossible. Pretty sure i’m borderline too.",relationship,"The post mentions feeling isolated and being without friends, as well as a lack of romantic pursuit. The poster admits to threatening suicide for attention, suggesting a cry for help and a desperate desire for connection. They also mention daydreaming and not being present, indicating a sense of disconnection from reality and an escape from their current circumstances. The post suggests that the cause of their mental disorders is related to their lack of acceptance, isolation, and inability to form meaningful relationships, which can all contribute to feelings of loneliness and questioning one's worth and existence. The mention of potentially having borderline personality disorder further supports the idea that relationship difficulties may be a major factor in their mental health struggles."
"I'm graduating from college this year, and I'm not ready. I study character technical direction at an art school, and my portfolio is not where it needs to be for job opportunities. I've already taken all the classes on that subject, so now I'll be spread too thin to work on side projects for my demo reel. 

My goal was to spend this break working on projects, improving, and learning. I spent plenty of time working on it, but I haven't been improving much. My sleep schedule started pretty healthy, but now the sun is rising when I finally fall asleep. I love watching movies (that's usually how I pass my time) but now it just seems unappealing. It's starting to take me hours to get out of bed, and my motivation is slipping away. 

Is this just me feeling bummed about my circumstances? Or does it sound like I'm developing depression",jobs and career,"The post mentions the poster's feelings of being unprepared for graduation and their concerns about their job prospects in their chosen field. They discuss how their portfolio is not where it needs to be, and they are feeling spread too thin to work on side projects. They also mention changes in their sleep schedule, loss of interest in activities they previously enjoyed, and a decrease in motivation. All of these factors suggest that the cause of the mental disorders in this post is related to the stress and uncertainty surrounding their upcoming graduation and career prospects."
"I just want to sleep all the time because if I'm sleeping, I'm not hurting. I'm too young to drink legally and I don't currently have a fake so I can't really self-medicate with alcohol too frequently. I'm about to go on a higher dose of meds which will hopefully numb me out more. Lately my main way has been escaping all negative thoughts through sleeping or video games. Maybe going back to college in a few weeks will help me? Idk.

I want some suggestions for dealing with pain",jobs and career,"The post mentions a desire to sleep all the time to avoid pain and mentions not being able to self-medicate with alcohol due to age restrictions. They also mention hoping that a higher dose of medication will help numb their emotions. The post suggests that the cause of their mental disorders may be related to a lack of fulfillment or satisfaction in their current job or career, leading to a desire to escape through sleep and video games. They also mention the possibility that going back to college may help, indicating that their current job or career may be contributing to their pain and mental health struggles."
So I don't know if I am in love or not. I can't concentrate on anything right now like only thing that interrupt me is that I star to think about that girl. Although I can never go into relation with her she is my cousin( my other grandma's daughters daughter) I don't know if it's legal to marry your cousin or other shot like that. I very confused. I am pretty sure she has a boyfriend. But even if she never had a boyfriend going into relation would still be impossible. She won't agree to go into relation. I don't want to force her or say to her anything because I don't want make this awkward or make us stop having conversation for the rest of our life. I feel very weird now please help me.,relationship,The post discusses the poster's strong feelings for their cousin and their confusion about whether it is legal or socially acceptable to pursue a romantic relationship with them. They express a fear of making the situation awkward and potentially damaging their relationship. This suggests that the cause of their mental disorders is related to the complexities and conflicts arising from their feelings for their cousin and the potential impossibility of pursuing a romantic relationship.
"Halloween is bad because you get to see how much of a loser you are and how lonely you are. You get watch all night in agony, the stories and post of others having fun that you will literally never experience.

Birthdays are bad because no one cares enough to remember. Not as lonely necessarily, but disappointing. You are a certain age, you should have certain experiences and skill, but you don’t. You should have accomplished something in an entire year, right? No, you are a worthless and pathetic waste of energy. Someone should really kill me, because all I am is a waste.

Tonight I get the suffering of both those holiday is one night. I spent a whole week without crying, I spend almost 2 weeks without cutting. That’s gone now. I really really wanna just end it. I have the note in the desk drawer.


Either way, lots of my blood and tears will be shed tonight.

  Happy New Years",alienation,"The post mentions feeling like a loser and being lonely during holidays, particularly Halloween and birthdays. The poster expresses a sense of disappointment and a belief that they have not accomplished anything and are worthless. They also mention self-harming behaviors and thoughts of ending their life. This indicates a strong sense of alienation and disconnection from others, as well as feelings of hopelessness and despair."
"I realized theres more i need to do before i die, and that i really like dxm and all other drugs.",none,"The post does not suggest that the poster has experienced bias or abuse, job-related stress, medication-related side effects, relationship issues, or a sense of alienation from others as contributing factors to their behavior. The post simply mentions the poster's realization that they have more they want to do before they die, and their enjoyment of drugs. However, it does not provide any indication of mental disorders or their cause."
"This time of year when I most crave for social interactions, friends, even family and none of them responded. Everybody’s busy living their lives while unemployed, depressed me can’t stop thinking of dying. I messaged about a dozen of people today and none of them replied.
Must’ve felt good having a life and actually be busy.
Just the first day of 2018 and I’m already crying.",jobs and career,"The post mentions feeling depressed and unemployed, indicating possible distress related to their job or lack thereof. They also express a desire for social interactions and feeling ignored by friends and family, suggesting feelings of isolation and loneliness that may be exacerbated by their current job or career situation. This indicates that jobs and career may be the cause of mental disorders in this post."
"Quick background... 4 year relationship ended about two months ago. Madly depressed because of it. 

Irresponsible of me to say that I was not taking my antidepressants until recently. But I can feel myself getting worse. Lately i have struggled with holding conversations. Today I could not leave my bed. I have started searching for a therapist.  

Is my body going to permanently change because of the prolonged severity?",relationship,The post mentions a recent breakup and the poster's subsequent depression. They also mention not taking their antidepressants until recently and feeling themselves getting worse. These factors suggest that the cause of the mental disorder in this post is related to the end of the relationship and the resulting emotional distress. The poster's struggle with conversations and inability to leave bed also indicate the impact of the relationship on their overall well-being.
"I have been depressed for several years. Currently taking Lexapro, though it seems to not help. I have no will to succeed in life. I've never had a job for more than a year. I failed all 12 credit hours in community college last semester and I don't want to go back. I hate my parents and I'm not close to anyone in my family. At this point, I just want to spend the rest of my life in my room, unemployed. I'll receive an inheritance if I'm lucky. My mom gets up early everyday to go to her job where she's been for 20 years. I know I have some major depression issues, but there are lazy bums in this world, who are unemployed and live at home until they're 40, or forever, and I think maybe I'm just one of those bums, regardless of depression.",jobs and career,"The post mentions several indicators of mental disorders related to jobs and career. The poster mentions a history of depression, a lack of motivation or will to succeed in life, and a pattern of short-term employment and academic failure. They express a desire to withdraw from the world and live an unemployed and isolated lifestyle. These issues are all related to the poster's struggles with finding motivation and fulfillment in their job or educational pursuits, indicating that their mental disorders are likely caused by job-related stress and dissatisfaction."
"Here it comes again, the depression season after awhile. I've been trying to be so strong for people I love. But I just can't shut my brain from overthinking all the time and it's eating my energy. Not even distractions work anymore and soon I just find myself laying and wishing I could sleep like a month. I don't know what to do with myself anymore, I think I will be a mess like this forever.",none,"The post mentions experiencing depression and feeling overwhelmed with overthinking. They express a lack of energy and difficulty finding distractions that work. The post also mentions a desire to sleep for an extended period of time. While these symptoms are indicative of a mental disorder, the post does not provide any clear indication of the specific cause. There is no mention of bias or abuse, job-related stress, medication side effects, relationship issues, or a sense of alienation. Therefore, it is not possible to assign a specific cause label to this post."
"Depressed again because I realized I've been a horrible friend to whom I've been emotionally attached. My mind summoned every negative aspect of my personality and rubbed it in my face.

Suddenly I have no desire to do anything. Shut myself from social media, don't want to game, to study (and I'm a top student so this sucks double), to do chores, or do anything. I know what I should be doing: start progressing and stop brooding, but I can't find it in me to snap out of this. I have no energy for anything. Suicidal thoughts come and go although I have no energy to deliberately kill myself, but I'm praying for my accidental death.

I'm on school vacation and by the time I return to my classes, everyone would notice this change in my behavior and performance. 

How can I return to my normal life?

P.S. Seeing a therapist is not an option. I don't have a job and my family can offer no help.",alienation,"The post mentions feeling like a horrible friend and being emotionally attached to someone, which suggests a sense of alienation and disconnection from that person. The poster also describes feeling depressed and lacking desire or energy to engage in activities, including studying and socializing, indicating a further sense of alienation and isolation. They mention having suicidal thoughts and feeling unable to snap out of their depressive state. The post also mentions that seeing a therapist is not an option due to financial constraints. All of these factors point to alienation as the cause of the mental disorders in this post."
"I've struggled with depression before for years and now I'm better. My partner has also been having really bad depression and I've been trying my best to help her get better. Today she finally ended it all. I tried so hard to help her, yet I failed.",alienation,"The post mentions the poster's previous struggle with depression and their current partner's severe depression. The poster expresses feelings of guilt and failure for not being able to help their partner, suggesting a sense of alienation and powerlessness in the face of their partner's mental health struggles."
"That's the one thing I can't start. I'm not overweight or anything, I just want to feel better, since apparently it helps, but I can't seem to start. I can start meditation, walking, a new hobby but even with gym equipment downstairs, I can't make myself start. I think I'm afraid of something.",none,"The post does not suggest that the poster has experienced bias or abuse, job-related stress, medication-related side effects, relationship issues, or a sense of alienation from others as contributing factors to their behavior. The mention of not being able to start a fitness routine could potentially be related to mental health, but the post does not provide enough information to assign a specific cause. Therefore, the assigned label is ""None."""
"I originally was trying to force everybody that knows me out of my life as not to hurt them when I commit suicide but now I can't help myself and am physically clingy, trying to hold hands and put arms around shoulders etc and I just feel like shit because I'm so close to my planned suicide but still clingy. Does anybody else get clingy?",alienation,"The post mentions a desire to distance oneself from others in order to prevent hurting them before committing suicide. However, it also mentions that the poster is experiencing clingy behavior and seeking physical closeness with others, despite their intention to end their life. This contradictory behavior suggests a sense of alienation and disconnection from others, as the poster struggles with their emotions and desires for connection even in the midst of their suicidal thoughts."
It's night and as usual that's when all these horrible thoughts come to my head. I know I'm not a terrible person but I haven't exactly had the best year so I feel kind of overwhelmed right now. I really need to talk to someone ASAP I don't feel good.,relationship,"The post mentions having horrible thoughts at night and feeling overwhelmed due to a difficult year. This suggests that the poster is experiencing emotional distress, possibly related to personal relationships or lack thereof. They express a need to talk to someone, indicating a desire for emotional support and potentially seeking help in managing their mental health. Therefore, the cause of the mental disorder in this post is related to relationships."
I Wish i could Just talk to Someone about how much i hate and wanna kill myself but i know its too much to ask For,none,"The post explicitly mentions the individual's desire to talk to someone about their suicidal thoughts. This indicates that there is likely a mental health issue present. However, the post does not provide any information that suggests bias or abuse, job-related stress, medication-related side effects, relationship issues, or a sense of alienation from others as contributing factors. Therefore, the assigned label is ""None"" since it is unclear what the cause of the mental disorder may be based on the given information."
"I have been isolated for most of my life. Every possible action I could take to improve my life has been rendered meaningless by previous attempts at averting the disaster that will be my future.

I feel like I am doomed forever and that nobody will love me. It's too late.

I am way too far behind to catch up with the normal crowd.

I have zero friends and literally no family to turn to in times of desperate need.

I have tried talking to doctors and therapists and that never worked either.

Whenever I bring up my problems, they say I am ""indulging in self pity"" or they treat me like I am blaming other people for my misery.

What am I supposed to do when my whole life has sucked and on top of that, my depression is getting worse?

It hurts whenever people try to take the situation and blame it on me, when they don't know me. Fuck them.

I don't know the point of this post. 
But, one thing I am certain about is that I am ready to die. I don't know what to do with myself. I don't know how to turn around my life. 

I don't know how to find love and I doubt anyone will love me (and if you are going to tell me it's too early to kill myself, then let me tell you that for most people, it comes naturally without any hard work whatsoever.
I, however, am miserable because I am a fuck up. An aberration. An anomaly).

Thank you for reading this garbage and good night.",alienation,"The post describes a deep sense of isolation and hopelessness, feeling like they are doomed and that nobody will love them. The poster mentions being far behind and having zero friends and no family to turn to. They also express frustration with doctors and therapists not understanding their situation and blaming them for their misery. This extreme sense of alienation and disconnection from others, along with feelings of worthlessness and a desire to die, suggests that the cause of their mental disorder is alienation."
"I wanna ask you because for some time now I've been trying to be less cynical and do stuff other people like but I just cannot understand why are they doing  all of this? I hate facebook , I hate memes ,I hate internet culture and it annoys me to see people embracing it and not even being able to make a normal conversation just talk about memes on the internet , stupid youtube videos and shows that they binge watch in a day and don't have any valueable opinion on it just saying that they liked it or not . Am I just a cynical cunt ?
PS: By the way I'm posting this qustion here because this stuff is quite a big reason of my lolieness and depression , you know I just can't find anybody to connect with and it's not like I automaticly cross the person off for liking this stuff , I'm trying to get to know them and it turns out that they're just a frankenstein of all the popculture they absorbed and they cannot hold a conversation even for a little while.",relationship,"The post mentions feeling lonelineness and depression due to the inability to connect with others who are invested in internet culture, memes, and shallow conversations. The poster expresses frustration with not being able to have meaningful conversations and feeling like they are surrounded by people who cannot hold a conversation. This indicates that relationship-related factors, specifically a lack of connection and shared interests, are contributing to their mental disorders."
"Just got played at work. Girl. Same old same old. I have another job. It's only part time. Just built up from homelessness after staying with a friend to a hotel.  Begged and pleaded, but she's with someone else I work with after nights of flirting. Looks are not deceiving... How do I quit a job I need to not live in a tent again?",jobs and career,The post mentions being played at work and experiencing a romantic disappointment with a coworker. The poster also talks about their living situation and the importance of their job in order to avoid becoming homeless again. This suggests that the mental disorder is caused by job-related stress and the negative experiences they have encountered at work.
"I fell for my best girl friend/ best friend and she is the only happiness I feel. Whenever I am doing something with her, texting, sitting next to her, thinking about her I feel genuinely happy. Games have basically ceased to exist in my happiness radar. However, she is also one of the reasons I am depressed. I heard her tell me ""I love you"" and I love her too, but my depression prioritizes everything in my mind, even my feelings for her so half the time she is the only hope I have and the other half she becomes this endless pit and I fall deeper and deeper. My life has been put into shambles because of this stupid mind game my brain put on itself.",relationship,"The post mentions the poster's romantic feelings for their best friend and how being with her brings them happiness. However, they also mention that these feelings contribute to their depression and cause their life to be in shambles. This suggests that the relationship with their best friend is a significant source of both joy and distress for the poster, indicating that the cause of their mental disorder is related to their relationship."
"People die from these subzero temperatures every day in the U.S., it's so malicious and sad. Every morning is a dark, freezing piece of shit with awful drivers ruining the roads. It saps what little life energy I have left just thinking about it.

I fucking loathe winter because it makes everything in my life inconceivably difficult and adversarial. Driving a frozen-windshield car, commuting to my icy-road job, buying food, even taking a shower are all mountainous, painful ordeals. Every moment is spent desperately not freezing to death. 

I never want to leave my room, talk to anyone, or do anything because it all requires unreal pain and effort. Fuck winter and all it comes with. Had to get the truth off my frozen fingertips, go to Hell.",relationship,"This post mentions the difficulties and adversities that winter brings, including freezing temperatures, poor road conditions, and challenging daily tasks like driving and buying food. The poster expresses a strong dislike and loathing towards winter and how it makes everything in their life incredibly difficult. The post also mentions a desire to isolate themselves and not engage with others or participate in activities because of the pain and effort required. These feelings and reactions suggest that the poster's mental disorders may be related to their relationship with winter and the negative impact it has on their daily life."
"I'm 21 years old and a complete and utter disappointment to those around me.

I dropped out of high school in grade 10, I couldn't do it anymore every day the pressures of school and a teacher who graded me differently than everyone else caused me to be physically ill. Every single day I'd use a friends phone and call my mom  sobbing to come pick me up. I was out of school more than I was at school at the point juggling my mental illness and fighting extreme stomach issues that ended up being gastroparesis. Dropping out feels like the worst decision of my life. My family treats me like I'm faking all my issues in order to get out of my responsibilities. When in reality I've been fighting as hard as I can. Juggling financing myself through my art, being homeless, and the crushing weight of my illnesses.

Everyone seems mad at me. My psych office has me on probation for missing too many appointments. If I keep missing them I'll be kicked out and left without my medication. I've been clean from self harm for probably 8 months but lately when I look at my scars all I can think about is doing it again. I don't have time to go inpatient and the suicidal thoughts keep getting worse.

I have people who love and support me but I still feel like I'm letting them all down. I don't know if my family will accept me because of my transition. I haven't told anyone but a few but I'm positive my older brother outed me to everyone and I'm too afraid to face them now. Im not ashamed of being trans but I am afraid of losing the last of my family.

I can't hold a job because of my PTSD. I can't keep friends because I don't think I'm good enough for them and my BPD just makes it harder to connect to people. I'm avoidant as fuck and all I want to do is shed all my mental illnesses and not have to feel this way anymore.

I've failed trying to kill myself. I've failed academically. I've failed friends. I've failed my therapist. I've failed myself.

What's left when nothing you do is good enough?",alienation,"The post mentions a sense of disappointment and feeling like a failure to those around them. They describe struggling with mental illness, difficulties in school, and a lack of support from their family. The post also mentions being transgender and fearing rejection from their family because of their transition. These experiences contribute to a sense of alienation and disconnection from others, leading to mental disorders such as depression and suicidal thoughts. The feeling of not being good enough and constantly failing further reinforces the sense of alienation."
"I wanted to make this year a great one, but that won't happen. I'm in a household where every time i try to better myself, someone or something ruins it. I've gotten very bad anxiety/depression the last few weeks but if i try to talk to my family about it they either make it a competition or write it off. I want to get better at drawing but i can't draw for a half hour for what i get interrupted. And i want to draw for three hours each day but that won't happen. I'm wanting to lose weight but my family lives off of fast food and snacks. I want to do so much, but then my depressing thoughts of death and horrible memories catch up with me and i realize my reality is shit. The only thing keeping me here is the idea of getting away and being happy. I feel so lonely, lost, scared and confused. There's so much dwelling in me right now and this is just 1% of it.",relationship,"The post mentions multiple instances where the poster's attempts to improve themselves are being hindered by their family. They describe feeling anxiety and depression, as well as a sense of frustration and hopelessness. They mention wanting to engage in activities like drawing and losing weight, but feel unable to do so due to the environment created by their family's habits and lack of support. The post also mentions feeling lonely, lost, scared, and confused, indicating a lack of emotional support and connection. All of these factors suggest that relationship issues and a lack of support from family are the cause of the mental disorders discussed in the post."
"I have depression, anxiety, and ADHD. For a while now, I've felt like being kind of crazy is what makes me who I am and without these feelings and behaviors, I wouldn't be me anymore. During the summer I quit taking my medications and going to therapy because I thought it was a waste of time and that it was just a way for people to control who I am. Even on meds I still felt sad and wished that I could just die quietly all the time. I stopped taking them cold turkey and withdrawals hurt like hell, but I felt like the medications that had been poisoning my mind and changing me irreparably would finally be gone. I stopped going to therapy for the same reason. 
The meds hadn’t been working, but my attitude about my situation led me to spend the last six months in a really dark place and I wasn't able to study, eat much, or do basic things like get out of bed or take a shower. I kept feeding into my suicidal and self critical thoughts. At the same time, I kept thinking that I was just fake sick and the real sufferers have Schizophrenia or bipolar disorder and that I was just all bent out of shape about a minor mental illness that millions of people cope with easily every day. This made me want to be sicker so that I could feel more special or like I had more inside me to be expressed. 
I guess I was wondering two things: first, I was wondering if anyone else felt like they needed their mental illness to have worth and fed into it like I did/do and second, if anyone felt like struggling with depression makes them weak because there are worse mental illnesses. If anyone made it this far, thank you.",alienation,"The post mentions multiple mental disorders (depression, anxiety, and ADHD) that the poster believes make them who they are. However, they also mention quitting medications and therapy because they believed it was a way for others to control them. This indicates a sense of alienation and mistrust towards treatment options for their mental illnesses. 

Furthermore, the poster mentions feeling like their mental illnesses are not as significant as others with schizophrenia or bipolar disorder. This suggests a sense of comparison and a desire to have a more ""serious"" mental illness in order to feel special or valid. This sense of alienation and self-doubt contributes to their mental disorders, as they struggle with feelings of worthlessness and weakness."
I have really bad anxiety to the point where I feel like throwing up. Does anyone know how to build confidence or get over it,none,"The post does not suggest any specific causes for the anxiety experienced by the poster. It simply asks for advice on building confidence or overcoming anxiety. Without more information, it is not possible to determine the cause of the mental disorder."
"I've had suicidal thoughts from a very young age and have never felt able to tell anybody about them because, realistically, there's no reason I should be depressed. So many people have it so much worse than I do and it makes me feel like my emotions are invalid, and that if I were to actually acknowledge them to someone else it would seem like I'm being dramatic and attention-seeking. At this point I wish I could just give my life to someone else who actually has it bad because it feels like I'm wasting it.",alienation,"The post mentions feeling suicidal and having depressive thoughts from a young age. The poster also expresses a sense of invalidation and feeling like their emotions are not valid because they believe others have it worse. They mention feeling like they are wasting their life and wishing they could give it to someone who actually has it bad. These thoughts and feelings suggest a sense of alienation and disconnection from others, as well as a lack of support or understanding from those around them. This sense of alienation contributes to their mental disorders."
"I'm just gonna leave it here so I can come back to it later. If you look for help this won't help you, after all I can't help anyone.

I see no solution to this problem. It's not like I can't feel anything, that's not it. It's more like every emotion I feel is flat and fake. I can be happy but it is an empty happiness. I can be sad but it doesn't last long before I force myself to feel happy again. I can control it. I can control my happiness. I force myself to laugh and have fun and I feel the dopamine rush.

Deep down, however, I feel like in the long run it doesn't mean anything. I don't know what the goal of life is but it's not to be happy. Not for me at least.

I would love to feel empathy again. I miss it. No matter how hard I try, I can't feel it. It's like I have become immune to it.

I have one male friend who knows everything about me. I believe I'm not homosexual but I think about him a lot recently. It feels like he is someone who I would be able to feel affection towards. Even this would be better than nothing, I suppose. I don't know what to think about all of this, I hope I'm not losing my mind.",relationship,"The post mentions feeling disconnected from emotions and experiencing flat and fake emotions. The poster also expresses a desire for empathy and mentions thinking about a male friend and feeling affection towards him. This suggests a longing for emotional connection and romantic or intimate relationships. The post also mentions feeling unsure about their state of mind, indicating a possible impact on mental health. Therefore, the assigned label for the cause of the mental disorders in this post is relationship."
"Here it is, I've blocked out any personal information here cause I don't want someone stalking me or knowing it's me.

Hello,

I'm sorry I don't speak *my language* well, so i'm writing this in English. My name is --------- ------, but you can just call me ----. I'm 18 years old and I am ---- ------, I was born and raised here in -------. I'm just a student at an international school really. Things aren't working well, they've never worked well. For years and years of my life I've lived with thoughts of falling to my death, drowning in my own blood. Years and years of depression that was neglected. And now it has come to the point where I no longer am stable, I can't bear it. I am in so much pain. I hear voices sometimes, they tell me to kill myself and they laugh at me. The depression became so much more worse, with constant thoughts of dying, my meaning of life being nothing, everything equaling up to nothing. I have lived with an abusive father my own life and my mother, grandparents, sisters, relatives, and even myself have acted like nothing has happened for so many years. It was years of being traumatized that I didn't realize had affected me so bad. This morning, I didn't want to join him for an appointment as it would be expensive for both of us and he should only do his checkup for now. I had talked to my father in a calm voice, using ""please"" and ""I would really not like to"". He then proceeds to shout at the top of his lungs as if he were a lion, it is quite a shocking and traumatizing roar. Then he proceeds to punch me until I fall to the floor and he kicks me and punches me while I am in a fetal position. He then got a big jug of water to dump on my face which I was choking on because I was already screaming for help and choking on my words before that. I lay on the floor crying and screaming and begging anyone to help me. I live on the 18th floor of my condo so no one could. I tried to though. He physically abuses me often, and after it he cries and begs me for forgiveness. I cannot take it anymore. The only reason I haven't killed myself is because of my younger sister whom I love so dearly. I think I've lost my sanity at this point, I have no hesitation to harm myself and I leave the house at 3am and go for long walks and come at 7 or 8 am. That I've stopped just for my mother because it frightens her. She as well who keeps accusing me of being a whore because I go out on my own all the time and where clothing that shows off cleavage and also have a curvy figure.(I have large breasts so it's hard to find a shirt that isn't a turtleneck to hide anything decently) Those walks were the only source of happiness I had because the feeling of walking away from my home was magical, and now I don't recognize the feeling of happiness. (It's quite ironic since my name means Happiness in Hindi) Please help me. Or at least give me some answers, some information. Please let me talk to someone from your association. I am begging you, I need this help. I need to tell you more. I have some money with me, I can give it. You can do tests on me even, please just talk to me. I have a high IQ, and am about to major in psychiatry myself. Please contact me here or my number is **********. 

Regards,
**** ******

I know I was coming off desperate at the end but I am. I'm severely depressed but I don't want to be! I don't want to be like this anymore. It's been too many years of this abuse and I cannot bear it with how bad the depression has deteriorated my brain. If anyone wants to talk about this more, please feel free to dm me. I am on another account then my main one cause I don't want anyone recognizing me or friends knowing I posted this. 

EDIT: I am not from India.",jobs and career,"The post mentions a history of depression that was neglected for years, indicating a preexisting mental health issue. It also discusses living with an abusive father and experiencing physical abuse, along with mentioning the intention to major in psychiatry and having a high IQ. Although the post does not directly mention jobs and career as a contributing factor, the mention of neglect and abuse in the family suggests a dysfunctional family dynamic that may have contributed to the poster's mental health struggles. Additionally, the mention of wanting to study psychiatry suggests a personal interest and potential career path related to mental health. Therefore, jobs and career can be seen as a possible contributing factor to the mental disorders in this post, as the dysfunctional family dynamic and the interest in studying mental health indicate a potential connection."
I cannot see myself in a few months time.,alienation,"There is not enough information in the post to confidently assign a cause for the mental disorder. The statement ""I cannot see myself in a few months time"" could suggest a sense of hopelessness, which may be related to feelings of alienation or a lack of connection with others. However, without further information, it is difficult to determine the exact cause."
I feel really fucking depressed and it just keeps getting worse I literally feel like life is fucking me over every chance it gets. Like any time something bad can happen it will and it's just breaking me down more and more for years now. It's literally starting to feel like any happiness I could ever have will never be enough to help me get over all the fucked up things life has done to me and it literally make me want to stop living. Why should I live when every day it feels like life wants me dead. What should I do?,alienation,"The post expresses feelings of depression and hopelessness, suggesting that the individual feels isolated and disconnected from others. They believe that life constantly brings them down and that happiness will never be enough to overcome the negative experiences they have had. This sense of alienation from others and the world is likely contributing to their mental disorders, leading them to question the purpose of living."
"So I posted earlier about my fiancé being distant and acting weird and just 30 minutes ago she ended our engagement, I’m so numb and just empty and I can’t go home and see family since being stationed over seas I just feel like I want to end it",relationship,"The post mentions a broken engagement and feelings of numbness and emptiness, which suggest that the cause of the mental disorder is related to the end of the poster's relationship. Additionally, the post mentions being stationed overseas and not being able to see family, indicating a sense of isolation and lack of support. These relationship-related stressors contribute to the poster's feelings of wanting to end their life."
"I attempted suicide by hanging, my mom found me and saved my life.
I stayed in the psychiatric unit of a hospital for a week.
I'm on new meds, 
I still don't feel any different,
I really don't know what to do.
Does this ever change? I'm in my early 20's. Anyone here turn things around after an attempted suicide?",medication,"The post mentions a recent suicide attempt, followed by a week-long stay in a psychiatric unit and being put on new medication. The poster expresses that they still do not feel any different and are unsure of what to do next. This indicates that the mental disorder is likely related to the poster's medication, as they are not experiencing any improvement in their mental health despite being on medication."
"Why is it the two worst, most hurtful relationships lasted years, while the ones that feel that they have the most love and promise a real future fall apart in an eye blink. I feel cursed to either live in misery, or except fleeting happiness, followed by loneliness. What a joke. I really fucking hate my life.",relationship,"The post discusses the pattern of having long, hurtful relationships, while the ones that seem promising quickly end. This suggests that the poster has experienced multiple failed relationships and feelings of misery and loneliness as a result. These relationship difficulties are likely contributing to the mental disorders mentioned in the post."
"I was looking soo foward to 2018, I was happy.
Now I have nothing to look forward too.",alienation,"The post mentions feeling happy and looking forward to 2018 initially, but then expresses a sense of hopelessness and having nothing to look forward to. This suggests a feeling of disconnection and alienation, as if the poster is lacking a sense of purpose or something to strive for. This feeling of not having anything to look forward to can contribute to mental disorders and a decline in overall well-being."
"Guys I've been so depressed lately, but I have so much shit to do in my life rn. I really really need some suggestions for (healthy) coping mechanisms to just get through the day. 

I already journal daily, I go to 12-step meetings when I can, I listen to loads of music, and I meditate occasionally. Any other suggestions would be greatly appreciated ?? thank you so much.",alienation,"The post mentions feeling depressed and overwhelmed with things to do in life. They also mention actively seeking coping mechanisms such as journaling, attending meetings, listening to music, and meditating. However, they express a desire for additional suggestions, indicating a sense of alienation and disconnection from others. They may be seeking new coping mechanisms as a way to feel more connected and supported in their journey to manage their depression."
"With severe anxiety and body dysmorphia it's extremely hard for me to connect socially, though being more social is something I wanted to do this year. Well, today my only prospect for being more social completely dissolved. A new friend of mine asked me some 10 days ago if I would like to attend dancing courses with her, and I thought that would be a great way to be more social. Then today she wrote me that she won't attend the dancing courses with me out of consideration for her boyfriend. 

Yes, be considerate of your boyfriend, who cares about ugly useless me. It's like Fate telling me: ""Don't even bother trying. You're too ugly to be with anyone else. You think a new year changes anything? You're going to be alone forever, get used to it!""",none,"The post does not suggest that the poster has experienced bias or abuse, job-related stress, medication-related side effects, relationship issues, or a sense of alienation from others as contributing factors to their behavior."
Now I'm just drunk and more depressed than I was. Great.,none,"The post does not provide enough information to determine the cause of the mental disorders. It only mentions feeling drunk and more depressed, but there is no indication of any specific cause such as bias or abuse, job-related stress, medication-related side effects, relationship issues, or a sense of alienation."
"I feel like I have been stuck inside this deep hole for years now. I am 15 years old and I feel like I have experienced way more than I should have at this age. I don’t ask help from my parents nor do I tell them about my problems because they will simply just say “Get over it. That’s nothing.” I find no purpose in anything anymore, I don’t see the point in improving myself, I just simply don’t find any purpose in living life anymore. I want a GF because I think that having someone to love, someone to comfort and generally someone to just look forward to seeing again will help me out of this hole, and show me that I am not alone and there is someone who will love me back. I tried to get a GF, but each time it has ended the same way, with me being shoved away and them not wanting me. It is ripping me apart mentally. I have given so much to others thinking I would be given the same amount of love back, but that isn’t the case. I just want one thing, someone to love because then I know I am not going to be alone for the rest of my life because right now all I think about everyday is the fact that I am alone in all of this. If I can’t even have that then what can I have? None of my friends can truly sympathise with me because they simply haven’t experienced my pain on this level. I’m not sure if anyone in the world have experienced what I have. This feeling of loneliness and hopelessness is just killing me inside. I wish I can just quit now and leave early because I don’t want to see this game out to the rest of what it has to offer.",relationship,"The post mentions feeling stuck in a deep hole and experiencing more than they should at their age. They also mention not seeking help or support from their parents, implying a strained or unsupportive relationship with them. The poster expresses a lack of purpose and a desire for a romantic partner to provide love, comfort, and companionship. They mention trying to find a girlfriend but experiencing repeated rejection, which is causing mental distress. The post highlights feelings of loneliness, hopelessness, and a desire to end their life, indicating that the cause of their mental disorders is related to relationship issues and a lack of support from loved ones."
"I want to die, but I love my boyfriend with all my heart. He's the only person in my life who has shown me what it is to just love someone. He's the only part of being alive that I like. My job sucks. My family sucks and without him I would have killed myself a year ago. 

I still don't want to live, and my functioning is going downhill fast. I want to figure out how to want this life. I want the desire to be present because it's not just me anymore, but I don't know where or how to start. 

How do I escape this pain?",alienation,"The post mentions feeling a strong attachment and love for their boyfriend, but also expresses a desire to die and a lack of desire to continue living. The poster mentions disliking their job and having a negative relationship with their family. They express a need to escape the pain they are feeling and a desire to figure out how to want to live. This suggests a sense of isolation and disconnection, as well as a lack of support or fulfillment in their life outside of their relationship. The cause of their mental disorders is likely related to their feelings of alienation and a lack of support from other aspects of their life."
And honestly I've been by myself for so long I don't even know how abouts I would even begin interacting with other people beyond superficial niceties.,relationship,"The post mentions feeling isolated and unsure about how to interact with others, suggesting a lack of social relationships and potential difficulty in forming or maintaining meaningful connections with others. This sense of social isolation and inability to navigate social interactions can contribute to mental disorders, making the relationship an assigned label in this case."
"Idk whether it's related to this sub's theme or not but I feel so exhausted because of this disguisting habit. I'm lying everyone even about my favorite colour, not to mention about my current mental condition. Why am I doing this?",relationship,"The post mentions a pattern of deception and dishonesty in the poster's interactions with others, including lying about their favorite color and their current mental condition. This suggests that the cause of their mental disorder may be related to relationships, as they are likely experiencing a fear of judgment or rejection from others and feel the need to hide or falsify aspects of themselves. This can lead to exhaustion and mental distress."
"I have never been diagnosed with depression, although my girlfriend has. She frequently has periods of extremely low moods that can go on for days or even weeks, and has attempted suicide in the past. 

Whenever I see her like this it eats me apart from the inside with guilt, because I feel like it's my responsibility to help her and make her feel better and when I can't I feel like shit. I feel like a failure whenever this happens and I don't know what to do.

Does anyone here know what to do? Or how to help? I hate watching this happen to her and I feel so guilty.",alienation,"The post mentions the poster's girlfriend having periods of extreme low moods and a history of attempted suicide. The poster expresses guilt and a sense of responsibility for her well-being, indicating a deep emotional connection to her struggles. They also mention feeling like a failure and experiencing guilt for not being able to help her. This suggests that the cause of the mental disorders in this post is a sense of alienation and helplessness in relation to their girlfriend's mental health issues."
"It's so difficult when someone asks me what my hobbies/interests are. 

  I can't just say 'staying home and sleeping all the time' or 'watching hours of YouTube' or something. I wish I could say I still have hobbies but I just don't.

  Sometimes I like to say 'I like going out to eat' but that's a lie because I try my hardest not to. I've always been the kind of person to just put on a front around other people and laugh and try to say what a normal person would say.

  I hate that I'm doing nothing with my life, but it's difficult to be determined when emotionally you just don't have the will to. Do you feel the same? What motivates you to change?",alienation,"The post mentions difficulties in identifying hobbies and interests, as well as feeling like they are ""doing nothing with my life."" This suggests a sense of alienation and disconnection from their own desires and passions, as well as a lack of motivation or will to make changes. The post also expresses a desire to present themselves as a ""normal person"" and put on a front, indicating a lack of authenticity and a feeling of being disconnected from their true self. These factors contribute to a sense of alienation and likely play a role in the development of mental disorders."
"I'm not visiting a therapist for 10 years and have to take heave medication everyday. I haven't been in a war and had a friend die in my arms. I'm not a homeless, heavy drug addict.

It's like today everyone is depressed. I don't want anyone to believe that i'm just some person trying to get attention or be a stereotype. For me life is hell but i know that there is a person that has it worse. But for me my problems are obviously the worst thing but... I dunno. I'm not worth that. 

A lot of shit happened to me, many stuff i don't even know exactly anymore because all i did my whole life is try to suppress it all to the point that i have no idea who i am anymore. I now i'm not normal but at the same time i feel like i'm not ""worth"" being called depressed or something. I'm just stuck between life and time with no where to turn to and not a goddamn clue what i am or what i'm allowed to be. There is no end and i can't even tell where i belong to. It's like i'm stuck in a tiny, tiny hole and i can barely breath.

Can't even type this without thinking to myself ""Just get over it, you're just stupid and not entitled to this. Just stop."" I hate everything.",medication,"The post mentions that the poster has been taking heavy medication every day for 10 years, suggesting that medication is a significant factor in their mental disorders. They also discuss suppressing their experiences and feeling stuck, indicating that they may be experiencing trauma or unresolved issues that require medication to manage their symptoms. The post also mentions feeling not ""worth"" being called depressed, which could indicate a belief that medication is not warranted or effective for their mental health."
"Since about halfway through the current school year I've been extremely apathetic towards most activities, and have found the only source of entertainment in music and going to the gym. I've lost most of my appetite and have no desire to do most things at this point. Many video games I used to play just feel so dead and lacking of fun. Am I depressed, or am I just feeling low?",alienation,"The post mentions feeling apathetic towards most activities and losing interest in things that used to be enjoyable. This suggests a sense of disconnect and lack of fulfillment, which aligns with the cause of mental disorders related to alienation. The poster's question about whether they are depressed or just feeling low further supports this, as depression often involves feelings of disconnection and a lack of interest or enjoyment in activities."
It's been 9 months and I have been battling depression and I'm giving up on the fight. I don't know how to make myself feel better. I hope one of you knows the answer,none,"The post mentions battling depression for 9 months but does not provide any specific information about the cause of the depression. Therefore, it is unclear what factors may be contributing to the poster's mental disorder, and no specific cause can be assigned."
"I have a lot (self-diagnosed, albeit) signs that lead to the dreaded D word. Not sure if it's because of external influences, or some chemical imbalance. I only find relief in meditation and sleep. I'm afraid to read others posts from fear of empathizing and manifesting their feelings in my life and not getting a sincere gist of my own situation and feelings. Are there any tips someone could give to someone who seems manic and apathetic at the same time? Is there anyone I can talk to who may understand what it is I'm feeling? Are these feelings even real?",none,"The post suggests that the individual is experiencing symptoms that could be associated with a mental disorder, but does not provide any clear indications of the cause. They mention self-diagnosed signs and potential external influences or chemical imbalances, but do not provide any specific details or experiences that would point to a specific cause such as bias or abuse, job-related stress, medication side effects, relationship issues, or alienation. Therefore, the assigned label is ""None"" as the cause of the mental disorder is not evident from the post."
"Hey. Excuse my incoming rant, I just feel like I have to get a few things off my chest or they will crush me for good and I have never done this before. Also excuse my English - I am prone to not paying attention to the grammar when I get long-winded.

What a year this was. Well, not for me but for pretty much everyone else I know. Success just can't stop coming for them. Pretty much everyone is doing great, even the people about which I used to think that they would end up in my current situation. And then there is me, in all of my useless, depressed self, wallowing in my self-inflicted misery. The only things that were enjoyable to me happened on a macro scale so they didn't really affect my personal actual situation at all.

I'm 24, still living with my parents and lonelier than ever before. I spend most of my days at home, mostly reading and watching useless crap on the internet. I read books too, but not as many as I used to. I've got attention issues. 10 years ago I could tear through a 600 pages long book in a day, today I can barely go for 15 minutes before I feel like I have to do something else (like refreshing a webpage and seeing that nothing has happened) and then have a hard time coming back to whatever I was doing. I can still read fast but I feel like I've become addicted to the ever-avaiable constant stream of shallow information that is so typical for this day and age - I think I know more the American electoral system now than I have ever wanted to know even though I live half a world away. Still, I've read pretty much through the entire Western canon over the last few years, trying to find answers... to anything with nothing coming out of it.

I procrastinate... a lot. It causes issues at the uni where I have been behind on pretty much every deadline I've ever gotten and considering what I've been told about my latest paper I may not even be able to finish it. But the degree I am trying to get is useless anyway (I chose it a few years ago in a bout of depression after I quit my original pursuit of some economics degree), so it probably doesn't matter anyway. The worst thing is that I think that I actually have a good work ethic when I really set my mind to something, but I hardly ever actually get to that point and I have a hard time staying in it because my mind just goes somewhere else. I've tried to write a book - I think I am pretty good with words, at least in my native language, and I thought it would offer me some more opportunities for escapism (that's pretty much the only peace I get these days). I got really excited, spend 3 weeks on it... and yet once I stopped some 30k words in, I have been having a hard time getting back, even though I have the whole thing in my head.

Those two issues are probably aided by thyroid problems. A doc told me two or three years ago that I should see a specialist because my thyroid apparently isn't working exactly as it should. I've ignored that advice and now I fear going to see a doctor because they will shit on me for neglecting the issue. I think it's just an irrational fear of criticism and denial. I know that I should do it and yet I can't bring myself to it. I've been delaying and delaying, always putting it in the ""after that"" spot. I am an idiot. Telling myself that I am an idiot does not really help though.

I've got communication issues too. Had them for a long time. I was bullied a bit at school when I was like 12 but while I thought for a longest time that it didn't affect me (I've become friends with all those people overtime), it probably ended up affecting me more than I thought it would. It certainly put a dent into my school performance, even though that was probably paired with the fact that I did not have learn anything for my first 6-7 years at school because all that stuff was too easy for me and so I never really learned how to learn, if you know what I mean.

The worst thing is that I feel like there is no reason for me to not live a normal life. I am clever... heck, my intelligence is well above average according to everything I have ever been told. I look normal - I think I",medication,"The post mentions several issues that suggest a need for medication. Firstly, the poster mentions attention issues and difficulty with concentration, which may benefit from medication to improve focus. They also mention procrastination and difficulty with completing tasks, which may be helped by medication to increase motivation and productivity. The post also references thyroid problems, which may require medication to regulate thyroid function. Additionally, the post mentions communication issues and a history of being bullied, suggesting that medication could potentially help address any underlying mental health conditions such as social anxiety or low self-esteem. Overall, medication appears to be a relevant factor in addressing the mental health concerns mentioned in the post."
"I was diagnosed with depression about 5 years ago and got prescribed prozac by my doctor at the time.  About a month after taking it, I felt really self-loathing and just worse in general, instead of better.  It got to the point where I nearly made an attempt on my life and got taken to the emergency room where they confiscated the medication off me.

Some time went by and I decided to go back again, this time they referred me for therapy, but the waiting list went on for a year and I still heard nothing (I'm in UK where NHS have free services, I couldn't afford private counselling).

The last time I went was about 2 months ago where they offered me medication again.  I decided to tell them I wasn't very keen on the idea of taking anti-depressants due to what happened before, and I also mentioned that I waited a year for therapy but it never fell through, and they said something among the lines of ""we're not sure what to do then"".

This feels like a really hopeless situation for me currently, but I wanted to write this to see if anybody has had something similar happened to them before, and how to dealt with it?",alienation,"The post mentions the poster's experience with medication for depression, specifically Prozac, and how it had negative effects instead of helping. They also mention trying to seek therapy but facing a long waiting list with no response. This indicates a sense of alienation and hopelessness in their mental health care journey, as they haven't found effective treatment options and have been let down by the healthcare system. Therefore, the cause of mental disorders in this post is related to feelings of alienation and lack of adequate support."
"I play on Playstation. The only friends I felt I’m actually close to (save 2/3 people at my school) are on Playstation. I hinted yesterday that I’m feeling down and made a few depression jokes etc. And they passed it off as me “going through an edgy phase”. Afterwards the two calling me an edgy teen left until it was me and my closest friend online. He asks if I’m depressed shortly after the other 2 leave. I tell him everything. He isn’t the first person I told, (1 of the previously mentioned school friends was the first) but he confesses to me that he knows how I feel, and that he self harmed for about a month of his life. I was shocked. I didn’t know what to say. I guess know I kind of admire him for getting over it and going through it. I’m scared to tell anyone else. I have suicidal thoughts and tendencies, I feel unmotivated and can’t get to sleep. I also usually can’t get out of bed in the morning. I am too scared to kill myself but I wish I could just die in an accident. I wish there was an easy way to cope with it or beat it but there isn’t. I feel like I’m the only one apart from previously mentioned friend that’s going through with it in my area. I guess when I go back to school the fake smile will have to fool everyone all over again.",alienation,"The post mentions feeling a sense of isolation and disconnection from others, particularly in the context of their friends on Playstation. They express feeling down and making depression jokes, which were dismissed by their friends as just going through an ""edgy phase."" The poster then shares their feelings of depression, self-harm, suicidal thoughts, and difficulties with motivation and sleep. They mention admiring their friend who self-harmed and got through it, indicating a sense of connection to someone who has gone through similar experiences. The post also mentions feeling like they are the only one in their area going through these struggles, further highlighting their sense of alienation. Therefore, the cause of mental disorders in this post is related to the poster's feelings of alienation and isolation from others."
"In my case it's my family and especially my mother who tell me that they can't deal with me and that they don't feel good either, which just gets me down even more. On the other side everybody wants to talk to me and connect me with people they know who are feeling or who have felt the same way and it's just extrem annoying.",relationship,"The post mentions the poster's family, specifically their mother, expressing difficulties in dealing with them and how this brings them down even more. It also mentions being annoyed by others trying to connect them with people who have similar experiences. These interactions and the dynamic with their family suggest that the cause of their mental disorders is related to relationships, particularly with their family."
"So i'm visiting another city with my friends, i knew upfront most of them would be couples and us single folks would be in minority, but what the hell, right? And at first, it went along well but now, two days in and i'm getting that feeling, like two people are making out violently next to you? Yeah, kinda like that. I also overhead someone say ""but anon is the only single person here, which i didn't really want spelled out to everyone. 

The only thing i'm thinking of right now is this and if maybe there's a bus that leaves for my city soon and jump on it without telling anyone. 

So i don't want to do now, other than eat and drink myself to sleep, with the others. I'm not bitching that ""waah, give gf now, waah"", it's just that I don't like being made fun of for this reason. So what, i'm single, i'm socially inept, and i'm depressed. That's me.",bias or abuse,"The post mentions feeling uncomfortable and singled out due to being the only single person in a group of couples. They mention feeling like they are being made fun of and feeling socially inept and depressed. This suggests that the poster may be experiencing bias or abuse from others in the group, as they feel singled out and mocked for their relationship status."
"When i lived in the states, i had no healthcare so if i wanted anti depressants and counselling, i had to pay out of pocket. i was 15 when i was diagnosed. my mom was working overtime to support me and my two younger siblings, there was no way she could afford mental health help on her own and she made that clear to me. Now that i live in kenya the mental health resources are even more strained and the stigma is worse for seeking them. when i try to talk to people about how i'm feeling they either make me feel worse or tell me they're sorry cause they don't know what to say. and why should they? none of them are licensed therapists. i'm at a point where i need intense professional help but can't get it so my best bet is to do whatever makes me feel better, no matter how harmful it actually is.",alienation,"The post mentions the lack of access to mental health resources and the stigma surrounding mental health in the poster's current location, Kenya. They also express frustration with the lack of support and understanding from others when they try to talk about their feelings. This sense of alienation and lack of access to professional help is likely contributing to their mental disorders and the harmful coping mechanisms they mention."
"I'm starting to think about it a lot. I have no skills, I have no hobbies and I've never been happy with any job.

I was happy with her for three years and she told me she loved me like no other then five months later is dating some other guy, I saw a photo of them together before the new years.

She was probably just using me, she most likely cheated on me multiple times - certainly once since she gave me chlamydia. I loved her so much I had never felt so safe and happy or secure in my life until I was with her and I believed she was the most amazing woman I would ever meet or had ever met.

I was kicked out of school young and I lost all my friends with that. I have been trying so hard for this past year to put myself out there and meet people but got no where. I feel so alone. I feel so sad. I am starting to lose confidence that I would never actually end my life I've thought about it since I was a child and always told myself I would never actually do it, life is full of possibilities but death is death.

I don't care about possibilities any more and death is sounding more and more like relief and peace of this emptiness.",relationship,"The post describes a series of relationship-related issues that are likely contributing to the poster's mental health struggles. They mention a breakup with a person who they loved and felt safe with, but who ended up dating someone else shortly after. They also mention suspicions of infidelity and being infected with a sexually transmitted infection by their ex-partner. The post reveals a deep sense of loneliness and sadness, as well as a loss of self-confidence. The poster expresses thoughts of suicide, indicating the severity of their emotional distress. Therefore, it is clear that the cause of mental disorders in this post is related to relationship difficulties."
"I thought that once I came back. That people would talk to me, that I'd be part of a group. That never happened so I feel so betrayed, like I put in so much work into myself over break to better myself and now you still won't talk to me. In reality, it was futile to begin with. Nobody would ever talk to me, I'm isolated beyond recovery. I'm destined to remain lonely.",alienation,"The post expresses a feeling of betrayal and isolation, suggesting that the poster feels excluded and disconnected from others. They mention putting effort into improving themselves over a break, perhaps in the hope of being accepted by others or forming connections, but feel that their attempts were futile. This sense of being destined to remain lonely indicates a deep feeling of alienation, which is likely contributing to their mental disorders."
"Somebody I care very much for has been on escitalopram for years due to crippling depression. He had been taking 10mg every night for years but about 2 months ago he started taking 20mg every night (2 of the 10mg tabs). His doctor said this was fine and last month he filled a prescription for the 20mg tablets which he's been taking since. Now, for the past week and a half, he's been feeling very emotional and out of control and the past 3 or 4 days he just can't stop crying, even at work. Every little thing upsets him to the point of tears and when he talks, he almost sounds like he's drunk. Of course, him being so emotional, he won't go to the doctor because he feels like it would be wasting the doctor's time. I was just curious if anybody here has had this happen or heard of this happening? Either with dose increases or changing strength of the actual tablet?",relationship,"The post mentions someone the poster cares about who has been taking an increased dose of medication for depression. The poster describes the emotional and out-of-control behavior exhibited by this person, including excessive crying and slurred speech. The post also mentions the person's reluctance to seek medical help due to feeling like it would be a waste of time. This suggests that the cause of the mental disorders in this post is related to the relationship between the poster and the person they care about, as well as the potential side effects or changes in medication."
"Nothing but social anxiety and depression. Can't talk to my parents, let alone a doctor. Can't even talk to my counselor. No friends and I spend my time playing video games. Guess what, today I got banned for being a toxic fucking scum. Also, the only living thing that I could be myself around was taken away from me last week, my dog. Can never see her again. Literally feel like my life was taken away from me. Don't even know how to sleep at night without knowing she's with me. 


I don't have the grades for any university, and community college will be a waste of time. I don't think I even have the ability to succeed in a trade school, cause even there, you need social skills to become an apprentice in your trade. So I can't even become a plumber or a garbage man. I'm thinking about the army to man myself up, but Ill never have the fucking balls. 



This vent can go on and on and fucking on, but I'll stop here. I hate my life.",alienation,"The post mentions feelings of social anxiety and depression and difficulty in talking to parents, a doctor, and a counselor. The poster also mentions not having friends and spending their time playing video games, suggesting a lack of social connection and alienation. They also express a sense of loss and despair over the recent death of their dog. The mention of feeling incapable of succeeding in school or trade school due to social skills further emphasizes their sense of alienation and disconnection from others. Overall, the post indicates that the cause of mental disorders for the poster is likely the feeling of alienation and lack of social support."
"I feel lonely because it's another NYE and it just reminds me that I've gone another year without finding anyone to connect with, share life with. Nobody to share stupid resolutions that we'll break with. Nobody to say ""happy New years!"" at midnight to. I feel like 2018 is just going to be another repeat of work, school, sleep, eat, again... and that I won't make any meaningful connection with anyone, won't achieve my goal of completing a degree, and it won't be any different from the last 5 years. 

I realize that this is probably part of my depression kicking in, but I'm really sad I haven't even got a friend to chat with tonight.",relationship,"The post mentions feeling lonely and a lack of meaningful connections with others. The poster expresses disappointment in not having someone to spend New Year's Eve with and a general sense of sadness about their lack of friends. They also mention their depression, which likely exacerbates their feelings of isolation and contributes to their mental disorder. Therefore, the cause of the mental disorder in this post is related to the poster's relationship issues and feelings of loneliness."
"I don't think I've typed here much.. but it's probably going to be my second or third time.
Many years ago I was into a long distance relationship that started with a solid friendship in 2010. After years this guy from Mexico left and  I spent years alone, literally crying until falling asleep. That left in me some serious trust issues. Years later in 2016 I started talking to a guy from Texas. He had gone through a lot of stuff and I felt like I could help him. Things were going right, we were friends and started a long distance relationship I loved. The problem is that he stated changing and we were arguing a lot. My trust issues didn't help either. I became too demanding and he kept ignoring me. One day I broke up with him and I was an idiot thinking he would try to get me back but he didn't. I found out he had someone else. Another long distance relationship. It killed me. I thought he was gone, but during all 2017 he has been typing, sending messages and telling me that he would leave her at some point and would come back because he loves me. He told me he doesn't love her and tried to break up with her (that was true, but she said she was going to kill herself if he leaves her) so he stayed with her. A week ago I got so mad at him for his decision of staying with her that I insulted him. I called him a coward, an idiot and much more. My temper doesn't help much either.
He replied and said he didn't care about me anymore and he blocked me everywhere. I can't sleep. I can't eat, I can't live. 

I think I fucked up and lost the only guy who ever showed some interest in me. I'm dumb, kind of nerd, not pretty and stupid. I don't think I'll get anyone else in probably years since I only had two relationships (both long distance ones) and I had to wait like 3 years for the next one to happen. (the last one I had) 
I think I am doomed to die alone. 
I don't know what to do, I feel so much anxiety. I want to stop feeling things, I'm a failure at these things. I'm horrible with relationships and I wish there was a way for me not to feel anything anymore.

Please help.",relationship,"The post discusses the poster's experiences with long distance relationships and the impact it has had on their mental well-being. They mention feeling alone and crying themselves to sleep after their first long distance relationship ended, leading to trust issues. They then describe the challenges they faced in their second long distance relationship, including arguments, feeling demanding, and their partner eventually leaving them for someone else. This caused the poster to feel devastated and question their worth, leading to anxiety and a desire to stop feeling emotions altogether. It is clear that the cause of mental disorders in this post is related to the difficulties and turmoil experienced in their past and current relationships."
Looking for some comfort as I've been having a rough time.,none,"The post does not provide any specific information about the causes or factors contributing to the rough time the poster is experiencing. It simply states that they are looking for comfort. Without any further details or context, it is not possible to determine the cause of their mental disorders."
"Hi all fellow friends who are suffering from depression!
I have IBS, suffer from sleep paralysis almost every single night, be a paranoiac. To add to that, I had bone fractures which forced me to go through 2 painful surgeries over the span of 3 years (the first one to add a fixation device to my bone and the second one to remove it). The amount of antibiotics and painkillers I used only makes all the symptoms I have much worse. Sometimes I feel like I am the most unfortunate person in this world. And as a result, the fact that I have all these symptoms in my 20s when all my friends around me are super healthy makes me suffer from depression as well. Things have been hard for me for a few years. I don't want to go out and meet strangers and spend most of my time in my room.

However, a new year has come and I am determined to regain control over my life. I don't want to give in to these diseases that easily. I am too young and I have to support my family as well. I have maintained a habit doing exercises everyday for 2 weeks (running and hitting the gym). Now I want to start reading to understand more about all the aspects of mental health. I would be much grateful if you guys can recommend any books you think would be of great help to a person fighting mental illness. Tks for reading and sharing!",medication,"The post mentions multiple physical health conditions (IBS, sleep paralysis, bone fractures) that have required surgeries and the use of antibiotics and painkillers. The post also mentions feeling like the most unfortunate person and suffering from depression as a result. The use of medications and the impact they have on the symptoms suggest that medication may be a contributing factor to the mental disorders mentioned in the post."
"EDIT: Wow that many upvotes and support, thank you to everyone who has commented here, it has helped me, happy new year

I have been born in a terrible part of a bad country in south east Europe, I suffer from depression, social anxiety, severe OCD, (I can't get help for any of my mental illnesses) I suffer waking up, and suffer even more when going to sleep, I am slightly overweight, get bad grades at school, am socially awkward as hell, get bullied, feel poor, my family has been damaged by the communist system, I feel guilty and worthless, I have a toothache and will probably have to go to the dentist about it, doing that in the part of the world where I live in is what I genuinely think is brutal torture, have anger issues, been feeling numb lately, I can't help but mindlessly envy people who have honestly had it way easier than me in life as they revel in their lives, cake walking through their days as I suffer... and I get that the image that they have painted of themselves through social media is not accurate, the internet has lowered my self esteem by making me feel left behind and inadequate because it made me feel like I am here suffering, feeling guilty and worthless while others are having a blast in their perfect lives, (one of the most memorable things that made me compare myself to someone was a tweet by jesse cox saying things along the lines of how he gets to do all these cool things because he is a popular youtuber and how he is having an amazing time of the year, ""having the biggest joys of his life"") I have piles of homework that I have trouble starting because I know it will be painful, I feel inferior to everyone else in my class and I have no idea how they push themselves to do the painful ass work required to get good grades, I am jealous of others in my class, I can't bring myself to workout, I stutter, I feel lazy and unproductive but can't have that pain bring me to do work, I think I am causing my parents depression, my voice sounds like absolute garbage, and cringey + high pitched when I speak in English, I keep feeling tired...

I am starting to doubt I will ever fix my life and be successful",medication,"The post mentions several mental illnesses including depression, social anxiety, and severe OCD, and also states that the poster is unable to get help for these mental illnesses. Additionally, they mention feeling numb, having anger issues, and experiencing fatigue. These symptoms indicate a need for medication to manage these mental illnesses and improve their overall well-being."
"I question my purpose daily. Will I ever find the ""one"" for me? This spiral of emotions I deal with on a daily basis has me emotionally numb if that makes any sense. It's noticable in day to day conversation. Praying for better days",alienation,"The post mentions questioning one's purpose and a desire to find a romantic partner, indicating a sense of disconnection and alienation from others. The poster also mentions feeling emotionally numb and seeking improvement through prayer, further suggesting a lack of emotional connection and a sense of isolation. This sense of alienation and disconnection is likely contributing to the poster's mental disorders."
This is all that plays in my head on repeat when I'm not in bed.,none,"The post does not provide any information or context that would suggest a specific cause of the mental disorder. It simply mentions repetitive thoughts playing in the person's head when they are not in bed, which is not enough to determine a specific cause."
"All day today I've been shaking and my anxiety has been through the roof. I spent my day in bed crying and throwing up. Nothing brought on this panic attack, I've just been awfully down.",alienation,"The post mentions experiencing high levels of anxiety and having a panic attack for no apparent reason. They also mention spending the day in bed crying and feeling down. This suggests a sense of isolation and disconnection from others, as the post states that nothing brought on the panic attack. The poster may be feeling alienated and unable to find support or understanding from others, which is likely contributing to their mental disorders."
"For the past few months I've been going through a tough period of depression, but a month ago everything changed. Warning: long.

For the past year my parents have been fighting constantly. Their fights slowly grew in number and severity at the beginning of 2016, peaking in the summer and falling afterwards. January-May, June-August, August-December.

At the beginning I tried hard to not let it affect me, I genuinely believed I was fine, and that the fighting would pass. After all, my parents have always had a rocky history. Unfortunately the fights only grew, and I began fighting my mom. My mom invested a large amount of time into alternative healing, something I am strongly against. I hated it, I still hate it, I still get angry at my mom for falling into these traps. I want her to realize that her problem has nothing to do with toxins, imbalances, alkaline levels or mindfulness, the problem is her. Her as a whole.

I tried arguing this for months, to no avail. Overtime I guess it all got to me. The constant stress, the hatred towards my own home.

The mental problems first began at the beginning of the year. During this time I had constant racing thoughts, I was unable to maintain a clear head. I also felt extremely anxious at this time. Little things would cause me to become extremely anxious, such as being out and about with my own family. I was always afraid someone was watching my every move, even at home. I guess this counts as paranoia too. This affected me physically too, I was uneasy, my stomach hurt quite often. I was exhausted easily.

These feelings slowly disappeared, replaced with new ones in the summer. At the beginning of the summer, around June, I created a list of things I wanted to learn over the summer. I wanted to be productive over the summer. I never completed a single task on that list. Over summer I simply failed to complete anything. I would start projects, and never complete them. I’m not sure if it has anything to do with procrastination or depression. I wasn’t necessarily sad, I simply failed to function. I would like to note that the fights both with my mom and between my mom and dad were at their worst during this time.

Fall and winter were the worst. I slowly became more and more depressed as the realization that my parents were officially going to divorce. My inability to function fully carried over. I would come home, fail to do my homework, or any work for the record. Even sitting at my desk and wasting time became exhausting. My parents fights decreased in number and in severity, but they affected me more than ever. I “blew up” often during the summer, exploding in anger, but around this time I couldn’t feel anything but sadness and hopelessness. I was too tired and too depressed to care. Not just about my parent’s situation, but about school, about life. There were some rare times in which I had suicidal thoughts. I hardly cried, but I was completely broken on the inside.
(READ LIST)

-------------------

*Ups:*

**High energy**

* Shaky

* Hard to stay still

* Lack of need for sleep

* Pacing

Example: Once on a trip to Malaysia, my family was eating dinner, I wasn’t. It was around 8:00PM that day and all I had was a red bean bun, one cucumber sushi roll and lots of water throughout the day. That night I felt so energetic that I had to get up out of my seat and walk around the restaurant in order to calm myself down. I was unable to calm myself down substantially, and was still highly energetic but I was a bit calmer.

**Paranoia**

* Loss of trust in others, even close family members and friends

* Believing others to be plotting against me in some form

* (Mixed with delusions) Thoughts of monsters trying to hunt me down

* Thoughts of people trying to kill me

* Government surveillance

* Loss of trust in those close to me

Example: On the way to the airport in December my mother, sister, grandparents and aunts split up in different taxis. My mother received a ride from her married friend. (This friend also has children.) My mom came",relationship,"The post mentions experiencing high levels of anxiety and having a panic attack for no apparent reason. They also mention spending the day in bed crying and feeling down. This suggests a sense of isolation and disconnection from others, as the post states that nothing brought on the panic attack. The poster may be feeling alienated and unable to find support or understanding from others, which is likely contributing to their mental disorders."
"It's about other things too, but depression is a big part of it.

The thing is that I've got it about 80% done, over more than a month ago.  

And now it's just kinda sitting there, unfinished.  
&amp;nbsp;

I have tried to ""finish"" it, but it's just too difficult.

Trying to finish the video just proves itself to be too much of a task. So I am just going to put it out as it is.  


&amp;nbsp;  
Do you guys also experience this? You start with something, and at first you are excited. But then when you are almost done you just loose the will to go forward.  

&amp;nbsp;  
Anyway, I am going to post a link here as soon as I have it uploaded.
It's going to be a really good video, so I hope some of you guys would like to watch it.",jobs and career,"The post mentions feeling depressed and struggling to finish a video. The poster mentions starting with excitement but losing the will to go forward when they are almost done. This suggests that the cause of their mental disorder may be related to their job or career, as they are experiencing difficulty completing a task and feeling a lack of motivation in their work."
"I was just curious as to what medication/mg are you on? Has it helped you? what other meds have you tried? I'm currently on Effexor XR 300mg, and it has helped me so much!!! but if I don't take my medication at the same time everyday I feel so sick, horrible brain zaps to where I cant even move my head/eyes.",medication,"The post directly mentions the poster's current medication (Effexor XR 300mg) and how it has been helpful to them. They also mention experiencing physical symptoms, such as brain zaps, when they do not take their medication at the same time every day. This indicates that the mental disorders mentioned in the post are likely related to medication and its side effects."
"I can either stay at home and drink wit my parents friends which will be shit or I can ride my bike about 4 hours to get to the city where my friends live. Part of that ride includes going over a fucking mountain. Plus, just took a ritalin pill so I'll be fucked after the ride.",medication,"The post mentions taking a Ritalin pill, indicating that the poster is taking medication. They also mention that they will be ""fucked"" after the ride, suggesting that they may be experiencing negative side effects or a reaction to the medication. Therefore, the cause of their mental disorders in this post is likely related to the medication they are taking."
"I honestly feel empty all of the time. I'm super insecure and I don't really love my family, which I feel a little bad about, but I just don't. I've had to move my entire life so I don't really have any friends so I just sit in the dark all day. I really hate school, not because I'm not smart or anything, but I just have to go and see people who actually have friends/people who care about them. I go to a Catholic school and I don't believe in god so every time they pray I feel like laughing at them which just illustrates how awful I really am. I want to transfer to public school but I know I wouldn't be able to make any friends there anyway. I always have to sit with the foreign exchange students who can't even speak English (I'm american) because they are the only people who tolerate me. I think about suicide all the time but I know I probably won't kill myself because it won't change the fact that I live a completely meaningless life and Ill just fade into the void after I die. I really don't see why anyone would try to become friends with me because I have super shitty social skills, which I happened to inherit from my parents. I've been to a psychologist and it really didn't help. I have one person who I can really talk to but I want to not have to because I feel like I'm just dragging her down with me whenever I talk about how much I hate my life. The only thing that makes me feel a remote amount of happiness is money, and I honestly could care less if I lived or died at this point. I just needed to get this out because the person I've been talking to is probably getting tired of hearing it.",jobs and career,"The post mentions feeling empty and insecure, not loving their family, and having to move frequently, which suggests a sense of alienation and disconnection from others. They express a dislike for school because it reminds them of other people with friends and support systems, and they mention feeling like an outsider at their Catholic school due to their lack of belief in God. The post also mentions suicidal thoughts and a belief that their life is meaningless. The mention of wanting to transfer to a public school and the difficulty in making friends there indicates that social isolation and a lack of a support network may be contributing to their mental disorders."
but I just can't.,none,"The post does not provide any information or context to suggest a specific cause of the mental disorder. It is a brief and vague statement that does not indicate any underlying factors such as bias or abuse, job-related stress, medication, relationship issues, or a sense of alienation."
"I guess not: What's the point of having no friends,girlfriend or social life basicly... I'am only alive because of my family... I dont want to make them sad and to think that they're responsible for they're son death..I don't know man,I hope this year atlest bring some happines to me, but i've really lost my hope about everything...Anyways i wanted to share that with u guys..Have a happy new year and be blessed all &lt;3 Peace.",relationship,"The post mentions feeling lonely and lacking friends, a girlfriend, and a social life. The poster reveals that the only reason they are alive is because of their family, indicating a lack of fulfillment and satisfaction in their personal relationships. They express a loss of hope and desire for happiness in the coming year, suggesting that their mental disorders may be caused by their sense of isolation and longing for connection with others."
"Just like last year and the year before it, and possibly many years to come. My resolution is to stay alive.  
I tell myself this every year, and every year it gets harder, but I'm still here.  

I am gonna make it through this year, if it kills me.",none,"The post suggests that the poster has a history of struggling with their mental health and has set a resolution to stay alive. However, it does not provide any specific information about the cause of their mental disorders, such as bias or abuse, job and career issues, medication, relationships, or alienation. Therefore, the assigned label is ""None"" as there is not enough information to determine the specific cause."
"Maybe this post belongs in r/anxiety; I'm not quite sure. I do know that lately I've had this feeling that, on several occasions, has made me quite literally sick to my stomach. It's very hard to describe.

See, I recently turned 18. I'm graduating high school a semester early with a fairly low GPA (2.7 weighted) despite my myriad veritable academic interests because I have this overwhelming boredom and this feeling that nothing is happening when I'm there. This nothingness has grown increasingly pervasive in my life.

I want to go to college but feel it is not in my best interest at the moment. I want to take a year off and work but am worried a year might turn into a lifetime of dead-end jobs and complacency. I want sometimes to pass my house in my Jeep and keep driving. But what would that solve?

I guess what I'm getting at is that I have no direction at the moment and nothing is calling me particularly loudly. I don't know where to go or what to do. I often find my eyes welling up and my fingers tapping my quivering leg with a sense of urgency, but alas I am still sitting. This yearning to do, to live, to experience coupled with my indistinct, unguided future, has birthed an uneasiness, a tension, that I haven't been able to relieve. 

Thank you for taking the time.",jobs and career,"The post describes feeling overwhelmed, bored, and directionless in their academic and career pursuits. They mention graduating high school with a low GPA and feeling that nothing is happening when they are at school. They express a desire to go to college but feel it may not be the best option for them at the moment. They also mention the fear of taking a year off and ending up in dead-end jobs. This indicates that their mental disorders are likely caused by the stress and uncertainty surrounding their academic and career choices, making jobs and career the most suitable label for this post."
"I have this habit of writing poetry to write how I feel - and it seems like this one might be appreciated here:   
https://mkbenigma.com/2017/12/30/loner-bar-anthem/",none,"The post is a link to a poetry blog and does not provide any information about the poster's mental state or any potential causes of mental disorders. Therefore, there is no clear cause assigned to this post."
"Like seriously I can just be driving and I'll have a breakdown and start crying. On Friday I was cleaning at work and I was getting really frustrated because I was extremely tired. I was trying so hard not to cry. Then I came home very angry and had a really bad outburst at my boyfriend.


Like for real what is wrong with me?",medication,"The post mentions experiencing breakdowns and crying while driving, as well as having a bad outburst at their boyfriend. These emotional fluctuations and outbursts could be symptoms of a mental disorder. The post also mentions feeling frustrated and extremely tired, which could indicate that their emotions and behavior are being affected by medication or medication-related side effects. The poster expresses confusion about their behavior and asks what is wrong with them, suggesting that they suspect the cause may be medication-related. Therefore, the assigned label for this post is Medication."
"I'm really depressed. There's no one here to help me or to force me to get up. I've been in bed for a few days, only getting up to go to the toilet and refill my water. I haven't had any energy to make food so I've not eaten in 4 days. Just water. 

This is a particularly bad period, but even when it's better, it's still tough. I was randomly googling things like ""how to survive when you're depressed"" and one of the common pieces of advice is to be kind to yourself and accept that you're not operating at your normal capacity.

The problem is, if I'm operating only on 20% capacity, what do I do when my life is demanding at least 60%. I have so many things I haven't done. I missed a doctor's appointment yesterday, I ignored a friend's invitation today, my credit card is due to be paid in a week and even though I have the money to pay it, I just haven't yet. My fridge is completely empty aside from food that is two weeks bad. I haven't showered in 5 days. I have a massive laundry pile to do.

None of these things are unmanageable on their own, but there's just so much that I feel I can't do. How can I even begin to get help when I'm this bad? It feels like I've already reached my limit just refilling my water and going to bed.

How do I survive, in practice, when it's taking all my willpower to simply not kill myself? The guides online say to recognise the small achievements. What do you do when staying in bed and not killing yourself is an achievement? It might be admirable from some perspectives, but the world doesn't stop for chronically ill people.",alienation,"The post mentions feeling depressed and being isolated without anyone to help or support them. They describe being in bed for days, not eating or taking care of themselves, and feeling overwhelmed by basic tasks. They also express thoughts of suicide and a lack of motivation or energy to do anything beyond basic survival. This sense of isolation, lack of support, and feeling overwhelmed by the demands of life suggests that the cause of the mental disorders in this post is related to a sense of alienation and disconnection from others."
"Finally went to the doc after being in a nine month low, the lowest I've been in years. I started meds and my doc just upped them after my three week check up. She also gave me a pill to stop panic attacks. 

I thought I was making strides forward. Today my dad's girlfriend, a very nice and loving woman, died. She died the exact same way my mom died almost exactly six years later. 

I remained calm for him, but I'm having a terribly hard time. I'm just numb. I just don't fucking understand. Death just follows me. 

I don't know what to do. My boss told me to take tomorrow off. My dad lives 3 hours away and is snowed in so I can't really even go visit him. 
I'm drowning.",medication,The post mentions the poster's recent visit to the doctor for a nine-month low and their subsequent prescription of medication. They also mention the doctor increasing the dosage and providing a pill to manage panic attacks. The post then discusses the death of the father's girlfriend and the poster's struggles in dealing with grief and feeling numb. This suggests that the mental disorders in this post are related to the poster's medication and the emotional response to the recent loss.
I'm not afraid anymore. Fuck this world and everything in it. I'm getting no where. I have the noose tied.,alienation,"The post expresses a strong sense of anger and frustration towards the world, as well as a desire to end their life. The use of profanity and the mention of tying a noose indicates a deep level of despair and isolation. The phrase ""getting no where"" suggests a sense of alienation and a lack of purpose or fulfillment in life. Therefore, the cause of the mental disorder in this post is likely alienation and a feeling of disconnection from the world."
"I have extremely high standards when it comes to soulmates and partners, in fact, I've such high standards, me being 20 years old 
 I never had a girlfriend, and yes, I am extremely good with people; I can tell almost immediately who's who just by looking at them and conversing for a few minutes, and no, I'm not socially awkward, nor do I have social anxiety. A few days ago I saw perhaps the most perfect, and the absolute ideal soulmate in a video on youtube I've ever seen in my lifetime, and no she isn't super-famous or super-rich or anything, she's a starter youtuber. If you know a thing called ""internal checklist"" that you have for the perfect partner to fit under, appearances, personal traits, perhaps manners, the way they dress, their ""own world"" etc, not only was mine fully filled, it also has extras, AND she's single. Sadly, this isn't a story with a happy ending. She has a social anxiety, I've no way to get in touch with her, nor would I want to make her uncomfortable by being a random creep who follows her around, does research on emails /contact info etc, I'm not thinking about myself in this case because she purposefully hid her email address from youtube as well as contact info and I won't try to obtain it. I did try to look her up on facebook, and she hid everything from public, hence proving that it'll just make her even more uncomfortable if some random unknown freak sends her a random email to an address that shouldn't've been discoverable by public. This glass effect is SO bloody painful; I can see her, I hear her talk, yet she will never know about my existence, we will never meet, and never look at one another in real life, ever. It is new year's eve today, and I literally just feel like going back into my maths [I'm studying compsci] and not getting out of the world of mathematics for the next 3 months, I feel HORRIBLE, just so damn empty, tired, somewhat broken, especially when I realize that such people (for me I mean) probably will come up once every 20 years, judging by my past years. Obviously not suicidal, but my fucking god, I've never felt such a strong soul pain. I know it might sound cringy, and I'm sorry about that, I've just never felt this pain before. And if this is love at first sight, why in oblivion is it glorified so much? This pain is just so damn unbearable, especially knowing that I may, perhaps either end up being alone because such people are **ridiculously** rare, or marry someone just for financial stability, which most likely won't be the case for me; money means nothing if there are no feelings. 

Anyways, thank you for reading this long ramble, I'll try my best to recover and just, sort of move on, although I know that periodically I'll probably get dragged back to this person. *sigh*",relationship,"The post expresses intense feelings of pain, emptiness, and longing related to a person the poster perceives as their ideal soulmate. They mention internal checklists for the perfect partner and feeling that this person meets all the criteria. They also discuss their inability to reach out to this person due to their concern about making them uncomfortable or being seen as a random creep. This unrequited love and the resulting feelings of emptiness and yearning are likely the cause of the mental disorders mentioned in the post."
Came to cry and reminisce. And think of all the lives I could've touched if I wasn't depressed...,alienation,The post suggests that the poster feels disconnected from others and believes that their depression is preventing them from making a positive impact on others. They express a sense of regret and longing for the ability to touch lives and suggests a lack of fulfillment and a feeling of being isolated from others. This sense of alienation and disconnection is likely causing the mental disorders mentioned in the post.
"Back in August I finally got the help I needed, and was prescribed therapy and medication. I'm overall in a much better place than I was beforehand, but I feel myself slipping back. I have dangerous thoughts, I'm crawling back inside my own head, and I left the apartment only once this entire weekend: to do my laundry so no one will notice anything is amiss tomorrow. 

Since I've been on it, I could count the number of days I've missed taking a pill on one hand. Then, over about the last month and a half, I noticed a decline.

I doubt it's a matter of increasing the dosage of my medication either. I'm on Effexor 300mg, have been for a couple months now. My provider told me that I'm already at the upper limit for medicinal dosage, so it seems that simply going up won't be an option. Which kinda sucks, as I'm not dealing with a whole lot of side effects, except for maybe memory problems, which is probably unrelated as it's historically been terrible anyway.

I think it's just simply a matter of it not working as well anymore. At the peak, I could go hours, sometimes a day or two, without a thought about killing myself. Before, I couldn't go an hour without considering it for at least a couple minutes. Now they're back, along with the feelings of worthlessness and self-loathing.

I don't want to go back to that, I don't want to. I want to get better. I just want to know if it's possible for medication to just... stop working like this. To work one week, and then start dropping down again. It sucks. It really fucking sucks and I just want to stop wanting to jam a fucking knife in my neck. 

So, yeah. Is that possible? For medication you've been on for less than 6 months to just stop?",alienation,"When the poster says ""I finally got the help I needed, and was prescribed therapy and medication,"" it suggests that they have been struggling with mental health issues. They mention being in a better place after starting therapy and medication but then describe themselves slipping back into dangerous thoughts and self-loathing. They also mention having a decline over the past month and a half and feeling like the medication is not working as well anymore. This suggests a sense of alienation and frustration with the medication not providing the desired results, contributing to the mental disorders mentioned in the post."
"I’ve been having lucid dreams due to the side effects of my meds and I’m finding it hard to cope with them. I talked to my doctor and he told me to try taking them in the morning instead of at night but that hasn’t really helped.

I also asked him for sleeping pills and they didn’t help either. In fact, they made things worse as I woke up right after from a nightmare and I found myself grabbing onto the bedsheets like I was grabbing onto something from my dream. I don’t remember what it was but it was the first and last time I took them.

Going to sleep is no longer the comfort it once was. Even though I get plenty of sleep I wake up feeling mentally drained, and because these lucid dreams make it seems like I was awake and dealing with real life situations that tend to be stressful and unpleasant it’s like I wasn’t really asleep. Physically I’m well rested but mentally I’m not. Idk if that makes sense but I feel like I’m going crazy because in my dreams I sometimes “wake up” and think everything is normal but then previous events from the dream come back and it’s so confusing. Then when I really wake up it takes me a minute to actually realize it was all just a dream and it’s messed up. 

I told my doc and he said most of the antidepressants have similar side effects and that’s kinda made me miserable. I don’t wanna trade my sanity just to stop being depressed. I’m honestly thinking about stopping meds again. Idk anymore.",bias or abuse,The post mentions experiencing lucid dreams as a side effect of medication and the distress and confusion it causes. The poster also mentions feeling mentally drained and that going to sleep is no longer a comfort. The doctor's suggestion to take medication in the morning instead of at night and the unsuccessful attempt to use sleeping pills indicate ongoing struggles with medication and its side effects. The post also mentions feeling miserable and considering stopping medication altogether due to the negative impact on their mental well-being. These experiences suggest that the cause of mental disorders in this post is likely related to the bias or abuse experienced through medication side effects and the negative effects it has on the poster's overall mental health.
I’m such a fucking retard. I deserve to die. I hope that I’ll die. It’s all too fucking much.,alienation,"The post uses derogatory language towards oneself and expresses a desire for death, suggesting a deep sense of self-isolation and disconnection. The tone of the post also indicates a high level of distress and hopelessness, which are common indicators of feelings of alienation."
"I need the confidence I have when I’m drunk. I’m just a better person and not a little bitch I need help why can’t I just remove the insecurities from my life and just live my life please just help me. I’m really
Fucked right now and I just wish i felt like this all the time",jobs and career,"The post indicates a desire for confidence, specifically referencing the confidence the poster feels when they are drunk. They express a need to remove insecurities from their life, suggesting that these insecurities are present in their day-to-day life, possibly related to their job or career. The post does not mention any other potential causes such as bias or abuse, medication, relationship issues, or alienation, making jobs and career the most likely cause for the mental disorders described."
"A bit of background: I've been struggling for 5 years with severe depression and I'm currently in my 3rd year of college. My main drive in life has been to eventually get a job over-seas (mainly anything involving national security or humanitarian aide) to help people around the world however I can. Currently studying Political Science with a minor on International Relations and have plans to continue through law-school. 

Thing is, I'm getting really restless along the way. I have a future job in mind that only requires a bachelor's degree but I'm afraid that a degree on Political Science won't really get me anywhere in the long run so I should have a law degree to back it up just in case things don't go as planned.

I've also considered going on student exchanges but due to economic problems in my family, we've had to prioritize our expenses on other necessities. I live in Puerto Rico so we've also had to deal with the aftermath of hurricane Maria; university's been delayed for months so any chances for internships clashed with the semester's new schedule. Due to all of this, I haven't been able to fulfill that desire to travel.

I feel like there's so much going on around the world and the fact that I'm stuck for a couple more years buried in lectures is killing my motivation. I've tried to distract myself through different hobbies, volunteer work and going out with friends but nothing's genuinely helping.

Don't wanna drop out of college at all but I'm finding the road ahead really tedious. I'd like to hear how any of you have dealt with a similar kind of rut and how I could maybe find that drive again to not let my grades go down cause of my depression.

Thanks for reading and happy new year",jobs and career,"The post mentions several factors related to the poster's career and educational goals that are causing them to feel restless and lose motivation. They express a desire to work overseas in national security or humanitarian aid but express concern that their Political Science degree may not be sufficient. They also mention economic problems in their family, which have prevented them from participating in student exchanges or internships. Additionally, they mention feeling stuck in lectures and finding the road ahead tedious, which indicates a lack of fulfillment and satisfaction in their current educational path. These career-related stressors and concerns are likely contributing to the poster's experience of depression and loss of motivation. Therefore, the assigned label is jobs and career."
She randomly blocked me on all social media we message each other on. She was the only reason I kept going every day. Now I've wasted days in bed. I start school again soon and all I can think about is her. I really miss her. She's probably never going to talk to me ever again. I'm nothing.,relationship,"The post mentions a sudden, unexplained block from someone who is described as the only reason for the poster's motivation and happiness. The poster is feeling devastated and unable to move on from this loss, indicating that the relationship and the sudden loss of it is causing significant distress and contributing to their mental disorder."
"I'm a girl in my mid twenties who has two friends, a job that's steadily decreasing my hours, no car, and no real hobbies. I've struggled between keeping myself entertained, keeping my depression at bay, and balancing my anxiety with my attempts at socialization. But I feel like no matter what I do, I always end up feeling alone. 
I used to be parts of groups, used to make friends in school, used to have things to do outside the house. But now I feel like I'm going through the motions of each day and not taking anything away from them. 
The worst part is feeling alone when I'm surrounded by people. I was out just two days ago and almost immediately wanted to head home. I've always considered myself an extrovert but lately I've found it hard to connect with people. Even in my own home, where I have a few roommates, I feel like nothing I do to interact with them is ever enough. One of them is obsessed with his video games, one is barely ever home, and the other one is dealing with anxiety issues of her own that I always feel like I'm bothering her when I try to hang out. And now the icing on the cake is last minute cancelation of our New Years plans (for valid reasons), but then instead of the four of us watching the ball drop together, everyone went to bed early leaving me yet again alone. Now I'm ringing in the New Year crying and writing this down, hoping if I make sense of my crippling loneliness, then there's hope in 2017 I can do something about it.",alienation,"The post describes the poster's feelings of loneliness and alienation, despite being surrounded by people. They mention struggling to connect with others, feeling like they are going through the motions of each day, and not finding fulfillment in their interactions. They also mention feeling like their attempts to interact with their roommates are not enough and feeling like they are bothering them. The post clearly indicates a sense of alienation and disconnection from others, leading to their mental disorders."
"I’m 17 and my mental health is at an all time low. I think about killing myself every day, but I never go through with it because of my parents, whom I love very much. The thing is, my grades have gone from As to Ds and Fs. I can’t bring myself to do anything. I keep asking for extensions but not fulfilling them. I have no friends and I spend everyday sleeping.
After a 6 year battle with depression, I want it all to be over. I’m either killing myself, or I’m fixing this by going to a mental hospital. Do I need my parents’ consent to be admitted? How long do you usually stay? And what has your experience been?",none,"The post does not suggest that the poster's mental health issues are caused by bias or abuse, medication, relationship issues, alienation, or job-related stress. The main focus of the post is on the individual's struggle with depression, thoughts of suicide, and seeking help through a mental hospital."
"I invited my friend Ryan to brunch yesterday since it had been a while since I saw him and I wanted to catch up. He is 16 and a junior in high school; I'm 17 and a senior in high school. Things were going great until he suggested we go hang out at my house. I drove him over and we went into my room. There was only one chair at my desk seeing as I'm usually the only one in my room so he sat on my lap - he is bi and I am gay so we're both ok with that. Then I started to go for his crotch and he told me to knock it off. I stopped for a while but then I went back in again, eventually getting all the way under his pants. A few minutes later he mentioned he had plans so I drove him back to his house and we went our separate ways. 

I just can't fathom how I could possibly do something like that. It was like my hormones just completely controlled me and my brain just turned off. What kind of person attacks their friend like that? And to top it off, I knew he had feelings for a girl at the time so i probably just fucked up their relationship. What the fuck is wrong with me? I don't normally have a high sex drive either. 

I feel so scared and guilty and I just want him to be OK. I don't give a shit about myself anymore. Now I understand why people self harm.",relationship,"The post describes a situation where the poster engages in inappropriate sexual behavior with their friend. They express confusion and guilt over their actions, indicating a disturbed relationship dynamic. The post also mentions a fear of negatively impacting their friend's relationship with someone else, further highlighting the importance of relationships in their mental state. The mention of understanding why people self-harm suggests that the poster's feelings of guilt and self-blame in the context of a relationship disturbance may be contributing to their mental disorder."
"I have depression as well and I understand how overwhelmingly heavy it can get, it helps to talk. also it’s usually easier to write than to say certain things out loud. if anyone needs to talk to someone I get it and I’ll listen.",relationship,"The post mentions having depression and understanding how heavy it can feel, indicating a personal experience with mental health issues. The poster offers to listen and talk to anyone who needs someone to talk to, suggesting a willingness to provide emotional support in relationships. This indicates that the cause of the mental disorder in this post is related to the poster's experiences and understanding of depression and the role of supportive relationships in managing it."
"I struggled with OCD, depression, and anxiety.

The SSRIs completely took away my depression, but didn't resolve my anxiety or OCD.

I never took high doses of SSRIs yet, but have any of you experienced this.  I found it weird that depression was the easiest to lose.",medication,"The post mentions struggling with OCD, depression, and anxiety, and specifically discusses the use of SSRIs (a type of medication commonly used to treat depression and anxiety) to manage these symptoms. The poster notes that while SSRIs helped with their depression, they did not resolve their anxiety or OCD. This suggests that medication is a contributing factor to the mental disorders mentioned in the post."
"I feel like if I was my non-depressed self, I would be able to get myself out of the situation that's making me depressed.",alienation,"The post suggests that the poster feels disconnected from their non-depressed self, indicating a sense of alienation from their own emotions and identity. They believe that their non-depressed self would be able to handle the situation that is currently causing them depression, but they feel unable to do so in their current state. This sense of alienation is likely contributing to their mental disorders."
"After being tossed aside by a few people now that I considered really close to me, it has me wondering if it’s even worth meeting new people. Like damn, I spent 7, 8, 9 years getting to know these people just to get blown off in the end. I don’t want to start over again telling people about myself, telling stories, explaining how I think, and all of those things you naturally do when you know someone for years. 
It’s not even just loneliness, it’s a feeling of dread knowing that you’re going to have to go through the same things that you did with the people who have hurt you to try and feel like you mean something all over again. 
Don’t really expect anyone to read this seriously, just felt like firing up the old depression account again.",relationship,"The post mentions feeling hurt and tossed aside by people that the poster considered close to them. They express a sense of dread and reluctance to start over again in forming new relationships, as it feels daunting to go through the process of getting to know someone and opening up about themselves. They also mention using a ""depression account,"" indicating a history of mental health struggles related to their experiences in relationships. Overall, the post suggests that the cause of mental disorders for the poster is related to their negative experiences in relationships and the resulting feelings of loneliness and mistrust."
"Hi there, 

It's normal to feel lonely during the holidays, here are 5 Tips to Avoid Feeling Lonely over the Holidays:

1. Reach out to others
2.Volunteer
3.Be grateful
4.Take a break from social media
5.Treat yourself

http://blog.tranqool.com/2016/12/07/5-tips-avoid-feeling-lonely-holidays/",none,"The post does not suggest that the poster has experienced bias or abuse, job-related stress, medication-related side effects, relationship issues, or a sense of alienation from others as contributing factors to their behavior. Instead, the post provides tips and advice on how to avoid feeling lonely during the holidays."
"3 years ago I moved in with a drunk. A man who drank at least a whole bottle of vodka a day. He would do the most random crazy shit he would punch a flat screen tv countless times for no reason, beat his girlfriend and bruise her, head butt her mom and scream and yell. One time he forced us to leave with his girlfriend at 12pm in the rain and we had to walk down the road until the cops came and  asked if we were okay. Things like this happened all the time. My bedroom was right under there's and I was forced to listen to them scream at each other and his girlfriend crying and screaming ,things getting thrown, her being thrown around and then having sex. I lived with them for 3 years and the final year I noticed a difference in myself. My room was kept constantly dark I would sleep all night get up and go to school and then come home and go right back to sleep when I was up all I could do is read for hours or watch tv blankly. I started to be rude to my mom and my family members. Whenever they would come in my room I would yell at them to get out (I'm pretty sure they just think I'm a cunt) before all this happend I got into a relationship with someone I didn't want to be with because I was being reckless. the last year I broke up with her (I don't even like woman either but I still dated her) I started to eat way to much and I started to stop talking. I missed a lot of school to the point where my mom was almost brought to court. I don't know if this matters but my style started to change and the music I listened to. I had no energy or motivation. At the time I didn't know I was depressed I just knew I was unhappy. 

Right now I have to share a room with my brother since we are staying with someone until we find our own place. The darkness comes out when I'm alone, and rn I'm constantly around someone which threw me into this state of numbness. It gave almost the complete opposite affect I can't eat I can't sleep I don't want to do anything and I'm still unhappy. I miss sleep. I want to come home and sleep so that the days will go  by until we get our house. I just want to sleep forever 
Does anybody know anyways I can make myself sleep?  
Sleep is such a good pass time but I've been having trouble with it 
Does anyone know what to do?",relationship,"The post mentions living with a person who had severe alcohol-related issues and engaged in abusive behavior towards his girlfriend. The poster was forced to witness and hear these traumatic events on a regular basis, which likely caused a significant amount of stress and trauma. They also mention feeling rude towards their family members and experiencing changes in their behavior and interests, such as being in a relationship they didn't want to be in. The post goes on to mention current difficulties with sleep and a desire to escape through sleep. These symptoms and experiences suggest that the cause of the mental disorders in this post is related to the traumatic relationship the poster had with their roommate and the ongoing stress and trauma they are experiencing in their current living situation."
"Some background information:

My lowest points were 2014 and 2015. I was 15 and my family moved to another country, but it wasn't what I expected which led me to stay isolated in my apartment for three years. I was too paranoid the people I met at school would see me active on social media and ask me why I haven't been in school. Which also meant I didn't contact my friends back home for a while.

When I visited home it was during the summer and we could only afford to stay two weeks. I tried to do as much as I could in those two weeks which made everything feel rushed.

In 2016, my last year before moving back home, I was in a long distance relationship, it was going great in the beginning but towards the end I could tell something was different and it led me to become obsessive with his activity on social media. We broke up before I moved back home but I found out my friend, who introduced me to my ex, and him liked each other. It did hurt since he was my first boyfriend and I felt worthless and I didn't deserve love because this was the outcome. I also knew they hung out but she was my best friend and I trusted both of them 100%. I have never felt betrayal like that. I wanted support from my friend group but they weren’t there for me so I lost them as well. 

I am friends with another girl who is separate from that friend group and she was all I had when I moved back. When I was living away I felt so homesick but now that I was back I didn’t feel welcomed. This all happened in May of 2017. 
Making friends has been difficult, I notice I’ve been having trust issues and I don’t let people get close easily. But I also crave a connection with people. I also feel left out when I see people I know doing stuff without me. Sometimes I get obsessive of other people’s activity on social media and all it does is make me feel worse and I want to stop. I never felt this way before moving so I feel like these are bad habits and patterns I developed while being away.

**Here are my main concerns/tl;dr: I notice myself spacing out a lot and focusing on the past rather than the present, sometimes I check where people are or what they’re doing via social media but it becomes obsessive, I don’t like that I get concerned about other people and care too much about what they think, and I feel like I focus on the negative too much.**

I feel lost but I know I want to be in a better place. The solutions might be simple but my emotions are clouding my judgment. I know this was long but I appreciate any help or advice. Thank you in advance.",relationship,"The post describes a series of relationship-related difficulties and experiences. The poster mentions feeling isolated and paranoid after their family moved to another country, which led to staying isolated in their apartment for three years. They also mention difficulties in maintaining long-distance relationships, particularly a breakup that involved betrayal by a friend and feelings of worthlessness. They express a desire for support from their friend group, but feel that they were not there for them, resulting in loss of those friendships. The poster also mentions trust issues and cravings for connection, as well as feeling left out and developing obsessive habits related to monitoring others' activities on social media. These relationship-related challenges and negative emotions, such as focusing on the past and negative thoughts, are likely contributing factors to the mental disorders described in the post."
"There’s this terrible feeling that aches inside my chest. I have no words to describe it..but i feel miserable and lost. No matter how hard i try I cant find anything to make me happy.. there’s no where to run, no one to turn to..Im constantly in pain and I don’t know how to fix it. How the fuck am I supposed to fix this?
My life is filled with meaningless routines.. 
I just want to disappear... everything is so pointless..",none,"The post does not mention any specific causes or factors that could be contributing to the mental disorders described. It simply conveys a general sense of hopelessness, despair, and a lack of purpose or joy in life. Without any specific information about potential causes, it is not possible to assign a label from the given list."
Realizing I have no sense of self can’t focus while watching tv music or anything I just exist. I’m a walking zombie. Can’t focus because all I think about is why I am so broken. Just constant thoughts of regret and always questioning my worth and everything that I am. I feel like I have no common interests with anyone and it’s defeating. Can anyone else relate...,alienation,"The post describes feeling like a walking zombie and being unable to focus on anything. The poster discusses constant thoughts of regret, questioning their worth, and feeling like they have no common interests with anyone. These experiences suggest a sense of alienation and disconnection from others, leading to feelings of brokenness and a lack of self. Therefore, the assigned label is Alienation."
"Exactly this day, one year ago, i was devastated from a broken relationship, i was also got laid off from my work. It was then that i decided to talk to one of my high school friend, and we continue to do that for until we became a couple. She is now my ex, she broke up with my, i'd spare you guys the detail but it's pretty much because of long distance relationship, my failure to realize it when she start to lose trust for me, and my stupidest decision ever. 2017 could have been my year, i found job at a place where the co-worker is friendly, and the boss treat me like family. I was in love someone who make me realize what it feel like to truly be in love, who can love me unconditionally. I could have it all, a good job, a wonderful family with her and my kid, yet I fucked it all up because i think too much, i worry too much about the future, about thing that may or may not happen, that i forgot about what important is in the present. I worked too hard for our future when i neglected her in the present, she began to lose trust in me, she was in pain because she think i abandoned her, and I didn't even realize it. Then she made a choice, she decided that she no longer love me and can't continue this relationship anymore. I can't get her to stay, nothing i said matter anymore, i was too blind to see that the girl i love the most was hurt be none other than me. After our broke up, i broke down mentally, i can't feel anything, can't do anything anymore. I was working two job and still in college, i tried my best to stay calm and collected when i'm study and at work. I barely pass the semester, got fired at my second job because i can't keep my mind clear, at least I still have my first job with me. Now, at the end of 2017, i was in that exact same place where i ended 2016, even worse than that. I just hope that i have the strength to go through 2018 without repeating any of that mistake, because i'm too tired of me ruining my life with my overthinking, i try so hard to control it, but i just keep doing that, and it results in me making stupid decision that keep ruining my life.",relationship,"The post discusses a broken relationship and the negative emotions and consequences that arose from it. The poster also mentions their failure to realize the strain that the long-distance relationship was causing and their own detrimental overthinking and worry about the future. The post indicates a pattern of relationship-related stress and poor decision-making, which suggests that the cause of mental disorders in this post is related to the poster's relationship issues."
does anybody know how to stay happy and confident? any tips?,none,"The post does not provide any specific information or context that would suggest a specific cause for the mental disorders. It simply asks for advice on how to stay happy and confident, without giving any indication of bias or abuse, job-related stress, medication side effects, relationship issues, or feelings of alienation. Therefore, the assigned label is ""None."""
"It's bad. I'm a quiet person. But now I'm realizing that the only times I'm not quiet revolve around times I'm talking about things that are depressing, like my depression or ptsd. It's like I have no sense of humor or have no personality other than that. I'm trying to build one now that I realize that, like develop interests and such, but it's a slow process and I've never ever been good at making friends. It's like, to make friends, I have to put myself out there, but when I put myself out there, I just suck at it. I am not present. I question in my mind, what do I say, does this sound stupid, and I hyper analyze my and the other persons reactions and what they say and do. It's ridiculous. I have no self esteem. 

I'm 27 now, just recently got approved for disability, and feel like a loser. I have a few ideas how to meet people and rebuild my life, like a local place that offers drop in support groups or meetup.com but I just feel so lost. I haven't graduated college and my boyfriend of two years just broke up with me, and my whole social support network revolved around him. I'm not used to being on my own.

How can I make friends? I feel like I missed out on vital parts of life where you learn that :/",alienation,"The post mentions feeling like a quiet person and struggling to develop a personality or sense of humor outside of discussing depressing topics related to mental health. The poster also mentions difficulty in making friends, hyperanalyzing social interactions, and having low self-esteem. They mention recently getting approved for disability and the breakup of a long-term relationship, causing a loss of social support. These factors suggest a sense of alienation and disconnection from others, as well as a difficulty in forming and maintaining relationships, which is likely contributing to the mental disorders mentioned in the post."
"You always see people on reddit saying people should join a club or something, they say it so lightly, they don't have any idea what joining a sports team or something is like for someone who isn't normal. I played a sport as a teenager, if I decided to go back to the team now I would make myself physically sick with worry, so much so that it wouldn't be worth it. I never fitted into a team as a teenager so why would people think it would be any different now?",jobs and career,"The post mentions the idea of joining a club or sports team, but the poster expresses strong anxiety and worry about doing so. They mention feeling physically sick with worry and a belief that they never fit into a team as a teenager. This suggests that the cause of their mental disorder is related to their past experiences and feelings of inadequacy in team environments, which may impact their ability to pursue certain jobs or careers that involve teamwork or group settings."
"I have both depression and anxiety so it may be more of an anxiety thing, it's hard for me to tell. But long story short when things get really bad for me I sometimes get really clumsy and mess up a lot. For example, today I was skiing. Now I'm a fairly competent skier and I've been skiing most of my life. I was doing fine the last couple days but today I woke up feeling really bad. I eventually pulled myself out of bed and onto the hill, but when I got there it was like I couldn't even ski anymore. I fell a lot and my legs were all wobbly. Yesterday I was doing moguls and was going as fast as I could no problem. Today I fell down on nearly flat terrain. Bent my ski pole. I also seem to have more trouble holding things (it's like gravity conspires against me too). Anyone else feel this way?",medication,"The post mentions having both depression and anxiety, indicating that the poster may be experiencing symptoms related to their mental health conditions. They specifically mention feeling bad and experiencing clumsiness and difficulty with coordination, which suggests that the cause of their mental disorders may be related to the medication they are taking for their depression and anxiety. These symptoms could be side effects of the medication, leading to the difficulties they are experiencing while skiing and handling objects."
"She said it's because our daily conversations in the past was something she deliberately attempted to adjust to because it's not her cup of tea.

I don't get her. I don't get her at all. I asked her why she hadn't informed me, because I wouldn't have found out if I hadn't brought it up. She said it was an out of mind, out of sight sort of thing and she doesn't really need to tell me every single thing, that she thought I figured it out, but eventually she apologized and said that it was disrespectful of her to suddenly revert to her usual ways when she knows I'm used to the contrary.

I... don't know what this all means. Am I boring? Does she not want me? Am I supposed to be mad at her? Is she worth keeping? What do you people make of this?",relationship,"The post reflects confusion and a sense of insecurity in the poster's relationship. They express feeling misunderstood and not knowing what their partner's actions mean. They question whether they are boring, if their partner wants them, if they should be mad at their partner, and if their partner is worth keeping. These concerns and uncertainties about the relationship contribute to the mental disorders experienced by the poster, making relationship issues the cause in this case."
"Posted on this /r/sexuality and I want to post it here since this subreddit is more active.
--

I am a male and I'm 19, I go to college. I have never been happy and content in my life, severe depression that's been on for 4+ years is one of the root causes. Depressed because I have no intimate interactions with females, who I am absolutely attracted to. Three ago I started experiencing thoughts that I would truly find happiness if I were born a female and I don't really know how I find solute in that thought - maybe because of my limited experience with women, but I do not know for sure.

I lost my virginity after two days of my 18th birthday to a hooker and I didn't even get to finish. I've only hooked up with one girl when I was 17 and that included only making out and that was it, apart from those two experiences I have other sexual experience whatsoever.

I need some help to understand my own self and why I feel this way, maybe it's because I need to get more experience with women? (Which is another problem.)

Reddit please help",relationship,"The post mentions the poster's severe depression and dissatisfaction with their life, specifically relating it to their lack of intimate interactions with females. They also mention experiencing thoughts about finding happiness if they were born a female, indicating potential gender dysphoria. The post expresses a need for help in understanding themselves and their feelings, suggesting that their mental disorder may be rooted in relationship-related issues and questions about their own identity."
"So right now its 1 am on the first day of 2017 for me having been woken by some fools that actully celebrate such a thing with fireworks.
Now I could write such grand things here like:
- Every choice we make will in some way lead to pain.
- The human condition is a curse.
- If I have nothing to look forward to in the present or the future and there is no afterlife, what am I supposed to work towards?
but the bottom line is that I feel sad and angry about how I am currently living my life and I have no intention of changing it because I don't want to or as I would rather put it to make myself feel better:
- Because I see no reason to.
- Because nothing will change for the better even if I try.
- other stupid excuses like the ones above.
So here's to a new year of all our personal hells, the only wish I have left is that I won't have the chance to say that again.",alienation,"The post indicates a sense of dissatisfaction and despair with life, as well as a lack of motivation to make any changes or set goals for the future. The poster mentions feeling sad and angry about their current life and their belief that nothing will change for the better. This suggests a deep sense of alienation and disconnection from others and from the possibility of finding meaning or purpose in life."
"All my life people asked me why


And every answer I gave was a lie



You'll feel better by the way you dress


Maybe, just maybe I'm just depressed



You'll feel better if you sleep well often


Maybe I would rather lay down in a coffin



You'll feel better if only you'll try


I try and try but I still want to die



You'll feel better if you see your friends


Maybe every beginning looks like an end



You'll feel better if you hit the gym


Maybe feeling bad is simply a sin



You'll feel better if you leave it behind


Yet I'm left with nothing, chewing the rind



You'll feel better if you let it all go


How hard I have tried, nobody knows",alienation,"The post expresses feelings of isolation and a lack of connection with others. The poet mentions people asking them why they feel the way they do, but every answer they give is a lie. This suggests that they feel misunderstood and unable to truly express themselves to others. The poem also mentions trying various suggestions to feel better, such as dressing well, sleeping well, seeing friends, and exercising, but none of these solutions seem to help. This further emphasizes the sense of alienation and disconnection from others, as the poster feels like no one understands their struggles or can offer meaningful support."
Anyone down for a chat on discord? Add me king#2841,none,"This post simply asks if anyone is available for a chat on Discord and provides the poster's username. It does not mention any mental health concerns or issues related to relationships, making it unrelated to any of the listed causes."
"My mother has been depressed most of her life from what I can tell.  She and my father are separated.  He's struggling with his own battle.
I'm 24 in college and I live about an hour away.  I come home nearly every holiday, because when I was living at home during community college she became very dependent on me(to do household chores, and support her emotionally). 

She's lost her white collar job about a year ago.  She make some bad choices, transferred to a position that wasn't right for her, and got let go.  Now she's working at a warehouse job that too physical for her(out of shape).  I'm worried that her depression is getting worse and worse.  I can't quit college to move back and take care of her.  Nor, do I think that is the way to really help her.  

Every time I come home her house becomes dirtier and dirtier.  She's missing bills, becoming more reclusive, and I'm worried she depleting her savings/retirement.  She isn't taking care of herself and not really trying to fix any of this.  She's becoming more disillusioned with her job search for another white collar job.

She is going to therapy and taking medication, but I don't really see any improvement (actually the opposite).   I don't know what to do.  I really want to help her but I don't know how without enabling her dependence on me.",relationship,"The post discusses the poster's mother's depression and the impact it has had on their relationship. The poster describes how their mother became dependent on them for household chores and emotional support when they were living at home. The post also mentions the mother's struggles with employment and the deterioration of her mental health, including her reclusiveness, financial issues, and lack of self-care. Despite the mother receiving therapy and medication, the poster does not see any improvement. The relationship between the poster and their mother is clearly a significant contributing factor to the mental disorders discussed in the post."
I want to wish everyone here a happy new year and hopefully things improve for a lot of us this year.  Just like most users here  I'm alone I'll probably just go to sleep sometime soon.,alienation,"The post mentions feeling alone and planning to go to sleep, which suggests a sense of isolation and disconnection. This feeling of alienation and being alone on New Year's Eve may contribute to the mental disorders experienced by the poster."
"I just want to start this off by saying that I've never felt better than I do now. In the past few years I've dropped out of high school, managed to find an alternative way to graduate, and then pass a semester of college to drop out of the next one. I've struggled with finding the purpose of everything my entire life and therefore never put any effort into anything I've done.

I've been on and off three depression medications in the past and now I just recently started my third. I truly can't tell a difference when I'm on or off the medication. I don't know if I have depression or just a lack of motivation to do anything. I don't know what's wrong with me, or if there's even a depression medication that can help me.

My psychiatrist visits last about 5-10 minutes with her prescribing me a medication and sending me on my way. My parents really dislike her because of her medication strategy, but she's the only one in my area for 300 miles. With all that being said, She prescribed me dextroamphetamine 3 months ago alongside my depression medication and I was able to close out this college semester with a 4.0, I've been able to wake up for work everyday at 4 AM and work anywhere from 8-12 hours a day for the past 2 weeks while on break and I'm taking care of myself better than I ever have before.

I feel so good, but I'm worried. I'm losing track of the pills of dextroamphetamine I'm using a day. I have to down 5 pills of melatonin a night to get sleep, I have to down 4 pills of ibuprofen every morning because I've been working my body so hard. I down 6 pills of dextroamphetamine throughout the day to keep my energy up and enjoy being at work. I'm going to become addicted, I'm going to build up too much tolerance, I won't be like this for very much longer and I'm worried. I wish I could feel energized all the time, why do I have to use medication to function. I wish I wasn't so lonely that I have to open up to reddit because I have nobody else. Why can't I be normal. Why did I even bother typing this. Why am I looking for acceptance right now. I don't even know how many pills I'm downing in a day just to accomplish a regular work day that everyone else can do normally. The answer is that it's too much.",jobs and career,"The post discusses the poster's struggles with finding purpose and motivation in their life, as well as their history of dropping out of school and struggling with depression. They mention being on and off depression medications and not being able to tell a difference when taking them. The post also mentions the poster's psychiatrist visits being brief and focused on prescribing medication. However, the most significant factor in this post is the mention of dextroamphetamine, a medication commonly used to treat attention deficit hyperactivity disorder (ADHD) and increase focus and energy. The poster describes relying on multiple pills of dextroamphetamine throughout the day to keep their energy up and enjoy work, as well as taking multiple pills of melatonin and ibuprofen to manage sleep and physical exhaustion. This reliance on medication to function in their job and sustain energy levels suggests that the cause of the mental disorder in this post is related to the poster's job and career."
"I've fucked up a lot. I've ruined every part of my life possible. I've dug this hole, and hit rock bottom, and there is literally no way to fix it. I know people will say it's all fixable, but trust me, it's not. There's too many things wrong. So it's like I -need- to do it because my life will not get better, and even if I want to hang on, there's no point.",alienation,"The post suggests that the poster feels like they have ruined every part of their life and that there is no way to fix it. They express a sense of hopelessness and a belief that their life will not improve. This suggests a feeling of alienation and disconnection from others, as they may not see any support or solutions available to them. This sense of isolation and lack of hope can contribute to mental disorders."
"School starts back up in 6 days(Omaha,Nebraska) an I don't know what to do. I don't want to go back and deal with all that agony and anxiety .But I'm on probation because of truancy.I hate school almost as much as I hate myself,my social life is shit there.I'm so lost, I don't even know what to do anymore",jobs and career,"The post mentions the upcoming start of school and the poster's feelings of agony and anxiety related to it. They also mention being on probation due to truancy, indicating a history of difficulties in the school environment. The mention of a poor social life at school suggests that the negative experiences and feelings associated with school contribute to the poster's mental disorders. Therefore, the cause of mental disorders in this post is related to school and the poster's career or educational experience."
"I don't want to wake up at mornings. There will be a pile of never-ending tasks awaiting. Problems. Fix those, get new problems. Ad infinitum to the point of nausea. I've had cog-beh. therapy, I have antidepressants, I've hopped through the hoops of NLP, affirmations, binaural beats, meditation, tried to stop drinking. Why bother, I don't seem to get further than the starting point. Fucking wasted effort, money and time.",medication,"The post mentions that the poster has tried cognitive-behavioral therapy, antidepressants, and various other remedies and techniques to improve their mental health. They express frustration and a sense of hopelessness, indicating that medication has not been successful in alleviating their symptoms. Therefore, the cause of the mental disorder in this post is related to the use of medication."
"Hey Folks,

I feel that I really need a place to vent. This past September I was accepted into a program I've always dreamed of being in which was a great win for me. Unfortunately, it turned out to be bitter sweet because my grandmother passed away after a long battle with cancer shortly after starting. It really tore me up because I had to move away in August and didn't ever call her before she passed. I guess always felt I had something higher up on the list before calling her and might have been scared to call her too so just avoided it. The next time I saw her in person she was on a ventilator and heavily sedated, a shadow of her former self. 

The next months I kept busy with school which kept me from dealing with this event properly. Things just got worse from there though as one of my aunts was found dead in her house (heart attack) and another underwent surgery and ended up in the ICU. I feel I buried myself in school, shutting myself out from my emotions and told myself I would work through everything when I got home for Christmas break. The first day home, however, my mom got a call saying that the aunt who had surgery took a drastic turn for the worse and was on her death bed. This takes me up to now. This aunt who meant the world to me died and I just have lost all energy to function and have shut down. I'm scared to go back to school with all of this stuff still unresolved and I just want to feel appropriately for all of these losses. I've had a few complete breakdowns this last week but the grief hangs over me still. 

I think this is a first step to dealing with these issues but I'd really appreciate anyone else's perspectives. 

Thank you",relationship,The post discusses the poster's experiences of losing multiple family members and feeling overwhelmed by grief. They mention that they buried themselves in school to avoid dealing with their emotions and now feel scared to go back to school with unresolved issues. This suggests that the poster's mental disorders are stemming from the losses and the impact it has had on their relationships with their family members.
We were just talking and I said something idk what but she took it to mean I like her and I do but I know she doesn’t so I had no plans to tell her. I fucked it up. She’ll barely talk to me. She was the last person I had. Idk what to do now. I feel sick.,relationship,"The post mentions a misunderstanding with someone the poster likes, which has led to a strained relationship. The poster expresses feeling sick and lacking direction, indicating that the state of their relationship is causing distress and potentially contributing to mental disorders."
"Decided to go to my new primary care doctor in order to get a referral for my acute sleep apnea problem I’ve had since childhood. Decided because this was the first time seeing a doctor in several years, maybe I should get what is supposed to be an annual checkup(blood test, ekg, etc.). The first thing the doctor asked me was “are you feeling down lately? Are you depressed?”



I kind of shrugged and laughed “ehh I don’t think so”. She smile and told me it was all part of the checkup.


I told her I wasn’t feeling down, but I’m not too sure about my answer which is why I’m here. I’m going to try my best to provide all symptoms and events in order for you guys to get some idea of what I’m going through.



Let’s start off with the doctor visit. Out of the blue, I started walking outside again; in the dead of winter no less. I liked to blame my tendencies to stay locked up at home on my laziness, but now I find myself taking a stroll around my neighborhood every once in a while. I never really thought I was a full blown hikikomori as I’ve maintained a job for a short period where I had to interact with customers.,. I live in a very busy part of New York so there are many faces to look at and imagine where they’re all headed.


I recently applied for college as a returning student for the spring semester which is why I think it may just be anxiety or even college-mid life crisis because I am doubting my career path.



I need to prep for some of the classes as I have forgotten a lot f the materials.. it’s been a good year since I’ve gone to college. I know I should be studying, but I seem to be pushing the schedule back. I even planned out my schedule on my calendar app, but I end up just deleting the notifications and telling myself that I’d do it tomorrow. I hate this part about myself because I feel this is what led me to fall so behind in school. Everyone of my peers who’ve I’ve cut contact with have already graduated and live a decent life, meanwhile I’ve quit my job as a store clerk months ago and don’t know where the time went.




Activities? I stopped gaming but many people get into a period of malaise with this. I seem fill most of my day on reddit and watching shows when I’m not walking around outside.





 I move around the house aimlessly; idk what the deal with that is. I find myself walking into the kitchen and forgetting why I went there. I think I’m just watching what I eat. I’ve lost a couple of pounds which is great.



My sleep schedule is screwed but I am not forcing myself to say in bed longer than I have to. I actually hate laying down with nothing but my thoughts because my mind drifts into odd places that make me sad. I wonder what would’ve happened if my mother didn’t have issues with the first child. That would mean I would have never been born; my parents had me because the first one didn’t take.


Anyway I think about shit like that so I like to minimize my time laying in bed with nothing else but my thoughts so I end up watching shows on my tablet til I fall asleep. 


I’ve also never been good with sleeping near electronic devices since I was a kid. Just bad habits I think.


I haven’t attempted or even fantasized about leaving here so I guess that’s good. I have written an apology letter to my parents though and I’m scared to know what the intent of that was.




Well I hope it’s not depression because I’m about to get on a medication that has a known side effect that can potentially amplify the sadness. This might be a mess to read through.",jobs and career,"The post mentions a variety of symptoms and experiences that could suggest depression, such as feelings of doubt, lack of motivation, difficulty studying, forgetfulness, aimless wandering, and thoughts about the meaning of their existence. However, the post also mentions that the poster is about to start medication for their acute sleep apnea, and they express concern about the potential side effects of the medication amplifying their sadness. It is possible that the symptoms described could be related to the poster's sleep apnea or the side effects of the medication, rather than solely being caused by depression. Therefore, the assigned label is ""Medication."""
"She was abusive, and a huge contributor to my worsening depression. But for some reason I stayed with her for 5 years because she was my first.

I go to bed and I can't sleep because I am just always thinking about all the bad stuff she has done to me. She didn't let me have friends, she didn't let me socialize, she GPS tracked my location and I was convinced even by her family that It was normal. I couldn't go to a fast food restaurant without her screaming over the phone telling me I'm out with a friend or I'm cheating.

She changed my life for the better tho...she made me fight to better myself and my future. I wanted to start a family with her and have a home one day and give my kids a better future.

All my dreams gone....I am lifeless....",relationship,"The post mentions an abusive relationship where the partner controlled the poster's social life, tracked their location, and exhibited excessive jealousy and possessiveness. This abusive relationship had a significant negative impact on the poster's mental health, worsening their depression and causing them to feel lifeless. The post also mentions the loss of dreams and aspirations, further indicating the negative impact of this relationship. Therefore, the assigned label of Relationship is appropriate for this post."
"ever since around 2010 I have been on and off with depression but for this post as its my second one I have another problem. I don't know if it qualifys to be here but I don't know where else to post it.



I have for awhile had this weird thing were I separate my concious and subconscious and end up conversing with myself. I don't always agree with myself thow and sometimes contradict myself in weird ways. my subconscious will be scared but I won't be scared. that doesn't make sense. I will talk and act one way but then the next day act as if I am someone else.



ussually Iignore myself but my subconscious (I nicknamed it sub so I will refere to it as that) tells me to stop. this is hard to explain so if you want to know more you can ask but for now I am going to move on.


I don't think I am that good of a person, I have a strange desire ti physically and/or mentally hurt others. I try to put this at bay with things like video games and drawing (I draw alot of violence) but I still don't know why its there and it won't go away.



I gett very lonely but never want to interact with others. I'm very asocial a bit more than just being introverted. 

I don't like telling people about my feelings because I don't like being vunlerable. I get anxiety at random times and sometimes fear for my life when I am alone for no reason.



I don't feel happy nor sad but I don't know if I want to change this. I lack motivation even to do things I like.I get frustrated and angry when I make mistakes and often give up easily.

I'm messing up in school, I am too lazy to do things and my mom isn't very helpful about it.

I feel like a big waste of time.




Sorry if this was written poorly I just typed what poped in my head as I went along.",alienation,"The post mentions several indicators of alienation and disconnection from others. The poster talks about separating their conscious and subconscious selves and feeling like they are someone else on different days, suggesting a disconnect within themselves. They also mention a strange desire to hurt others and a lack of motivation in doing things they enjoy, indicating a sense of alienation from their own emotions and interests. The post mentions feeling lonely but not wanting to interact with others, and a fear for their life when alone, suggesting a fear of connecting with others and a sense of isolation. The lack of happiness or sadness and the feeling of being a waste of time further indicate a disconnect from emotions and a feeling of being disconnected from others and the world."
"Today is another really low day for me. I can feel myself slipping away and becoming more depressed from each and every passing second, but I still have a feint voice in my mind that is saying, “You should get up and do something, even just walk around.” I haven’t had the will power to do anything; I barely care enough about getting up for work, but I am thankful that I currently won’t let myself starve or be homeless.

I was forcibly admitted to the hospital twice for attempted suicide (pills, and cutting respectively) and eventually got hooked up with a sliding scale office that had therapists in the West Seattle area that got me on a biweekly visit and eventually prescribed antidepressants. 

Over the past three years, I have moved multiple times, to different states, and recently moved back to Washington State. I had a counselor in West Seattle that got me the recommendation for antidepressants and they seemed to work for me; but after moving around (and losing most everything I owned in the process) I am thinking I need to get back to both therapy and medication; however, I don’t remember her name or phone number. West Seattle is a long distance from where I currently live in Federal Way, but I don’t know anywhere else to turn to.

Does anybody have an idea of how to find a sliding scale clinic in the area? When I google sliding scale clinics, I don’t get many, if ANY, therapists, just dentists and pediatric doctors.",none,"The post mentions a history of mental health issues including suicidal thoughts and attempts, as well as receiving treatment through therapy and medication. The poster also mentions experiencing multiple moves and losing belongings, which may contribute to feelings of instability and stress. However, there is no specific mention of bias or abuse, job-related stress, relationship issues, or a sense of alienation from others as contributing factors to their current state. Therefore, the assigned label is ""None."""
"I was in acute care for a week last month and I’m looking at going somewhere for a longer term stay. Unfortunately the state I live in doesn’t have ANY residential care for my age group and if I’m going to have to go to another state then I’m going to go somewhere that I’ll enjoy at least.

I realize that you can go to a mental facility in New Jersey if you live in New York, that’s simply a state line. I’m more curious to know if I lived in say, Georgia, if I could go somewhere in say, California or if that’s frowned upon.

Thanks.",medication,"The post mentions being in acute care and looking for a longer-term stay in a residential care facility. The poster expresses frustration about the lack of options in their state and asks about the possibility of going somewhere they would enjoy. This suggests that the primary focus of the post is on finding a suitable residential care facility, likely for medication and treatment purposes."
"How do you guys deal with this little panic you have when you meet a friend/friends that you have bad pasts with? Like, they've hurted you before, you still have to socialize with them because of group work or whatever. How do I cope so my feelings won't expose out to them about how much I still remember what they've done to me eventhough it's been like forever since the incident happen?",relationship,The post mentions feeling panic and discomfort when encountering friends with whom there is a history of being hurt in the past. The poster also mentions needing to interact with these friends due to group work or other obligations. This suggests that the cause of the mental disorder in this post is related to the relationship dynamics and unresolved past trauma with these individuals.
Parents divorcing. Grandparents died some time ago. College going shit. Feeling depressed and sad all the time and when i'm talking to my friends about it they seem to ignore it and talk about something else. Please give me one reason not to end it all... :/,relationship,"The post mentions multiple stressors in the poster's life, such as their parents divorcing, the loss of their grandparents, and their college experience going poorly. They also mention feeling depressed and sad all the time and feeling ignored when they try to talk to their friends about it. This suggests a lack of support and understanding in their relationships, contributing to their mental disorders."
"whats up with me? I have been moping around all day, suicidal ect ect.. pretty fucked situation atm but won't bother going into that. But now all of a sudden i'm just cured instantly and bouncing off the walls like a dickhead. I know itll come back , probably tomorrow, but i wish i knew why i just get elevated all of a sudden? im pretty sure im not bipolar but maybe. anyone else get this?",none,"The post mentions experiencing mood swings, from feeling suicidal to suddenly feeling elevated and energetic. However, there is no indication of the cause of these mood swings, whether it be bias or abuse, job-related stress, medication, relationship issues, or a sense of alienation. Therefore, the assigned label is ""None"" as the cause of the mental disorders cannot be determined based on the information provided."
"But he wants to walk through them.

It's an... oddly fascinating view I see when I look at myself outside this black bubble. I've dragged down those who are closest to me, because maybe they know, but I've never felt so grateful towards anyone for merely existing near me. 

I'm much more ready to get happy seeing something than I was, and maybe this was due to some desparation to get out of the vantablack-coated hellhole that I fell into, but slowly I started to look at life as string of vignettes, with a moment of quirky charm thrown in sporadically. I'm still far from escaping this pit, but were it not for moments like those, I'd have stopped this nonsense a long while ago. It's made me appreciate things that I've never cared about, even if moments where I truly smile are few and far in between.

Someone once read me this:

""Even the dimmest spots

Would now feel bright

For only in darkness

Do you best see light.""

Happy new year guys.",alienation,"The post mentions feeling grateful towards others for merely existing near them, indicating a sense of isolation and lack of connection with others. They also mention being in a ""vantablack-coated hellhole"" and feeling the need to escape. This suggests a sense of alienation and disconnection from the world around them, which is likely causing mental disorders. They also mention finding moments of quirky charm and appreciating things they've never cared about, which may be coping mechanisms for their feelings of alienation."
"I'm going to die. Okay, I'm being dramatic, but it really feels just like that. I've already been suicidal after losing a friend recently, and it just hasn't been getting any better. I didn't sleep a wink last night even though I was so tired I couldn't keep my eyes open on the commute. And now I cannot DO ANY FUCKING WORK RIGHT NOW.

I've been trying, with this half-written (more like quarter-written) essay open in front of me, to finish this stupid piece of crap once and for all. My professors are very understanding, they just told me that I can hand in a craptastic essay and they'll understand, as long as I hand in SOMETHING. And that SOMETHING is not something I can even manage to do right now. I start veering off onto other sites even if it starts causing me severe anxiety. I absolutely can't focus, and not because I have other thoughts in my head!! Why is this?? I've heard about executive dysfunction and I sincerely don't know if I have it, what's been causing it, or if I'm just a lazy ass who doesn't want to do work. It's not even work that I hate! I LIKE the work! So why can't I bring myself to DO IT??!!",none,"The post does mention feelings of depression and suicidal thoughts, as well as struggles with concentration and productivity. However, it does not explicitly suggest that relationship issues are the cause of these mental disorders. Therefore, the assigned label is ""None"" as there is no clear indication of a relationship-related cause."
"I’ve been seeing the same Psych for years, however am considering switching to a psychiatrist because I’ve been on the same low dose of fluoxetine for years. I’m at my wits end and I’ve never felt more alone in my life, each night I contemplate what it would be like if I was dead. So fuck it, nothing to lose I should see a new psychiatrist even if they are expensive

Do any users here have positive experiences? Did it change you at all",medication,"The post mentions the poster's dissatisfaction with their current medication (fluoxetine) and their contemplation of switching to a new psychiatrist. They also mention feeling alone and having thoughts of death. This suggests that the mental disorders in this post are related to medication issues, as the poster is expressing frustration with their current medication and a desire to explore alternative options."
"Today I turned 40.  I'm supposed to have this life things pretty figured out, right?  not at all.

I'm alone, a recluse, a hermit.  I go out a few times every week to get groceries, but only at night when I have an easier time walking with less traffic and people inside the store.  That's the extent of my real human interaction. ""Hi, thanks, have a good day"".

I'm too frightened to make many changes to my life, even though I desperately need to.  Two years ago I tackled my drinking problem, that's solved and lost a bunch of weight. I figured i'd try and improve myself, do what I could first before asking for help.
I went crazy for a bit and threw out old stuff i'd been saving, like probably half of what I owned. My house has no furniture and everything is empty/barren, except for my one bedroom.

Now on antidepressants and seeing a psychiatrist.  I'm not sure how effective they are. I think they might help me focus a bit better on things i'd rather be focused on, but it's subtle.  I tried implying something more might be going on... or that I needed more help but my psychiatrist just seems fine with giving me SSRIs and atypical antipsychotics... just treating for depression/ocd... he doesn't seem interested in much beyond the norm and has never clearly come out and told me what my diagnosis was despite seeing him for like 6 months.

I've been unemployed for 2 years.
I have never driven a car.  I'll never have a family.
I'm not even sure i'll ever get another job. I don't feel like a person.

I struggle to do what's required for basic survival these days.
Lately i've been overeating and oversleeping.  I know it, I know how to prevent it by tracking calories and being mindful but like everything it's all so much work.

It's just difficult to see the point to any of this. My current plan of doing nothing is obviously not sustainable and not good for me... I just am unwilling to do anything about it.

If I get through another day without drinking, and manage to keep my house clean or did some other productive thing I try and say it's okay that I did good, but it's difficult cause I can say that however many times I want in my head and believe it but at the same time I still feel like I failed at life.  

I got no idea what to do.  Sell the house, move to the phillippines for a few years?  Just keep the status quo until they kick me out?  Get a job at Walmart or call center?  I dunno.  I got to do something different.  I wouldn't mind if someone just handed me a life in already good-working order and said ""here, trade up"".  I got no idea what a life that makes sense even looks like anymore.

I'm not sure what the point of this post is, I like just putting it down somewhere I guess and if people respond how they like that's okay too.

tldr; it's fine not to read it's just me babbling and mostly for myself anyhow.  maybe someone else can get something out of it.",medication,"The post mentions that the poster is currently taking antidepressants and seeing a psychiatrist. They express uncertainty about the effectiveness of their medication and the lack of clear communication about their diagnosis. The post also discusses the poster's struggles with basic survival tasks, overeating, oversleeping, and a general lack of motivation or drive. These symptoms suggest that the mental disorders mentioned in the post are likely related to medication and the treatment for depression and OCD."
"She was there, led me on, made me feel good about myself then I find out shes with another dude from work, I can’t go there without it affecting my mental health. I need to quit but I don’t have the courage, plus the money is decent. I can’t ignore them both and everytime I see her feelings come back. I’m pathetic I know but it’s the truth. I can’t take it anymore. Even when they are not there it’s a constant reminder. Please convince me to quit I need advice.",relationship,"The post clearly discusses a relationship issue that is affecting the poster's mental health. The poster talks about feeling led on by someone, discovering that they are with someone else, and the constant reminder of their presence at work. They express feelings of being unable to ignore these individuals and their emotions resurfacing when they see them. Overall, it is evident that the cause of the mental disorder in this post is related to the relationship and the emotional impact it has on the poster."
"My life feels like a sham. I am 23 years old working basically a dead end job that I have no desire to work in. My original plans were to use my undergraduate to get into professional school but I can't get into any of them so I am on the verge of giving up on those. I probably don't have any aspirations to be in the field I am in but with my parents pressuring me to go into this field, I felt as though I had no other option. I have no real hobbies other than playing mobile games, watching TV/Netflix/YouTube and eating.

I have a few friends but the relationships now feel surface level. I don't know if I could muster up the courage to tell them the extent of my depression. We have discussed bits and pieces of it, but never fully in depth. While the other friendships I have are mainly just hanging out playing video games, talking about music and getting high off weed, that's about it. I find no real joy in things anymore. The activities and things I do try, only remind me of how much of a fuck up I am because of my lack of life experience.

Growing up and currently I am an introvert. My family almost encouraged it becaus I feel as though they didn't know what else to do. I'm not sure how it all started if I'm being honest. It would be so bad that gatherings and social issues events where I didn't know people, I would pretend I was having nausea and hide in the washroom the whole time. Man, as I'm typing this, I'm just really ashamed at what I've become. Over the past few years I've tried to rectify these behaviors and I have seen improvements here and there (I don't hide in the bathroom anymore). However what I'm going to talk about next is probably one of the major reasons why I'm sad.

So in the 23 years of my life, I've never had a real relationship before. There have been moments I go to the club or try online dating where I flirt, but that's the extent of my romantic life. Introversion feeding into my depression has basically paralyzed my mind. Everytime I want to flirt, I switch into a different mode and act shy. At the same time, I try to avoid romance for reasons I've said previous. I'm very depressed with my life and what it's come down to. I don't like the job or the field that I've been planning to do all my life. I have no real hobbies or passions outside of sitting on my ass at home, nor have I developed any real skills. They say confidence is key when approaching women, but my self-esteem is shot to rock bottom and I can never find enough courage to bring myself to ask a girl on a date. On top of that, what happens when I do ask and she says yes, where do we go from there? 

I have family that is Christian but over the past few years I probably align myself as b in agnostic. Because of this, I don't really mesh well with my family and their friends since I'm thinking of completely different perspective. I still live my family and I love them so much, but I realize that this is not helping my situation. All I know is that it's going to take me a long time to save up and move out somewhere.

Speaking of moving out, I make terrible financial decisions. I spend money frivolously on entertainment and food. I also masturbate way too frequently which i know interferes with things such as my social and love life. I'm about 30 lbs over the ideal weight for my age and height but have no resolve or willpower to work out. I've had braces a few times and never ended up keeping the retainers so I still have crooked teeth. I feel like a fuck up every time I look into the mirror because of that. That is something I know I have to life with until I get the money to fix them myself.

That's the other thing about myself. If you haven't noticed by now, a lot of things I want to start or quit, I've never been able to. My will power and resolve is also rock bottom. I've tried working out, stopping masturbating, keeping straight teeth, you name it, I've never committed to anything. I don't know what is wrong with me, I can't",relationship,"The post discusses the poster's dissatisfaction with their current job and career path, as well as their lack of passion or desire for the field they are in. They also mention feeling isolated and disconnected from their family due to differing perspectives and cultural tensions. The poster also expresses a desire for a romantic relationship and feelings of insecurity and low self-esteem when it comes to approaching and dating others. Additionally, they mention poor financial decisions, lack of willpower and commitment, and negative self-perception. These issues are likely contributing to their mental disorders and suggest that the cause is related to relationships, both familial and romantic, as well as feelings of dissatisfaction in their job and career."
I deleted all social media from my phone but I always catch myself trying to check my instagram etc I know this doesnt make me happy cause i never see messages I literally have set dates when i can check back into the accounts what are some tips? This is prob a weird question but yea,alienation,"The post mentions deleting social media and feeling a desire to check it despite knowing it doesn't make them happy. They have even set specific dates to allow themselves to check back into their accounts. This suggests a sense of isolation and disconnection from others, as they are seeking social validation and connection through social media platforms. The need to constantly check and the difficulty in staying away from social media indicates a dependency on these platforms for social interaction, further reinforcing the sense of alienation."
"First time on antidepressants but I've been on them for 4 months now. 

I like the meds I'm on now and if I have an issue then I'll make an appointment with my psychiatrist is what I thought. But when I called my pharmacy they said I was out of refills. Is there any way I can just keep getting refills without having to keep visiting my Dr to renew the prescription? Is there a reason why I need to keep seeing this psychiatrist just to sit in a waiting room for 2 hours just to say hey I need refills?",medication,The post mentions being on antidepressants and the frustration of having to continually visit a psychiatrist to renew the prescription. The poster expresses a desire to find a way to keep getting refills without the hassle of repeated doctor visits. This indicates that the cause of the mental disorder in this post is related to the medication and the burden of constantly seeking prescription renewals.
"""You're weak""
""You will fail your exams again""
""You work in brainless job"" My first real job experience in amaon and im blamed, it was hard for me to convince myself to work there, thats what you get when your parents are rich and successfull
""Your girlfriend is ambitious and she will leave you again""
""You're wasting your time""
""Building future with your gf is like building sand castle, it will be disappear sooner or later""


I was also blamed hard that in going to my gf home for 2days(she has christmas 6th), i promised her and also planning to go with her to wedding of her cousin, but its not okay for them

Give me gun please, i cant handle, im going right now(last day) to that ""brainless"" job and im on fucking edge.. I will have like 20 whole fucking days to prepare for my two exams and i think that i can do it, but with their ""help"" i want to die",relationship,"The post mentions receiving negative comments and blame from others, specifically regarding their job and relationship. These comments have caused the poster to feel overwhelmed and suicidal. The post also discusses feeling pressured and criticized for wanting to spend time with their girlfriend and attend a family wedding, indicating a strained relationship with their family. Therefore, the cause of mental disorders in this post is related to the poster's relationship with both their family and their romantic partner."
"Constant fights over nothing, their psychotic breakdowns, how the always take their anger out on me, belittle me over innocent things, fight me to the point that I have to stay in hospital for 2 weeks, and always make me feel pathetic. My mom always remembers to remind me that I will end up like my uncle, who was a black sheep in his family and drank himself to death. And whenever I call them out on their shitty behavior they always play the victim card and tell me what a shitty son I am and how much more of their abuse I deserve. 
fuck fuck fuck my shitty family",relationship,"The post describes a toxic and abusive family relationship. The poster mentions constant fights, psychotic breakdowns, and how their family takes their anger out on them. They also mention being belittled and made to feel pathetic, as well as their mother's negative remarks about their uncle and their own behavior. This suggests that the cause of their mental disorder is related to the abusive and unhealthy dynamics within their family relationship."
"I am fucking depressed. I never thought that I would ever know what depression felt like back when I was happy. I never imagined that I would ever feel so sad all the fucking time, my days become a blurry mix of stress and worrying about the next day. 
When will I be able to look forward to something again? How do I begin to enjoy life like I did two years ago? I used to always wake up so happy to get ready for high school in junior year. I used to always look forward to the next whatever coming. Now I don't have that. I miss my old life. I don't enjoy having my own apartment, my own job, cats, and college like I thought I would. 

TL;DR To those who won the battle against depression, how??? And how long did that take???",none,"The post expresses feelings of depression, sadness, and a lack of enjoyment in life. However, it does not mention any specific causes or contributing factors to these mental disorders. Therefore, the assigned label is ""None"" as there is no clear indication of bias or abuse, job-related stress, medication-related side effects, relationship issues, or a sense of alienation from others as the cause of the mental disorders in this post."
Please I need to talk to someone.,alienation,"The post simply states a need for someone to talk to, suggesting that the poster is feeling lonely, isolated, or disconnected from others. This sense of alienation is likely causing mental distress and the desire to reach out for support."
"Just booked some counselling sessions.

I don't want to go.

I don't want to try any more. Fuck it, fuck this shit. I hate feeling like this. 

I don't want to exist. 

I want to hurt myself until I don't exist any more. 

Yet I don't want to do that. 

I want to live.

Oh God, I want to live.

Fuck this.

A fucking year ago I was in the same place. I wasn't though. I don't even fucking know. Am I crazy? What is this shit?

What is this shit? I don't care, fuck it. That's like my catchphrase nowadays. Fuck it. I don't care. I'm in Hell.

Is any of this even real? Is it all in my head? What the fuck. I am very upset. I don't want any more of this.

What the fuck is my life. My girlfriend reckons I'm doing really well and everything is hunky dory. I don't want to tell her that it's going back to how it was. It will always go back to how it was. This is how it is. This is how it will always be.

Fuck it. I don't care about me. That's what I always say. If she ever wants out I'd be fine with it. I love her to fucking bits but I want her to be happy more than I want me to be happy. That's all I want.

I gotta do this fucking shit again for another year. And then for God knows how many years after that. I don't want to do it. I don't want to live.

Just got off the phone with a lady from the Samaritans. Felt like a fucking idiot. I'm so stupid. 

Am I crazy? Is this real? I'm sorry.",alienation,"The post suggests a deep sense of despair and hopelessness, with the poster expressing a desire to hurt themselves and questioning the reality of their experiences. They also mention feeling disconnected from their partner, expressing a willingness for their partner to leave if it would make them happy. This sense of alienation and disconnection, along with the overwhelming feelings of despair, are likely contributing to the mental disorders expressed in the post."
"I'm really into computers and gaming and shit, I have a 4k pc setup that's probably ~$3,000. 250 games, probably about 1,000 movies, 70,000 songs, nice speaker setup, studio headphones, you get the idea. I've loved this shit my entire life and in the last week I've realized that I don't even play games any more. Steam shows 0.0 hours played the last 2 weeks. I don't watch Netflix, I maybe listen to like 10 songs in a day, I used to have it on all the time. I basically just sit on Reddit refreshing the page hoping to see a news article that makes me think for .0001 seconds. 

I've been trying to hang out with my friends who are back in town for the holidays but I'm super fucking negative. All the stuff I would say in a conversation would be tearing down a person or an idea. My ""top 3"" friends leave today, tomorrow, and Friday. I'm gonna be stuck in a room with an entertainment system I don't even want to use. An entertainment system that I built specifically to keep me occupied because nothing else would. 

I thought I was drinking because I didn't care but now I realize I cared about recognizing my indifference. I really don't give a shit now. I was smoking weed whenever I got a chance. I don't even want to be high any more.

I'm getting increasingly worried that my girlfriend sees me as a burden. She's the only other person I really talk to. She cares about me and goes out of her way to help me as much as she can, but you can only do that for so long, right? 

I feel hollow.",relationship,"The post mentions several factors related to relationships that are contributing to the poster's mental state. They mention feeling negative and tearing down others in conversations, which suggests a strained or negative dynamic in their social interactions. They also express worry that their girlfriend sees them as a burden and discusses feeling hollow, indicating a sense of emotional emptiness and disconnection in their relationship. These relationship issues are likely causing the mental disorders mentioned in the post."
"This new year looks like it might be the year I kill myself. I'm so beyond done now.

I am 26, male, and I feel like my life is over. My family financially ruined me to the point where I feel like I shouldn't even bother trying to fix my life. Due to some circumstances I ended up moving to a town I hate living in, and can barely afford. It's in the american countryside. I hate the american countryside. I deeply hate it. I've never enjoyed myself in the country. I also don't drive, so that makes it suck more. That's just venting though. Some more venting, I've been financially supporting my parents for some years to the point of abuse. I've been saving up to buy a car the last year. 3 times I made it to about 3 grand. 3 times they've taken it, once my took it mom bought herself a car instead. Broke down 2 months later too. then her husband had a heart attack. Then they got themselves an eviction notice. I paid the entirety of their rent the last 2 months. I hate them. But. I can't drive, I have no savings, I am stuck in a place I hate living with people I hate living with and I afford it by working a job I hate and I can't do anything about it because I can't drive and I have no savings, no one will help me drive and my parents keep taking my savings. So it's never going to get better. I have no friends. None. Not a single one. Not for about 3 years. I've disowned my family, aside from my mother but If by some miracle I save some money up and can leave, or she dies without leaving my homeless, then I'm done with her too. So. In my heart I've disowned my family and have no desire to ever contact anyone I share blood with for as long as I live. Which probably isn't very long.

I am completely isolated, very socially awkward, financially a failure. Well. Really I'm mostly just a failure. Like, in every way. I feel like I'm the biggest loser in the world. 

It really bothers me that I didn't do this to myself though. It would be so much better if I did this to myself, cause then I could stop it. Or I could at least take responsibility. I could have power, even if that power ruined my life it'd be mine. But. I go to work and then I basically give all my money to my mother cause she attacks and threatens me otherwise, I have no support system as I have no friends and no one that can and will actually help me, or offer a realistic answer to my problems. People offer shitty advice that has never worked. Staying positive does nothing for me. I can smile all day but It won't get me a car or put money in my pocket. No one I work with is really ""Friend"" material. I feel myself rapidly approaching 30 where ""friends"" become more irrelevant anyway. I feel like I'm going to die alone cause of it. Like, I'll never be allowed to fix up my life and meet someone. I'll never be allowed to save money. I'll never leave the american countryside that I hate living in oh so much. I really doubt I'll ever have sex again, at this point. 

I wake up everyday and the first thing I want to do is cry cause I hate being alive. Like life is a living hell, there's not a single thing about my life that is the way I actually would like. People tell me to take control without realizing I literally have none no matter how much I try, I can't be homeless cause I'd lose my job and there's no room in shelters cause they have to save so much space for women and they're at capacity with regulars. It's also winter, so I'd probably freeze to death in my area if I have to sleep outside. I want to die, but not like that. I also have no where else to go. Literally no where else. Not a single place in the world, as again, I have no friends or family. I have no power. I have no control. 

People offer advice completely ignorant of the fact that I have no resources. I can't leave the house under my own ability, I can't get up and go whenever to wherever.",none,"While the post discusses various difficulties and challenges in the poster's life, it does not mention any specific job or career-related stress or dissatisfaction. The cause of the mental disorders in this post appears to be a combination of various factors, such as financial and familial issues, social isolation, and a sense of hopelessness and powerlessness. It is not solely attributed to jobs and career."
"I am completely inlove with this man and from the beginning he has always very honest about his depression and how it has affected him etc. 
I just need advice from people as to how can I help him and how can I, simultaneously, be happy myself without being extremely affected by his state. 
Ive also realized that I’ve been limiting myself to doing things that might trigger his depression or that it will worsen it. For example, he doesn’t really like going out but I enjoy the occasional dance night with my friends or something and I feel like he dreads me going out and if I do he gets really sad. So I’ve tried to stay in, which is still fun for me,but if I ever want to go out i just don’t want to make him worse. 
Im very new to relating to people with depression and I would love to have some advice for people that have had a partner that has helped them with their own depression or how have you yourself dealt with a relationship like that.",relationship,"The post explicitly mentions the poster's partner's depression and the impact it has on both of them. The poster expresses a desire for advice on how to help their partner while also maintaining their own happiness. They mention limiting themselves and avoiding activities that may trigger their partner's depression. The post indicates a need for guidance on how to navigate a relationship with someone who has depression. Therefore, the assigned label of ""relationship"" is appropriate."
"Hey. If you’re reading this then...well that means I went through with what I was thinking. Then again, it was a stupid idea so if you are reading this I’ve gone insane. Now, you will not know my name because it doesn’t need to be revealed for this. Maybe someday I’ll be strong enough to face it, I mean people will find out eventually. You’re probably really confused...so I’ll just get straight to the point. I’m here to tell you my story. Usually I don’t talk about my life...actually I really don’t talk about it at all. There are certain things I’m not going to share of course, things I vowed to myself I would keep secret until death. Honestly I don’t even know why I’m doing this. I just really need to get some stuff of my chest. Life. Sucks. At least it does for me. It didn’t always..I used to be this innocent bright and cheery kid..but I guess the more I grew the more I realized how messed up society and basically the entire world is. You see, the first time I ever felt different was in 5th grade. People would make fun of me, call me stupid, tease me, call my old life weird and dumb. There were other things but I can't remember...I’ve spent 3 years learning to forget. The day it became too much for me to hold in is when everything changed. I was sitting down taking it all in when I just broke. My shield that was keeping them from hurting me...shattered into a million pieces along with my heart, my mind, my soul, my life. I ran to the bathroom and cried for what seemed like forever. I went back to class acting as if I was fine and that nothing happened. Everyday it just got worse. Then summer came, and I was able to start feeling normal. No more people to worry about, I didn't dread leaving my house. 6th grade came around, and I met the most amazing people that I will remember for the rest of my life. 6th grade was a good year, my grades were good, I had great friends...but there was still something that was off. Around the end of the year I started getting these awful thoughts. Regret filled my life. There were so many things that I wished I could redo and I still do. Everyday of my life I think about it and think of how stupid I was. Iwas so careless and didn’t realize that what I had done could ruin my life. Now what I did exactly won’t be shared...if anyone ever found out I wouldn’t be able to live with myself. I can barely do that now and I’m the only one who knows. Summer came around again, and the thoughts got worse. They aren't just bad thoughts about being sad and depressed...I started getting suicidal thoughts...hundreds of them everyday. I dreaded going back to school. I had people in my class that bullied me in 5th grade. I didn’t want to go through that again. So...one night I had an idea. I was at a very low point and was contemplating suicide. I ended up chickening out...but some days I wonder if it would have actually worked. Part of me wishes I went through with it, the other half is glad I didn’t. School came around, I was performing well, and the kids didn’t even say anything at all. My friends and I became even more close.My teachers were amazing. 7th grade, I have to say was the happiest point of my life I had ever been in for an extreme amount of time. When it came to an end however so did that happiness. Suicide crossed my mind even more, I started self harming in ways that no one would notice. I would do the stereotypical thing and just blame the cat. 8th grade came. My grades dropped. I couldn’t find the energy to do anything. I was constantly tired and I still am. My dreams faded, my hopes for a better life went away because I know that would never happen. I got this app, kik. I should've known to delete the minute I got it. Part of my past revolves around this dumb app. Actually it’s what started EVERYTHING. And it’s all. my. fault. I hate myself for it. I worry about so many people I’ve met on the app. I love them all, they're great people and I’ve stopped car",bias or abuse,"The post suggests that the poster has experienced bullying and mistreatment from their peers, starting in 5th grade. They mention being called names, teased, and feeling different from others. These experiences have had a significant impact on their mental health, leading to feelings of sadness, depression, and suicidal thoughts. The post also mentions engaging in self-harming behaviors as a coping mechanism. Overall, the history of bullying and mistreatment suggests that the cause of the mental disorders in this post is bias or abuse."
As i spend this new years alone im trying to remember what happiness feels like. Its been so long since I've felt happiness that it just feels like a foreign emotion and I struggle to even remember it. Im coming up on my one year mark of getting help with my depression and honestly I feel worse than ever. I just want to live happy or at least remember being happy,none,"The post mentions feelings of loneliness and struggling with depression, but it does not provide any clear indication of bias or abuse, job-related stress, medication-related side effects, relationship issues, or a sense of alienation as contributing factors to the poster's mental state. Therefore, the assigned label is ""None."""
What else is there to say at this point,alienation,"The post suggests a sense of resignation and hopelessness, indicating a feeling of disconnection and alienation from others. The phrase ""at this point"" suggests that the poster may have been feeling this way for a while, further emphasizing their sense of alienation."
"I’m just done at this point. I have to work New Years at my busy ass restaurant and half my staff call out, very thing that can go wrong at work is, my family and friends are all celebrating and enjoying themselves, and I know I might lose my manager position because I can’t get other my anxiety and stress. And the one person, my best friend, who i can turn to and try to feel assurance that my fucked up life isn’t a waste, is on lockdown with her parents. No phone, no internet, no contact with the outside world. I was supposed to spend I.t with her at work at least but now I’m outside, crying my eyes out and wondering if I should just slit my wrist after work.... 2017 was the worst year for me and I don’t want to see 2018.... fuck idk why I’m posting this but I’m feel so tired and worn and broken. I’m sorry.",jobs and career,"The post mentions several job-related stressors, such as having to work New Years at a busy restaurant with half the staff calling out, fearing losing the manager position due to anxiety and stress, and feeling overwhelmed and broken as a result of the job. The post also mentions feeling lonely and lacking support, as the best friend is unavailable due to being on lockdown. These job-related stressors and feelings of isolation contribute to the mental disorders in this post."
"Does anyone have any tips? 

My friend cooked some delicious bacon-wrapped chicken and I took one-bite...I smelled the left overs today and I just don't feel like eating. This isn't just my friend's food. I made a big batch of meals for the weak and I can't bring myself to eat the prepped meals.",alienation,"The post mentions a lack of appetite and an aversion to food, specifically mentioning a lack of desire to eat the meals they prepared. This suggests a feeling of disconnection from food and the act of eating, which could be indicative of alienation or a sense of disconnect from oneself or the world."
"I feel like a hypocrite posting here, because I've only now started actually realizing I might have depression and I might've been fighting it for some time without realizing it, but today was a horrible fucking day and it got better just now. 


So. I charged my iPad today. And found this account. I got into my post history, and surprise surprise, I find a thread from last year. I barely even remember making this post. But if you don't want to read it, generally I complained about having no friends and a girlfriend, I felt like I'm doomed to never have friends, I said I ""overcame"" social anxiety which I never did, and I felt like everyone was better than me. I wanted to quit my job back then, after only 2 weeks, because I couldn't handle the anxiety of working with others there (an anxiety I wasn't even aware of, by the way). 


I didn't quit. I kept working there. And you know what? Everything I wished for back then have come true. I made tons of friends at work. Everyone loves me there. To this day I hang around with people I'm only going to meet 8 months after making this post! That's crazy. My confidence has boosted. My self esteem has boosted. And the funniest part? I have a girlfriend. Back when I made that post, I had already met that girlfriend, I just didn't know how things are going to unfold. 


So yeah, everything I wanted was solved. And with the solutions came new problems. Life isn't always fun or good, problems just keep coming our way. I wanted friends? Good luck learning how to handle and keep friendships. I wanted a girlfriend? Oh buddy. You're going to have to tackle your worst insecurities, fears and ugly sides of yourself because you're sharing life with another person now. I wanted more confidence? That just means I'm going to get out of my comfort zone more times, and believe me, the same fear is still here.



What I'm saying is, to all of you sad mothercukers out there, the world sucks. Life sucks. I'm sad right now, the most I've ever been sad. I'm on anti depressant, go to therapy, and shit, there no solution in sight. I can't remember crying as much as I did today, ever. 

But just know. All of you sad brothers and sisters. Know that it gets better. Wether you want it or not. Wether it happens in a month, year, or 10 years. Things change for the better. If the world can turn against you, it can also turn in your favor. You just have to give it the opportunity to do so. Non of us want to get out of bed, to work out, to socialize. I know the pain my dudes. But you gotta keep doing it, because the potential for things to get better is there if you only give the world the opportunity to do so. So give yourself the opportunity to feel better. Please. It's a new year. You don't have to be happy, you don't have to feel good. Both of those are the world's job. Your job is to stay hopeful. So stay hopeful, and let life do its thing. It will definitely give back one day. I feel like fucking shit today , but  the moment I press ""submit"" I'm going to brush my teeth, drink a cup of water, and meditate for 5 minutes. Because I don't have to feel good to tell depression ""fuck you!"" in the face. So fuck you depression!",alienation,"The post suggests that the poster has struggled with depression for some time without realizing it. They mention feeling like they have no friends and a feeling of doom about never having friends. They also mention feeling like everyone is better than them. These feelings of isolation, inadequacy, and comparing oneself negatively to others contribute to a sense of alienation. The post also highlights how their desired outcomes have been achieved, such as making friends and having a girlfriend, but new problems have arisen as a result. This further emphasizes the sense of alienation and the difficulties that come with forming and maintaining relationships. Finally, the poster acknowledges that life can be difficult and that they are currently on antidepressants and going to therapy, indicating that their mental state is still affected by this sense of alienation."
"I'm going to bed now but I'm absolutely riddled with anxiety and I honestly just don't want to be alive at the moment. Tomorrow is going to be so difficult and I am struggling so much at the moment 

Please if you have a minute just leave a reply so I have some notifications to read in the morning to distract myself.  Anything that may help me somewhat some how feel a bit better. 

My life's such a mess ??",alienation,"The post mentions feeling riddled with anxiety and a desire to distract themselves with notifications in the morning. They express feeling overwhelmed and struggling, which suggests a sense of alienation and disconnection from others. They also describe their life as a mess, indicating overall distress and a lack of support or connection with others. These feelings of alienation and isolation are likely contributing to their mental disorders."
"I have never been diagnosed with depression or even talked to a professional about it being a possibility.
But I used to think about it a lot. Especially during the last several years of my previous relationship.
I felt like the worst human being because my SO was actually a wonderful person, but I couldn't bring myself to feel happy. Instead, I felt trapped. I often thought I would eventually have to consider suicide if I wanted to get out of it, but I didn't need to worry because I wasn't at that stage yet. I just cried a lot. I also grew to find self harm theraputic, but knew I wouldn't do anything 'too far'. When I did end that relationship, I did an emotional 180, which let me justify and blame all those feelings on the relationship. And up until now I believed that.

I have been in my current relationship for a little less than a year and I am just starting to feel myself sink. But this time it has nothing to do with my SO. In fact, I'm terrified because I'm so invested in them and I don't want them to see me this way. I'm scared of losing them because all I can do is sit around and be a pathetic mop of a person.
I know how good my life is right now so I don't want to do anything to damage it.
I don't have anyone that I am comfortable opening up to with my emotional stuff.
I don't know if anyone can help me try to get my head in the right place, but I would really appreciate any suggestions on how to take control of my own feelings.",alienation,"The post mentions a history of depressive thoughts during a previous relationship and feeling trapped and unhappy during that time. They also mention self-harm as a way of coping and feeling a sense of justification and blame for their emotions during that relationship. However, they state that their current sinking feeling has nothing to do with their current partner and express fear of losing them. The poster also mentions a lack of comfort in opening up to others about their emotions, suggesting a sense of alienation and difficulty in forming emotional connections with others. This sense of alienation and lack of support may be exacerbating their mental disorders."
"I went to a New Years Party last night with some people I hadn't seen in a while and I felt so out of place the whole time.  Not to mention, the girl I was interested in was clearly eyeing up a far more attractive guy.  I had hoped this would help me find new friends in addition to connecting with her but I feel like I failed at both.  I just want someone to think I deserve to be loved but I've never felt like I should be.  2018 is already shaping up to be awful and I can't handle another year like this.  I wish I could be loved, and I'm not even talking about sex here, I mean someone whom I can show them how much I care or whatever I dunno.  Hugs and stuff.  I feel pathetic typing this out but I don't know what to do.",relationship,"The post discusses feeling out of place at a party and being interested in a girl who seems more interested in someone else, indicating feelings of rejection and insecurity in relationships. The poster also expresses a desire to be loved and to have a deep emotional connection with someone. These feelings of loneliness, rejection, and longing for love suggest that the cause of their mental disorders may be related to relationship issues."
"I'm not insinuating suicide here, in any way, though I have had the thought. 

I'm stuck with controlling parents. Not to mention they are completely in denial about this subject. I don't trust them with ANY problems I have, big or small. I have never even been able to walk up to them and say ""hey I'm feeling down"" without it turning into a massive sprawl for outside help I don't want. 

Don't get me wrong, I don't want their help. It's not that I don't care about them, I just like talking to my friends a lot more. 

However, with parents such as these, they're constantly not allowing me to have the friends I want, do what I want, or make my own mistakes. 

They're keeping me trapped in an endless cycle of stress and sadness. My grades have failed because I simply can't keep up with my severe depression. But they don't get that. To them, I'm ""not trying hard enough."" And can I go to someone to vent, who I actually know and trust? No. They're a bad influence, weed smoker, etc. 

Not that I have a friend to run to, anyways. I mean, the only two people I even talk to are based solely on my comedic factor and emotional support(by that I support them) and so to them it seems like nothing is wrong with me. 

I want to be in a relationship, I do, but even at the age of 16 I've never had a girlfriend(serious, at least) and all my recent attempts have been met with rejection and then failed friendship. 

So I just don't know where to go. I can't keep up with grades, have no one to talk to, have given up on family, love, fashion, hobbies, school. Where am I to even go?

Not to top the traumatic shit that has happened to me. I have never told anyone, even complete strangers what has happened to me, because I don't trust anyone. 

Depression has made me way too critical of people's ulterior motives, so trust for me is an issue. Those two friends I trust wouldn't listen to me if I had a problem anyway. 

Not to mention my parents keep trying to send me to therapists and the like, even though I can't tell them what I've done, for fear of getting shamed/disowned/arrested etc., and even though I've told them this they don't care. They're trying to shove help down my throat, but with good intention. 

So, all in all, my life is in shambles right now. I just don't know where to run. Maybe someone will read this whole thing and listen and relate, but I doubt it. 

Sorry if this is jumping around. I can't organize my thoughts properly right now. I'm sorry.",relationship,The post mentions several relationship-related issues that are contributing to the poster's mental disorders. They mention having controlling parents who are in denial about their issues and not being able to trust them with their problems. They express a preference for talking to friends instead of their parents and feeling trapped in a cycle of stress and sadness due to their parents' restrictions. The post also mentions feeling lonely and rejected in romantic relationships and not having anyone to talk to or rely on for support. These relationship-related stressors are likely contributing to the poster's severe depression and feelings of being lost and not knowing where to turn.
"I don't know any useful information and I can't figure out new things. I'm so pissed off about how dumb I am. It's just one of the most disappointing things, out of the very many, that could happen to a person. To be a human being, practically perfection like we were created by aliens perfect, and yet to also be too dumb to interact with or do anything with other human beings.",alienation,"The post expresses frustration and disappointment with oneself, specifically regarding feeling dumb and unable to interact with others. The mention of being a human being and feeling like they were created perfectly by aliens but still feeling dumb and unable to connect suggests a sense of alienation and disconnect from others. The poster feels isolated and unable to engage with others in a meaningful way, which is likely contributing to their mental disorders."
"It lacks the excitement and magic it had when i was a child. Nothing magical exists and the world is just so dull. It's incredibly boring. All we do is go to school, learn and work till we die...",alienation,"The post expresses a sense of disillusionment and dissatisfaction with the world, particularly with the lack of excitement and magic that the poster experienced in their childhood. They describe the world as dull and boring, suggesting that they feel disconnected and alienated from the world around them. This sense of alienation and disconnection is likely contributing to their mental disorder, as they struggle to find meaning and satisfaction in their daily life."
"As the topic says i hate my life, nothing is positive and everthing sucks. My so called friends lie to me, forgets about me. I recently met a woman that i connected with in a way i have never experienced. We talked about everything, both positive things and all the negative things we have experienced. She told me she have never met someone like me and that we got to know each other was ment to for both our sakes. A day ago she told me she dont want anything to do with me.. just my luck. Maybe i am not supposed to live in this world? Seems like what ever i do people just takes a shit on my life and feelings. I am so fcking tired of this happening time after time after fcking time.

tl;dr: People hate me, should i stay alive?",relationship,The post mentions feeling hated by others and experiencing repeated negative interactions with friends and romantic partners. The poster also expresses feelings of despair and questions whether they should stay alive. This suggests that their mental disorders may be caused by ongoing relationship difficulties and a lack of social support.
"Does anyone actually ever beat depression? I'm not being negative, but really? Long term normality? Anyone done it?

It's been about 24 months so I've had a good run! But hey! Welcome back my energy draining, Lack of sleeping, Suicidal thoughts, and over powering anxiety! It's been a while, but your back. 

I've had a history, not going into it, but I used to have psychotic depression at 21, with a very above average drinking habit. 

I have been alright though. I got a decent job, built up a solid network of good friends, I do nice things, but recency I've just been falling behind. 

I don't sleep anymore,  keep having overpower bouts of anxiety, horrible flash backs, and if I'm being honest, recently I've been walking a different route home out of fear ill through myself off the bridge near my house. 

I'm just your regular guy looking for so answers, does anyone actually beat this shit or is it always going to be there?",medication,"The post mentions a history of depression and psychotic depression. The poster describes symptoms such as lack of sleep, suicidal thoughts, anxiety, and flashbacks. They also mention walking a different route home out of fear of self-harm. This suggests that the cause of their mental disorders is likely related to their previous history of depression and psychotic episodes, and medication may be necessary to manage these symptoms."
"I’ll keep this short.My parents have been working abroad since I was 6, even before that they used to work around the country so I was ‘raised’ by my grandparents(2 drunks who couldn’t give 2 shits about me).But my parents ? They have been home for about 2 months now, without a job, always nagging and yelling at me.I came to the realization that they know nothing about me, we’ re like complete strangers.They’ve missed so many important moments in my life and now it’s too late.I’m used to being alone, doing everything on my own, solving the problems I have by myself.My mom wants to ‘get’ me better now, but she treats me like I am 10.She hasn’t seen me grow and mature, barely knows anything about me.I even did well in school despite my depression, complete lack of motivation and ADD.I didn’t ask to be born into this shit, I wish I never was.",jobs and career,"The post mentions the poster's parents working abroad and not being present in their life for a majority of their upbringing. They also mention being raised by grandparents who didn't care about them. The poster expresses feelings of being alone and having to do everything on their own, as well as dealing with depression, lack of motivation, and ADD. These experiences of neglect and lack of support from their parents, along with the associated emotional and mental health challenges, suggest that the cause of the mental disorders in this post is related to the impact of their parents' jobs and career choices on their upbringing."
"I want to help my papa, who suffers from obvious depression.

He had a pretty tough life: loosing his mother when he was young, my grandfather made him drop out of high school to start working and earn money to leave in the house. He worked from 16 to 45 years.

He had a meaningful job where he met my mom, who left the company a few weeks after starting dating him. At some point he was ""promoted"" but not really, and left the job shortly after.

Long story short: he popped from job to job until 45 yo, and have been unemployed since. My mom works and earn enough money to feed us (although some months this becomes an issue), but her job takes her away from the family for like 2 weeks straight sometimes, which obviously she hates.

At 55, and unemployed for 10 years, my dad feels depressed and guilty for not being able to give my family a better life. He tries really hard to look like he is ok, but he is depressed like noone I've ever seen.

I can't do much by myself since im in college and haven't found a job yet. My brother has, but he prefers to take his SO in vacations.

This subreddit has helped me in the past, so please give me opinions on how can I help a truly good man who has had bad luck in life.",relationship,"The post mentions the poster's papa suffering from obvious depression and discusses his tough life experiences, including losing his mother at a young age, being forced to drop out of school to work, and going through multiple jobs. The post also mentions the poster's mom being away from the family for extended periods of time due to work, which she hates. All of these factors suggest that the cause of mental disorders in this post is related to the person's relationships, including family dynamics and the impact of job-related stress on those relationships."
"im on year 3 on living by myself with no social life and no real family and its just too empty

I've ruined my life so much",alienation,"The post mentions living alone with no social life and no real family, indicating a sense of isolation and lack of connection with others. The poster expresses feelings of emptiness and regret, suggesting that their mental disorders may be caused by a sense of alienation and lack of support or companionship."
"I really can't remember.  
2018 marks that I've been pretty solidly depressed for ten years.",none,"The post does not provide any information about potential causes for the poster's mental disorders. It simply states that the individual has been experiencing depression for the past ten years without providing any context or potential contributing factors. Therefore, it is not possible to assign a cause label based on the information provided."
"Hello,

I don't know if other people experience this silly cycle, but I keep finding myself in my room kind of craving some kind of enjoyable social interaction but when it's offered to me I turn it down as I know I'll just be an awkward mess when I get there. So I stay in my room beating myself up at a great opportunity to feel like a normal human by going out and celebrating with old friends.

Some days I can do the whole talking to people thing, it's like I don't even have to try. The words just come out and I'd like to think that I can be kind of interesting sometimes, but about 90% of the time recently I just have nothing to say to people. I want people to laugh at my jokes and I want to create deep and meaningful relationships, but as my brain just won't let me communicate with people outside of just exchanging infomation and I become a robot with nothing to say. 

I just came back from my family house where I can truely feel like myself without being judged and everything is in good fun. I'm open with my brothers and my parents and socially it's a great environment But now that I'm back in my student house I remember how I felt before. I can't be as open, I can't express myself and I've built a relationship with people in this house pretending to be somone I'm not just because I want to have friends so I don't feel like a total loser. I have some good times with these people, but quite often I don't enjoy the current topic or dislike the humor as they've run it into the ground with how often they make the same references or just by talking about stuff I can't relate to in the slightest. It makes me feel that I should be liking this things and I'll be an outsider if I don't.

It's not like I can just go out and make new friends now anyway due to the problem noted second paragraph. The rest of my life is going well, I have a nice job, family is great and I'm starting to lose weight. But without great experiences with friends I feel like I'm still majorly missing out on what other people take for granted.

I've just been offered an opportunity to go and hang out with some friends a few miles away for New Years, but with my anxiety and my socal weirdness just wants me to stay at home. I hate myself for doing it, and it's not the first time I've turned these people down because I just basically don't feel like it, but I know that If I try to go I'll just be awkward and make the experience a bit weird for everyone else there.

tl;dr: I want to be a reasonably interesting person to do it, but my brain just won't let me most of the time and as a result I'm a bit of a social hermit. I want deep friendships and good times, but If I have no personality most of the time, how is that ever going to happen?

I've felt like this for around 4 or 5 years now, and it's getting to the point where I'm not able to enjoy the joy of a good relationship with another human. I've not made seriously good friend since college (uk) and I feel that If I could get this sorted I could feel happy again.

Sorry if this post is a bit everywhere. I have Dyspraxia and what might make sense in my head might not make sense in yours. I hope I've explained myself well enough. 

Happy New Year.",relationship,"The post discusses the poster's desire for enjoyable social interaction and deep relationships, but also their feelings of awkwardness, difficulty communicating, and anxiety in social situations. They mention a sense of pretending and not being able to fully express themselves in their current living situation, which is causing distress and a feeling of being an outsider. The post also mentions that the rest of their life is going well, indicating that the cause of their mental disorders is likely related to their struggles in relationships rather than any other factors."
"Let me explain before you claim me to be a psychopath. I have so little control over my life, I do nothing of importance, basically school and Home. My life is a repeating cycle of nothingness. But I do have a choice, a very important one. I have the choice to kill or not.

That choice reminds me that I can make a difference, whether that death be me or someone else. I would *never* do something like that, the thought does scare me. But it brings me comfort to know a can control things, I have a choice. I heard something similar called “call of the void” on a podcast I listen to. Am I just crazy?",alienation,The post suggests that the poster feels a lack of control and significance in their life. They describe their life as a repeating cycle of nothingness and mention that the choice to kill or not brings them comfort because it reminds them of their ability to have control. This sense of alienation and lack of purpose may be contributing to their mental disorders.
"My life’s a mess, every day my mind is flooded by suicidal thoughts - yet I’m too much of a pussy to follow through with it.  

I’m sick of being alone, I want people who love me.  But at the same time I hate being around people, it makes me nervous and causes me to overthink everything.  I feel like the whole world is out to spoil my day.  

Everyone of my ex friends I’ve had in my life have all left me.  As soon as they found out that I had baggage in the form of mental illness.  No sane person gives me a chance, and I don’t blame them, I have to lie constantly to my place of work, because I’ll be let go.  

To be honest I don’t blame them either, it’s a chore to maintain a relationship with me.  I’m not normal, I’m a disgusting human, I’ll let you down if you give me a chance.  And I won’t even be sorry.",relationship,"The post mentions feeling alone, wanting people who love them, and feeling nervous and overthinking when around others. They also mention that their ex-friends have left them upon finding out about their mental illness. The poster expresses a sense of self-disgust and feeling like a burden in relationships. These factors indicate that the cause of mental disorders in this post is related to relationship issues and the negative impact it has on the poster's self-esteem and sense of belonging."
"Im shocked. I didnt realize how much I had lost. Im not thin by any means, but... Im not really that fat anymore. I think im one of the healthiest people in my family (though most of them are obese or suffer eating disorders). Ive gotten so used to my diet, but now I need to maintain what I have. Losing much more would affect me negatively... But it makes me sad that I still dont like my appearence.

I expected I would just suddenly find myself attractive if I hit the right weight, but I still dont. I dont know how to feel about it... I know I should be happy that Ive fulfilled something ive been working on for 3 years, but I still dont feel good enough. Hard to believe people when they say you look good when you cant even get a girlfriend, you know? Guess that counts as a rant. I dunno.",none,"The post does mention body image dissatisfaction and a desire for a romantic partner, but it does not provide clear evidence of any specific cause for the mental disorders. It is possible that multiple factors, such as societal pressures, self-esteem issues, and personal expectations, may be contributing to the poster's feelings of inadequacy. However, without more information, it is not possible to assign a definitive cause from the given options."
"Anyone else spending the night alone? I'm just gonna fry me up some pork chops, smoke some bud, and play video games. No one to hang out with and I've already been hit by one drunk driver so bars are a no go. O well fuck it! Right?",relationship,"The post mentions spending the night alone and not having anyone to hang out with, indicating a sense of social isolation. The mention of being hit by a drunk driver implies a negative experience in a social setting, potentially contributing to the poster's reluctance to go to bars. The post also mentions using substances (smoking bud) and engaging in leisure activities (playing video games) as a way to cope with their loneliness. This suggests that the cause of mental disorders in this post is related to the lack of fulfilling relationships and the resulting feelings of isolation and limited social opportunities."
"This is going to be a long one.

Cliffs:
- I thought it was going to be something more 
- I wasn’t fullfilled 
- following your dreams doesn’t make you happy
- You are sold a lie to get you to consumed 

This is my story of quiting my job to travel the world and follow what I thought my passion was.

So for the past 6 months I have been planning to quit my job so I can start a travel vlog channel on YouTube and work on photography and film making. I bought some gear, I even got free products from companies because they believed in my vision. I honestly thought this was it, like I thought this was going to be my thing. I thought I was on the right path doing this. I thought this would be my dream. I thought travelling the world sharing my pics and videos would make me happy and fullfilled. So after 6 long months, the big day finally arrived. I was so excited guys like I was over the moon about it all. This wasn’t really a holiday for me this was my time to focus on my craft and work towards my goals in youtube, photography and film making. But honestly after a few days something started to change fast. I didn’t really feel good, I felt like annoyed that I had to edit this vlog or edit this photo. I became very unhappy and unfulfilled extremely fast. The only time I felt good was when I was high on mushrooms and drunk on alcohol (that was for nye only) but I started to ask myself “hey do you even enjoy what you are doing” and to be honest I didn’t. I thought travelling the world sharing my journey with everyone would be fullfilling, I had friends and others tell me they were inspired that I had the courage to do this, I kinda felt like they were looking up to me and that my decision to do this would make them more confident for them to go after there dreams and I know that is a very positive thing but that wasn’t motivating for me at all. 

I am a simple man. I don’t give a **** about money or fame, pretty much my core value is to live a happy and fulliled life and to be surround by good people. The 9-5 isn’t for me. Hats off to you if you are ok with it but for me personally I couldn’t think of anything worse then sit in a box under arterfical light for 8+ hours a day t days a week plus the commute. When the realisation that the thing I thought was going to be my thing wasn’t was the most crushing feeling I have ever felt. It got to the point where I almost broke down. 

I have had successful online businesses in the past, but even when they were successful I wasn’t happy because I quickly realised this is like a 9-5 where I am only doing it for the money, I felt no joy or fullfillment from it so I quit. I currently do crypto investing, doing alright with it. Made 2k today but honestly yet again I felt no joy front that. I think a lot of people see other people’s lives on tv or social media and say to themselves “I want that life” I was the same, but I quickly realised I was sold a lie. Some of you might comment saying “you are just depressed bro” honestly I don’t think I am, I believe 99% of depression cases are miss diagnosed. I believe a lot of it has to do with people living unfullfied lives. Yes maybe 1% have a chemical imbalance but I strongly believe majority of people are not happy because they are not living unfullfied lives 

Right now I am thinking of just going home take some time off to revaluate. I must say though this really is painful this feeling. Thinking that something is going to be your passion and honestly believing in the bottom of your heart this is your thing but then realising (especially so fast) that’ it’s not is depressing. I just wanted to make you aware that the whole “quit your job to travel the world thing” might sound cool and all but I promise you it’s not going to make you happy. To me the only way to live a happy and fullfilled life is to do things you actually enjoy, to be on a road and to actually have some sort of direction.",jobs and career,"The post discusses the poster's decision to quit their job and pursue their passion for travel vlogging and photography. However, they quickly realize that this decision does not bring them the happiness and fulfillment they were expecting. They mention feeling unhappy and unfulfilled, even becoming annoyed by the tasks related to their new endeavor. They also mention previous experiences with successful online businesses that did not bring them joy or fulfillment either. This suggests that the mental disorder in this post is related to the poster's dissatisfaction and lack of fulfillment in their chosen career path, indicating that the cause is jobs and career."
"Backstory: I'm 21. My dad just turned 73. I have the typical father / daughter relationship every girl wishes to have. I was spoiled growing up. Yes, he's old. Yes, I was an accident. Yes, my parents are still together. Let's continue. 

Last year was big for me. Was promoted as the youngest employee company wide to have my position. I moved out. Travelled a LOT. Last year I also learned my dad's cancer had spread and it was a lot more serious this time. I was on my own, living my own life, for 6 months. I realized how bad things had gotten, and I broke my lease and moved back home to help assist my parents with things around the house. In May, he stopped treatment. He was given 6-9 months. We are now at the 9 month mark and he's on his way to a hospital bed in our living room. Meanwhile, my mom is a chainsmoker who is  coming down with pneumonia. 

Back to the point. My father is old, and has lived a very good life. I cannot be angry that his time has come. What I am angry about, however, is the fact I am now lost. Here comes my thought process.

Watching my mother take care of my dad in ways I would have never thought possible, how will she handle this when her husband is no longer on this earth?

He will without a doubt pass in my childhood home. When is the appropriate time to move out again? Will my mom be okay to take care of herself? 

I'm taking a lot of time off of work, and my boss is okay with it under the given circumstances. What if I'm not ready to return?

My mom lost her mother during the summer of 2015. Now she's losing her husband Spring of 2017, if he makes it that far. As far as family goes, it's just me and my brother, who has a family of his own. 

She's the type of mom who will spend hundreds of dollars on presents if it means not having to keep in touch daily / be a babysitter etc.. Not because she dislikes us, but because she has always been an independent, introverted.. er, bitch. When she does connect with you, it is something to be adored. She has a very unique way of showing love and it's the only love I have ever known from her. 

I keep having to remind myself that I am 21 and have my whole life ahead of me, but is that selfish? I'm not looking to abandon her after this is all said and done, but I ~feel~ like I need to return to my life as soon as possible. It's taking a toll on me mentally, and as a result, I'm isolating myself from friends and social gatherings. I just have no desire to do those things anymore. Some days its hard to get out of bed because I can't do anything. It's not that I don't WANT to get up start my day, I just lay there and think, ""whats the point? I don't need plans."" That's new. My parents are in the other room together 90% of the time, while I spend my entire day in my room trying to find things to distract me from my current life. I don't like thinking about the future because I feel exhausted trying to make those thoughts seem realistic. I'm either very irritable or so quiet that I don't think I can talk. The thought of going back to work to make money to resume the life I had seems unpalatable. 

I guess what I'm saying is, I'm stuck in a very large rut and I don't know what direction to go in, I just know that I need to get out of it.

TLDR: My dad is dying of natural causes, I put my life on pause to spend time with him, I realized that my mom might not do too well alone, and I don't know how / when / if I will go back to my life before I moved home or how I want to resume my life to move on.",relationship,"The post discusses the poster's current situation, which involves caring for her dying father and concerns about her mother's well-being after her father's passing. The poster also expresses feelings of being lost and unsure about the appropriate time to return to her own life. These concerns and the resulting toll on her mental health, as evidenced by feelings of isolation, lack of motivation, and exhaustion, indicate that relationship issues, specifically related to her family situation, are causing her mental disorders."
"I have progressed to a point where suicide is plaguing my thoughts every day. Any form of distraction: YouTube and Social Media, hanging out with my “friends” school. Nothing can save me, I feel increasingly depressed and lonely. Winter break has interrupted my only form of solace; school. But I even then I had been exponentially losing interest in school and my grades reflect that shift. I can identify that I am failing I am so pathetic all of my friends are just friends with me out of pity I can trust no one. Everyone has abandoned me and I feel like shit every single goddamn day. Thoughts of suicide and all of my past failures and embarrassing moments no matter how small, are all huge and I feel as if everyone    Either hates me, takes advantage of me for what little intelligence is left, or is just friends with me out of pity or to bully me and belittle me. I have lost the will to Live ages ago. The only thing that keeps me going is the biological urge to not kill myself but even that is being degraded by all of these thoughts. I cannot go on with this. The sense of depression, embarrassment/cringe, even overpowering nostalgia (if you could call it that) for times of before, where I wasn’t so pathetic and stupid. I want to die",relationship,"The post mentions feeling increasingly depressed and lonely, as well as thoughts of suicide and a sense of abandonment by friends. The poster also expresses feelings of being taken advantage of, bullied, and belittled by others. These experiences and emotions are related to relationships and the poster's perception of how others treat them. The post also mentions a loss of interest in school and declining grades, which can be indicative of relationship-related stress. Therefore, the cause of mental disorders in this post is likely rooted in relationship issues."
"Really have been struggling with everything lately, and I come into work today and my boss tells my I am no longer meeting expectations and fires me. I think the worst part is still being scheduled for three more days. I barely had the motivation to go when I had was actually employed there. I just want my life to stop going downhill.",jobs and career,"The post mentions struggling with everything lately and then receiving negative feedback and being fired by their boss. This sudden loss of employment and feeling of not meeting expectations can have a significant impact on a person's mental health, causing feelings of stress, low motivation, and a sense that their life is going downhill. Therefore, the cause of the mental disorders in this post is related to their job and career."
"I'm afraid it will go out of hand one day or another.    
I stop myself from going to places and talking to people, just to feel miserable afterward, then I bask in my misery.  
It is not healthy, but I don't know what else to do.    
Do you have any tips, can anyone relate?    
Am I the only one with this weird addiction?",relationship,"The post mentions a pattern of avoiding places and people, leading to feeling miserable afterwards. This suggests that the poster is experiencing difficulties in their relationships and social interactions. They also mention an addiction, which could be related to seeking validation or attention from others. The mental disorders in this post are likely caused by relationship issues and a lack of healthy social connections."
"I’ve had friends in the past tell me they think I have depression and that I should seek help, but if anything this makes me irritated and  want to get help even less. Why is this? Does this happen to anyone else?",alienation,"The post mentions friends suggesting that the poster may have depression and should seek help. However, the poster feels irritated by these suggestions and has a resistance to seeking help. This suggests a sense of alienation, as the poster may feel misunderstood or unsupported by their friends. This feeling of alienation may be contributing to their reluctance to seek help for their mental health issues."
"When I was a kid I loved to write little short stories and draw random stuff, wherever my mind was inspired to go. Now I’m 20 and thanks to depression it feels like my mind can’t digest anything. A movie or TV show might be really interesting every now and then, or a song might spark some emotional response, but then 5 minutes later I pick up a pen and everything I know about creativity goes down the drain. I just feel empty. I hate it. I wish I were a kid again, where I would be excited to create anything that comes to mind. Nothing’s up there. How do I get my imagination to ever work again?",jobs and career,"The post mentions feeling a lack of creativity and a struggle with their imagination due to depression. They mention a change from when they were a child and loved to write and draw, indicating a shift in their ability to express themselves creatively. The post also mentions a desire to regain their imaginative abilities and asks for advice on how to do so. This suggests that the cause of their mental disorder is related to their current job or career, as it is impacting their ability to tap into their creativity and enjoy activities they once loved."
"Had a session with my therapist before the beginning of New Year's Eve. I was trying to explain to her my greatest fear. The fear of never being understood. I was diagnosed with depression in year of 2011. Since then I have sought out treatment in the form of talk therapy and medication. And in all this time, even before I was educated about my ""illness"", not once has anyone I've come into contact with been able to see the world with my eyes. Yet I can be so understanding and kind and caring and able to walk in the shoes of others. I want to make others smile, be happy, and laugh. It's why I'm reading, studying, and practicing to become an actor. But I can no longer hide behind this mask of false images and hopes that ""things will get better"". How is it I can live a solid twenty four years on this planet, down to the exact seconds from which I was born today, being part of a sociable species of animals dubbed humans and still not have a genuine connection with a single person? How? Bar forced seclusion and isolation practices, it should not be possible. I should not be possible. Yet I persist and endure and struggle to live as a thing. A creature. A human not worth the very effort it took to create and make this pathetic existence I call life something worth living. My therapist heard a similar story to what I have just written from me, (minus the whole being alive for a full twenty four years part), and it sounded like she was trying to contemplate an answer to justify my thinking as being a product of my depression. By this time tears were sliding down my face one drop at a time. Yet I felt as stern as an emotionless being. Then she said something that caught me off guard in a voice as sad and as hurt as a mother pleading for the safety of her child. She said, ""please don't hurt yourself"". The thing is, I can't understand if she was crying for me or for what I had just said being reflected off my face. And even if she was starting to cry......., why? Why cry for someone who has no place in society. Why cry for someone who cannot be fathomed by his peers or parents? Why cry at all for this hollow wound of a human she saw before her? Just why?",alienation,"The post indicates a deep sense of isolation and a lack of understanding from others. The poster expresses their fear of never being understood and their inability to connect with anyone on a genuine level. They feel like an outsider and question why anyone would cry or care about someone like them who they perceive as having no place in society. This strong sense of alienation and disconnection from others is likely contributing to the mental disorders mentioned, such as depression and feelings of worthlessness."
I just feel like I can't breathe and I have no one to talk to,relationship,"The post mentions feeling overwhelmed and a lack of support or someone to talk to, which suggests that the poster is experiencing a sense of loneliness and a lack of meaningful connections with others. This feeling of isolation in their relationships can contribute to mental disorders such as anxiety and depression."
"Sometimes i can be happy, sometimes i can smile and sometimes i can laugh.
but most of the time when I'm alone or in school or anywhere i just feel so.. alone empty sad depressed everything combined and i just feel so alone
i don't really have any friends at school most of my friends are online and there aren't too many of them but I'm generally happy with my group of friends but i still feel so alone, my parents love me they give me kisses thought it is embarrassing and hugs and cuddles and i feel for a brief moment happiness but after a while i just feel empty sad alone..i don't know if I'm depressed but i thought this might be the best place to post this..if you have any questions like any i dunno just ask",none,"The post mentions feeling sad, empty, and alone, but there is no clear indication that the cause of these feelings is related to jobs and career. The post mentions having friends online and receiving affection from parents, which suggests a level of social support. Therefore, the cause of the mental disorders in this post cannot be attributed to jobs and career."
"I'm a 15 year old kid, I've been putting up with lots of verbal and emotional abuse from my parents, just got screamed at again. Really done with this bullshit, I just want to die. I really want to just kill myself. I'm so fucking tired of being treated like shit. I'm going to do it, I hope they kill themselves after me.",relationship,The post explicitly mentions experiencing verbal and emotional abuse from the poster's parents. The abusive treatment from the parents is causing extreme distress and thoughts of suicide. The relationship with the parents is the primary cause of the mental disorder in this post.
"My wife completely dismisses my depression and also tries to tell me its just an excuse. If I am having an off/bad day she says I am just being an asshole and am trying to ruin her day and sometimes she even goes as far to say that I am ruining her life. I have times when I am down that I cannot be as attentive or give her 100% of my attention, but if I try to say I am just having an off day she says I am just trying to find an excuse for my behavior and not taking ownership of it. There have been days where she says she wants me to get out or leave and I have wanted to, so that I can get away from the pain, but I never do and I end up staying and hoping to just work things out or that maybe I deserve how she treats me. The only thing I feel is really keeping me there with her are out kids, who are the light of my life. I am just not sure what to do and what is going on with me, maybe there is someone else who has been through something similar and can offer words of advise.",relationship,"The post describes a strained relationship between the poster and their wife, with the wife dismissing the poster's depression and accusing them of making excuses for their behavior. The post also mentions feeling a sense of pain and contemplating leaving the relationship. This clearly indicates that the cause of the mental disorder in this post is the relationship with the wife."
"It’s just a constant state of “You’re super depressed, isolate yourself from everyone because your a poison, waste your day away, think about progressing in life but of course you won’t do anything, etc

I just feel like I have a mild OCD and I can’t stop obsessing over my mental health and how I’m slowly rotting. I can’t focus on anything else. 

Please someone tell me it gets better or something. I’m only 23 and I should be enjoying my life",medication,"The post mentions feeling super depressed and isolating themselves from others, which suggests a possible history of bias or abuse or a sense of alienation. However, the post also mentions obsessing over mental health and having a constant state of negative thoughts, indicating that medication may be a factor in the poster's mental disorders. Additionally, the mention of mild OCD suggests a need for medication to manage these symptoms. Overall, the post implies that medication is a contributing factor to the poster's mental disorders."
"I do. Every time I look back on my past and even in my present I try to justify my shitty behavior because I keep thinking that maybe I'm just a good person on the inside. 

I treat my family and friends like shit and get angry at them for things that are mostly my fault. I feel like I'm not the person I thought I was.",relationship,"The post mentions the poster's behavior towards family and friends, expressing regret and guilt for treating them poorly. They also mention a disconnect between their perception of themselves as a good person and their actual behavior, indicating a potential issue within their relationships. This suggests that the cause of their mental disorders is related to their relationships and the negative impact it has on their self-image and behavior."
"Today has been the worst fucking day I've had in a long time without getting into details due to legal reasons. I already feel like I've just been ""here"" and drifting along almost like a zombie for the past 6 years and don't know if I can keep going on. I know the pain I'll leave behind but I don't know if my soul/heart can take this anymore",alienation,"The post mentions feeling like they have been ""here"" and drifting along for the past 6 years, which suggests a sense of alienation and detachment from life. They also mention feeling like a zombie and questioning if they can keep going on. This indicates a deep sense of disconnection and isolation, possibly leading to mental disorders."
I better stop being a coward and end it. I’m scared that a gunshot wound won’t be fast enough and I don’t have any bitcoin so I can’t order the right drugs online. But whatever. Even if it hurts this has to be the year I get the strength,medication,"The post mentions the poster's intention to end their life and their fear that a gunshot wound won't be fast enough. They also mention not having access to the right drugs for a painless suicide. This indicates that the poster may be seeking medication or substances as a means to carry out their intentions. Therefore, the cause of mental disorders in this post is related to the lack of access to appropriate medication or substances."
"Feeling kinda blue, just needed somewhere to say it.",none,"The post simply states that the poster is feeling blue and needs a place to express it. There is no indication of any specific cause or contributing factor to their mood, such as bias or abuse, job or career stress, medication side effects, relationship issues, or a sense of alienation. Therefore, there is no assigned label as none of the listed causes are evident in the post."
"It's terrible feeling. I want to cry, just let it out, but I can't. It feels like my soul is crying, but i just physically can't get it out. It's like I'm stuck with this pain forever and am not allowed to at least alleviate it in a way. I... just can't explain it... I just hope someone understands...",alienation,"The post mentions feeling a deep emotional pain and a desire to cry and release those emotions. However, they express difficulty in doing so, suggesting a sense of being trapped or isolated with their pain. They also mention a hope that someone understands, indicating a desire for connection and understanding from others. These feelings of emotional isolation and a lack of understanding from others point to a sense of alienation as the cause of the mental disorder."
I'vs noticed that whenever i walk past a mirror i look away... i can't remember the last time i've seen my reflection without feeling disgust. I can't stand to look at myself.,alienation,"The post mentions a strong negative reaction towards their own reflection, specifically feeling disgust and an inability to stand looking at themselves. This suggests a sense of alienation from their own body or self-image, as they are actively avoiding their own reflection. This feeling of disconnect or disapproval towards their own appearance likely contributes to the development of mental disorders in this post."
"I don't want to write a long story to don't make it boring for you.
Let's just say that I don't think that i'm worth living here. Im tired of my own life. First I'm so ugly and don't tell me that everyone is beautiful because i literally am ugly. A lot of people told me that straight to myself. I care about my health but i can't do anything with my ugly face. Second i'm not good at anything and in school i'm the one to joke about. My friend left me week ago because i was boring for her. Its really hard for me because she was the only one who  cared about me. I have a lot of passions and sens of humor but who actually cares?
I have also difficult family. They arent loving and supporting me, because i don't want to do in my life what they wanted me to and im so hopeless. I want to kill my self couse no one needs me and i'm hurting here. I'm thinking about it for so long. I wanted to write it, maybe someone will notice me. I feel so lonely and hopeless. I know that you'll probably think that i'm complaining and i'm selfish and that i'm a kid that doesn't know anything about life.   (couse i'm 16) . I also want to apologize for my english, because it's not my native language and i'm still learning. 
Sorry for taking your time and thanks for everything.",relationship,"The post mentions feelings of worthlessness, ugliness, and being the subject of jokes at school. The poster also mentions the recent loss of a friend who was the only person who cared about them. They describe their family as difficult and unsupportive, causing feelings of hopelessness. These relationship-related factors, such as a lack of support, bullying, and the loss of a friend, are likely contributing to the mental disorders experienced by the poster."
"Are there any helpful things to do when your entire body is powerless and you can't even muster the strength to go and make a cup of tea? Or, are there any mental techniques that you find particularly helpful in this situation?",none,"The post does not mention any specific factors such as bias or abuse, job-related stress, medication-related side effects, relationship issues, or alienation from others as contributing factors to the feeling of powerlessness and lack of energy mentioned. Therefore, it is not possible to assign a label for the cause of the mental disorders in this post."
"I went to a club with pretty good DJs last night. I went there last year as well and enjoyed it. Last night though at first I was fine and everything was cool but it got to just after midnight and I got this overwhelming feeling that I should leave.

I have been feeling low for the past couple days and just felt really anxious and upset on the day of NYE. My mood had slightly picked up before we went out but once we were there I just couldn't escape what I was feeling. My girlfriend was naturally really upset and couldn't understand why I wanted to leave. After having a bit of a row I just yelled ""It's because I'm fucking depressed!"" and left by myself. 

I have feelings of guilt - obviously I know she wanted me there but I let this mood I'm having control what I do. It must have looked strange to everyone and I feel like I wasted the night and an opportunity to have fun. Having said that the feeling I had making me want to leave was so overwhelming I wouldn't have enjoyed myself at all.

This scares me - this hasn't happened before, I am usually a sociable person and enjoy having fun with my friends. For the past couple of weeks though I've had this feeling that I just want to stay in bed and do nothing - finally last night I acted on it.

Is this depression? I really can't tell if I am or not and it worries me that this behaviour might be the start of it.",alienation,"The post mentions feeling low, anxious, and upset leading up to the night at the club. The poster describes an overwhelming feeling that they should leave, even though they had previously enjoyed going to the club. They also mention a recent change in their behavior, feeling the desire to stay in bed and do nothing. These feelings of isolation and disconnection, combined with a change in behavior, suggest a sense of alienation as the cause of their mental disorders. The poster is worried that this behavior may be the start of depression, indicating a concern about their emotional well-being and a possible sense of disconnect from their own emotions."
"I was starting to feel low and burn out before New Years, and the evening allowed me to rise above my subjective perspective of myself and my interactions with people. I usually try not to party too hard *nudge nudge*, but it was a net positive I think. I reevaluated how I was doing and got a more complete view of psychological state.

I was also really happy to feel comfortable and actually see (as opposed to view a person through my preconceived notion) people a little more than I usually am able to.

Gender and Sexuality
===============
I grew up in a conservative environment, but I actually never felt ashamed of my gender or ashamed of my sexuality. I would get boy and girl crushes all the time and think nothing of it other than, ' oh this person is so cool and I really want to get to know them'. I was more effeminate and got bullied for it, including authority figures turning a blind eye or encouraging it. Pretty lame times that reinforced that people can be savage.

In expression and identity, I guess I was pretty androgynous growing. I never felt like I was a woman or that I wanted to be a manly man. I thought the gender binary people expressed themselves in was narrow and boring, so I kind of made a point to disregard it. 

Unfortunately, I have also learned that some people will not let you survive or function without expressing yourself in a way that they seem fit. I've experienced way too many people being openly hostile because of my mere existence. Today, I have to role-play as a bro just to survive in many professional environments. It feels degrading to my soul, but the trade off is I have some money. Its a bit emotionally exhausting and doesn't feel nice.

All in all, I am bi and not too happy with the prejudices people have in the world.


Socialization
==============
I am used to compartmentalizing my feelings. I have lost a great deal of friends who had either fallen off the face of the earth, OD'd, killed themselves, or had been too much grief to keep in contact with. I am craving close relationships and self-growth, but I am finding it difficult to meaningfully connect with people. I wonder if the feeling of abandoning other people because it is easier than being abandoned comes into play for me right now. I've felt that way in the past, but I thought I got over it. 

I am going to school and have had gainful employment, but it doesn't help me connect in the ways I seek. I socialize and feel like I am role-playing. Many friendships with people seem superficial and unfulfilling, and these are typically with normalish people. I don't have a problem putting myself 'out there' if I'm not down and out in a low period. I am social and have been told I am easy going and funny just as often as I've been told I can come across as a bitch without intending to or even saying anything (hah).

Despite what other people seem to think, I usually feel on-guard and can hardly be intimate / open up to folks. I think my memory is eroding due to long-term stress. What good is living life and collecting lessons from experiences if you can't remember them? What good is gaining perspective if you just lose it in a time of need? 

I'm uneasy not knowing people's motivations. I try to learn about people and what they want from me in an attempt to predict what may happen. 


Relationships
===============
I don't feel like I need to be in a relationship, but I do know that I need meaningful relationships. Although, it would be nice to find someone romantically that sees me for who I am and empowers me. Obviously, I have my doubts that I'll let anyone close enough to get the chance though.

Current partner was raised by a narcissist and is emotionally unavailable in a similar way as me. It is a comfortable yet emotionally unfulfilling relationship. I guess we're together out of a mutual need for physical intimacy and care? We care for each other, and she's incredibly gifted and into really cool stuff. We both value our space apart too due to similar issues.


The abridged version of my life:
================
As a child, I",bias or abuse,"The post mentions a history of trauma and abuse, including bullying, abusive relationships, and experiences of being mistreated by authority figures. The poster also mentions feeling unsafe being emotional around others and having difficulty trusting people. These experiences of bias or abuse likely contribute to the mental disorders described in the post."
"Tonight my roommates and I watched a movie together, then they left to go have dinner with her parents. 

And I sat at home and cried. I left my job 2 weeks ago, but no one has called me back about my resume. I barely eat, but am gaining weight. I'm tired yet oversleeping. 

My dad told me that the doctors give him a year, maybe. 

It's all so much. I'm so... not done. I can't say done. Done is... not an option. 

So... here's to a better year. Here's to the last year ill have with my dad. I want to make it a good one.",jobs and career,"The post mentions the poster's recent job loss and the lack of response to their job applications, indicating that they may be experiencing stress and anxiety related to their job and career. They also mention feeling overwhelmed by their father's health condition and the desire to make the most of their remaining time together, suggesting that the impending loss of their father may be affecting their mental well-being as well. Therefore, the cause of mental disorders in this post is related to the poster's job loss and the impending loss of their father."
I always end up feeling worse than I did before. Girls always wanna get close I never let them. Can anyone relate or am I alone on this topic?,none,"The post does not suggest that the poster has experienced bias or abuse, job-related stress, medication-related side effects, relationship issues, or a sense of alienation from others as contributing factors to their behavior. The mention of girls wanting to get close but the poster not letting them could potentially hint at relationship issues, but it is not clear from the post whether this is causing mental disorders or if it is just a personal decision. Therefore, it is more appropriate to assign ""None"" as the cause of mental disorders in this post."
"Long story short: In december I talked to my mother about how I feel and that I currently don't get my shit together; Mainly work.
She asked whether it's ok if my family would know (If they asked questions after christmas etc) and I told her it would be ok. First thing she did was going to my aunt and telling her and now my whole family knows and everyone is super protective and sending help, which is exactely what I don't need. When I critizied her, she started the whole ""everything I do is wrong""-bullshit and now even my father called me, who is currently in hospital because of his weak heart and told me I should start using my brain.

While I'm writing this my mother sits crying in the kitchen after she told me that she can't deal with this whole current situation and that I ""don't live alone on this planet"".

I do the fuck not know how to deal with this shit either. Getting drunk now. Thx for reading.",relationship,"The post mentions a conflict between the poster and their mother, as well as the mother's emotional reaction. It also discusses the family's involvement and overprotectiveness, which is causing stress for the poster. Additionally, the poster mentions turning to alcohol as a way to cope with the situation. These factors suggest that relationship issues within the family, particularly with the mother, are contributing to the mental disorders experienced by the poster."
"Sleep is the only escape for me. How can i sleep more? Anyone got any tricks? Especially getting to sleep after you have slept already for a long time?
I slept all day and i now want to sleep all night. Any ideas? I don't have any pills right now.",alienation,"The post suggests that the poster is using sleep as a form of escape, indicating a desire to avoid or disconnect from their current reality. They mention wanting to sleep more and asking for tricks to achieve it, which suggests a longing for a sense of peace or respite from their current situation. The mention of not having any pills also suggests that they may be seeking alternative methods to cope with their feelings of alienation and distress."
"Don't let your perception of others lives control how you perceive your own. Most people only post their high moments online creating a false image of their level of social interaction and excitement

https://www.bustle.com/p/how-social-media-fomo-affects-your-wellbeing-7510145",none,"The post suggests that the poster is offering advice on how to handle social media and how it can affect one's perception of others' lives. It does not mention any personal experiences or struggles with mental disorders, bias or abuse, jobs and career, medication, relationship issues, or alienation. Therefore, the assigned label is None."
"Is there anyone else here that has so much but doesn't feel like they really deserve any of it?

Personally I've got a few really close friends from home and college, a great GPA, a good job, a family that probably isn't as bad as I think it is, and we're getting by financially, even if it is a bit tough.

I think about my situation compared to some of the others I read on here and I question why I'm so depressed. Even with all that I have, I feel like I don't deserve what I have, and someone who can actually enjoy them should have them instead. Thinking that I'm the one who gets it instead just makes me feel worse about it really

I wanna just throw it all away, disappear without anyone knowing where I went but I know that won't fix anything",alienation,"The post suggests that the poster feels a sense of disconnect and alienation from their own life and their own accomplishments. They mention having close friends, a good GPA, a good job, and financial stability, but despite all of this, they feel undeserving and question why they are depressed. They express a desire to throw it all away and disappear, indicating a deep sense of alienation and dissatisfaction with their current circumstances. This perception of being disconnected and unworthy of their own success is likely contributing to their mental disorders."
Even though some of my friends tell me otherwise I still feel guilty of what I've done and unworthy of everything,relationship,"The post mentions feeling guilty and unworthy, despite being told otherwise by friends. This suggests that the poster may be experiencing negative thoughts and beliefs about themselves in the context of their relationships. They may have done something that they perceive as wrong or have a negative self-image in relation to their interactions with others. These relationship-related emotions and beliefs are likely contributing to their mental disorders."
"Possibly most of my depression stems from dwelling on things that happened in the past. Things that could have been and should have not. 

Coming up on my twenty-second birthday, I still dwell on my teen years where things seemed like hell, but as I look back they were the best years of my life.",relationship,"The post mentions feelings of depression that stem from dwelling on past events. They specifically mention their teen years and how, upon reflection, they realize that those years were actually the best years of their life. This suggests that the poster may be experiencing negative emotions and mental disorders related to their current relationships or lack thereof. They may be struggling with feelings of nostalgia and longing for the past, which can contribute to depression and dissatisfaction with their current circumstances."
"I've had about three interviews and a couple phone interviews and nothing yet. I know it's the holidays and no one is hiring en masse yet. But, God,  sitting around the house sucks. I miss just buying things without having to do quick mental math to see if I could afford it. I intend on joining the plumbers union, but God help me if I don't get in.",jobs and career,The post mentions the poster's frustration with the job search process and the financial strain they are experiencing as a result. They express a desire to join the plumbers union but also express worry if they are not accepted. This suggests that the poster's mental disorders are related to job-related stress and financial concerns.
"Why im i still alive Why im i still alive Why im i still alive Why im i still alive Why im i still alive Why im i still alive Why im i still alive Why im i still alive ?
another year has passed and i feel like im in the exact same place as before and everybody seems so happy and im just here thinking the same stuff still getting nothing done and i wonder if this even makes sense? am i happy, am i feeling awful? both? i dont know...
but i know that im stuck",alienation,The post mentions feeling stuck and questioning their purpose or happiness in life. They also mention feeling like they are in the same place as before while seeing others around them being happy. This suggests a sense of alienation and feeling disconnected from others who are seemingly moving forward in life while the poster feels stagnant. This sense of alienation and lack of progress may be contributing to their mental disorders.
I told a guy who I thought was my friend something personal. It wasn’t too deep but something anyone with half a brain should know not to share. I told my “friend” not to share it. I only told him something personal because he wanted to know more about me. So I opened up. But I also told him not to tell people about my family. I thought he was cool and we were friends for a couple weeks. I was new to making friends after deciding to open out of my shell. But now that this asshole tells people lies and rumors about me it just broke me. He tried texting me saying he didn’t say anything but obviously I’m not that stupid. This seriously just broke me down. I hate people who use me for company. I just can’t trust anyone or make friends. Now the school thinks I’m a crazy weirdo. Some fvcked up lies have been said about me. I don’t even talk to anyone besides a couple people. How did this happen. Assholes. :(,bias or abuse,"The post mentions a friend betraying the poster's trust and spreading lies and rumors about them. This betrayal and the resulting negative impact on the poster's reputation and social relationships suggest that they have experienced bias or abuse from this friend. The post also expresses a sense of distrust and difficulty in making new friends, indicating that this incident has had a lasting impact on the poster's mental well-being."
"It didnt even make me sad, IT MADE ME FEEL GOOD! He's right these reasons are retarted (Sorry if anyone has family members with special needs.) I didnt even deserve help from this guy ive been an asshole to him in the past and he's been an asshole to me in the past. Im so grateful rn. Thanks for reading this gn.",relationship,"The post mentions feeling good and grateful after someone has been an asshole to them in the past. This suggests that the poster may have a complex and potentially unhealthy relationship with this person. The mention of being an asshole to each other in the past indicates a history of conflict and potentially toxic dynamics in their relationship, which may be contributing to the mental disorders mentioned in the post."
"I hate taking my pills, I feel so numb and dizzy. And whenever the pill wear off I just get so depressed because of the thoughts that I have to take pills to be happy. And that no matter what, I'll never be truly happy, I'll only be like a stupid robot, doing and saying stuff just to make ppl feel better.... I'm a lie, I'm nothing.....",medication,"The post mentions a strong dislike for taking medication, feelings of numbness and dizziness, and a sense of hopelessness and despair about needing medication to feel happy. The poster also expresses a belief that they will never be truly happy and that they are living a lie. These feelings and thoughts are likely a result of the side effects and negative experiences associated with taking medication, making medication the cause of the mental disorders in this post."
"It’s been a good break so far, as school is the source of most of my triggers for depression and I’m also in Florida which helps combat seasonal depression, but something’s off. I just feel unsatisfied. Like, now that I’m feeling better, I’m seeing how bad I’ve been living. I see what I want to improve now, but it’s overwhelming. I’m so close to having energy to take on these challenges, but right now I still hardly have energy to get out of bed. Any suggestions?",jobs and career,"The post mentions school as the source of most of the poster's triggers for depression, indicating a negative impact from their educational environment. They also mention feeling unsatisfied with their current life and wanting to make improvements, suggesting that their current job or career may be contributing to their mental disorders. Additionally, they mention a lack of energy and difficulty getting out of bed, which can be symptoms of job-related stress or burnout."
"Jan. 17, 2017 I told myself I was sick of going through every year wanting to die, wishing for death, and that if things hadn't changed I wouldn't see the start of 2018. For the first time in over a decade I had a couple months where I didn't want to kill myself, and that fell apart as quickly as it started. I'm worse off than I've been in a long time, and attempted suicide 4 times in the past 3 months, ending up with two hospitalizations and being committed to behavioral center. The only thing that kept me from attempting tonight is a fear of failure, ending up back in a hospital, and the fact that I now live with my parents again. I guess the fact that at some point last year I didn't want to die made me hesitant to follow through with my promise, but honestly I hate that I didn't. It's just another thing that I couldn't hold myself to. I don't really know why I'm writing this, I wanted to tell someone but I don't have anyone to tell that will actually listen at this point. Happy New Year friends",none,"While the post mentions a history of suicidal thoughts and attempts, it does not suggest that medication is the cause of the mental disorders described. The poster does not mention taking any medication or experiencing any medication-related side effects."
"I just turned 20 in mid December, I don’t have a job, I don’t go to school and my girlfriend (of two years) that told me she wanted to be together forever and even shared a dog with me has been ignoring me since Thanksgiving. I caught her getting almost daily voicemails left on her phone by a guy I was clear I wasn’t okay with the flirting with. Today I got a text out of the blue saying She wants to meet in person this week to “move on”. Every part of me still wants to be with her and it kills me to think of a life without her; especially after going as far as planning our futures together. I thought the holidays were going to be the worst of it, but I’m slowly realizing that when everyone is getting back into their routines I’m still stuck. I want to get a job and go to school and be successful, but I feel trapped in this dark pit. I really don’t want to live anymore and the only thing keeping me from killing my self is the pain and disarray I would cause my Mom and Dad. I see a psychiatrist and take antidepressants daily; I have since I was 13. I don’t want to open myself up completely to my therapist because of my fears of being shipped to a mental health hospital. My parents in the past have seriously suggested that I stay in one. I don’t know it’s hard to believe you can live a normal life or be normal after you’ve been locked in a psych ward.",relationship,"The post mentions various relationship-related issues that are likely contributing to the poster's mental disorders. They mention their girlfriend ignoring them, catching her flirting with someone else, and their subsequent breakup. These relationship problems are causing feelings of heartbreak, thoughts of suicide, and a sense of being trapped in a dark pit. The post also mentions fearing being sent to a mental health hospital, likely due to past suggestions from their parents. All of these issues point to relationship-related stress and trauma as the cause of the mental disorders in this post."
"So I’ve been having depression for the past 1.5 Years now, went to a psychiatrist for the whole time. Parents got divorced, I’m getting my insurance cut off so I can no longer afford the psychiatrist anymore. I work part time and go to university full time. My moms been trying to switch car insurances but some places refused because of my driving record (3 accidents, 1 ticket) and the one were at now is out of our pay range. I’m just really tired. Literally a waste of money. My boyfriend of 6 months recently ghosted me so the wound is still fresh. I don’t know what to do, I just feel like a waste and a burden. Since my boyfriend disappeared there’s no one I can talk to honestly. I just want someone to hug me and tell me things will be okay.",jobs and career,"The post mentions a history of depression and regular visits to a psychiatrist, but the poster can no longer afford the psychiatrist due to insurance being cut off. They also mention working part-time and going to university full-time, indicating potential job-related stress and financial strain. Additionally, the post mentions parental divorce and difficulties with car insurance, suggesting that external stressors related to jobs and career could be contributing to the mental disorders. The recent breakup with the boyfriend also adds to the emotional turmoil, further supporting the assignment of the Jobs and career label."
"Happy new year everyone I hope u had a good time I may be alone Tonight but i wont give up yet.
One day I'll be a friend to someone if not, well I got my crippling shyness it will never leave me.
I feel dumb for being depressed for this but truth be told i never had a friend since i was a kid.",alienation,"The post mentions feeling alone and expresses a desire to have a friend. The poster also mentions their crippling shyness, indicating a difficulty in forming connections with others. This sense of isolation and the lack of friendships throughout their life contributes to their feelings of depression and alienation."
"I had a week off over Christmas. My family is all overseas so I was not busy or rushed. I took things easy and slow and didn't do much. It really alleviated the pressures of life and did help my depression a bit.

Now that I'm back at work I feel incredibly depressed - way more than before. I had a taste of feeling relaxed but crashed to the ground.

I need time off to just sort out what I want to do in life, but at work during the week it's all rush rush rush and stress and chores and anxiety. At the end of the day I am just exhausted and do need to sleep or rest.

I know what helps - having time off to just figure stuff out. But it's just so unobtainable.",medication,"The post mentions the poster's experience of feeling depressed, the alleviation of depression during their week off, and the return of increased depression upon returning to work. They express a need for time off to figure out what they want to do in life and mention the rush, stress, and anxiety associated with their job. However, they also acknowledge that taking time off is unobtainable. This suggests that the cause of their mental disorder is not related to bias or abuse, jobs and career, relationship issues, alienation, or lack of support, but rather the lack of time off and rest to manage their mental health. Therefore, the assigned label is medication, as the poster may benefit from medication to manage their depression in the absence of being able to take time off."
"I've just been prescribed Citalopram 20mg - started treatment today. I do like a drink on the evenings, just to help me relax a bit but I'm aware that's a product of whatever's going on and I'm going to reel it in. Not drink on the evenings and wind myself down some other way. 

Although, with that being said I love to spend time with my friends and normally we drink a fair amount - go home then go to bed kinda deal. Would it still be okay to get a bit wavy and let my hair down every now and then whilst on the meds?",medication,"The post mentions being prescribed medication (Citalopram) and the poster's intention to stop drinking alcohol in order to manage their mental health. They also ask for advice on whether it's okay to occasionally drink while on the medication. This indicates that the poster is concerned about the potential effects of alcohol on their mental health and medication. Therefore, the cause of the mental disorder in this post is related to the medication and the poster's behavior of drinking alcohol."
"OK so here goes the story, please help. 

We?ve been dating long-distance for 3 years. He used to love me to the moon and back. He?s from NZ and I?m from Mexico, he?s 22 and I?m 31. He had already broken up with me 3 months ago saying that his feelings for me were fading away but he already had a plain ticket to come see me for November. 3 days ago he broke up with me saying that he needs to be alone, that he needs to figure things out, that the distance is too hard (We were planning on me moving there in 2 years until he finished university) we already had been through 3 years together, 3 very hard years as well where my father died and I lost my mind to depression and anxiety. He says he doesn't love me anymore at least not like a partner but that he?ll always love me as a friend. Could this be the depression? he says he doesn't know what he wants and that he just wants to be alone. I don't know what to do here since I was working a job that I didn't really liked but that would give me lots of job opportunities in NZ i was planning my future around him. I battled depression as well and the last thought in my mind was breaking up with him. Which is why I can?t understand why he broke up with me. He says he needs all his focus on himself to get better but I didn't need that when I went through depression.",relationship,"The post describes a long-distance relationship that has recently ended. The poster mentions that they have battled depression and anxiety in the past, and they question whether their ex-partner's decision to break up could be related to depression. They also express confusion and disappointment over the breakup, as they had been planning their future around the relationship. This suggests that the end of the relationship is causing significant emotional distress for the poster, indicating that the cause of the mental disorder in this post is relationship-related."
Mind helping me out on this one? Need it for personal stuff.,none,"The post does not provide any specific information about mental disorders, possible causes, or experiences related to bias or abuse, jobs and career, medication, relationship issues, or a sense of alienation. Therefore, there is no clear indication of any specific cause for mental disorders in this post."
"I've been suffering with anxiety and depression for a while now but it has increasingly gotten worse within the last year and I feel like there is no getting better.

I have not seeked medical advice as I dont know where to start and what to say. I dont know what made me this way and I just wish it was as simple as popping to the shops and buying some pills to make it all better. There is more important things in the world than me and I dont want to waste anyones time.

I used to cope by keeping myself busy and pushing myself to do anything and everything to avoid having to sit with just my own thoughts for company. But its beating me and the motivation to do anything is becoming none existent, it's like I want to but I cant push through the voices in my head and the pressure on my chest.

My friends seem to be becoming more and more distant with little understanding on whats going on with me but too wrapped up in their own lifes.

A hand full of my work collegues seem to be going through a similar thing but can come off quite judgemental and I honestly think if I confided in them they would just think I was after attention and 'jumping on the bandwagon'. And the other hand full slag off depression as if it doesnt exist or they are worse off as if its a competition.

My family have their own issues and I feel as much as they would love to help they need to focus on themselves and each other.

My boyfriend is the one person I thought I could rely on to speak to and make me feel at comfort if not better when im at my worst but nearly a month ago he nearly broke up with me. I fear its gotten too much for him. He has since said he didnt mean it and you dont realise what you've got until its nearly gone but its broken me. The one person I thought I could be myself with and express my true feelings and now its just another face to put on.

Life just feels like one massive show at the moment that i'm doing on my own and trying my best to see it through until the end. Can things just suddenly get better? What do you do to make yourself feel better?",relationship,"The post mentions experiencing anxiety and depression, as well as feeling increasingly worse within the last year. The poster also expresses a sense of loneliness and isolation, as their friends are becoming distant and wrapped up in their own lives. They mention a lack of understanding from their friends and colleagues, and fear that they would be judged or accused of seeking attention if they confided in them. The poster's family also has their own issues to focus on. Additionally, the post mentions a breakdown in the relationship with their boyfriend, which has further exacerbated their feelings of brokenness. Overall, the post's focus on strained relationships and lack of support indicates that relationship-related factors are contributing to their mental disorders."
"Tried a couple of them, and I'll be honest with you: I absolutely dreaded them both. I don't  want to get deep into it, but one of my therapists took time during our session just to talk with someone personal on their cellphone. (Hard to believe, I know.)

I've heard from a few people who have taken therapy say that you have to find the right therapist for you. But hearing that argument convinces me that I'm essentially paying people to listen to me until I find someone that says the right thing to comfort/""save"" me. Maybe it's just my brain telling me that, but it just rationalizes my personal stigma towards seeking professional help for myself.",relationship,"The post mentions a negative experience with therapy and feeling unsatisfied with previous attempts at seeking help. The poster expresses skepticism about the idea that they need to find the right therapist, indicating a lack of trust or connection in their therapeutic relationships. This suggests that the cause of their mental disorder may be related to their negative experiences with relationships, specifically in the context of seeking professional help."
"Keeping up the facade at work is cutting too deep these days.  I feel a great deal of stress with my work and having this heaped on top certainly doesn't help.  I can't sleep, I can't eat right... I'm just so tired of my shitty life and my bitterness at being so alone while the few friends I have are all happy in their relationships.  I'm constantly the 3rd or 5th wheel.  I know I'm a forever alone and nothing can ever change my situation but it's still just so painful, but at work I have to put on a fake smile and pretend there's nothing wrong.",jobs and career,"The post mentions feeling a great deal of stress related to work and having to maintain a facade. The poster also expresses feelings of loneliness and bitterness, particularly in comparison to their friends who are in relationships. This suggests that the cause of their mental disorder is related to their job and career, as well as feelings of isolation and longing for a romantic relationship."
"My depression has been getting so bad that I'm sluggish after even a few days of getting up, going to work, and doing what I need to do.

Over the course of the next few months, I'm working, going back to school, auditioning for a musical, organizing an event in a nearby city, and then there's my social life.

As you may notice, I organized a lot of these things when I was feeling ""up"". Now that I'm starting to come down, I don't know how to get myself back up. I used to do it so easily",none,"The post describes symptoms of depression and the struggle to maintain motivation and energy, particularly in regards to the various activities the poster has planned. While the post does mention a change in mood from feeling ""up"" to starting to come down, it does not suggest any specific cause for the mental disorders, such as bias or abuse, job-related stress, medication-related side effects, relationship issues, or a sense of alienation. The cause of the mental disorders in this post remains unclear, so the assigned label is None."
"I seriously don't know what is wrong with me.

The best way that I could describe it is 2 tracks are constantly playing in my head. One that is normal and happy. I have lots of friends. I have a good job lined up and am doing very well at university. This track sends out lots of positive emotions and appreciates life.

But for the last 2 years theres another track that CONSTANTLY talks about how every single thing is meaningless. A gorgeous sunset? Life is meaningless, there is no purpose to anything. Having a good time with friends? Life is meaningless. The best way that I ccould describe it is like a stone lodged in your shoe that you have no way to remove, and you have to go on a 50 mile hike.

Well I've had enough. There have been times when I have a respite and I feel normal. But they last a couple hours, a couple days at max.

I don't htink I have depression since I think a lot of positive things often, am not socially isolated or anything like that. In fact when I read the stories of people who are depressed or anxious I ENVY them. Because they seem to be upset about something concrete. Like they feel inadequate. They are scared what others will think of them. They are scared of things IN THE REAL WORLD. But whatever is bogging down is so frightening because there is no concrete root. I couldn't care less what people think of me. There's nothing in the real world that totally takes over my mind, because no matter WHAT i am thinking about, always what is playing in the back of my head is ""this is pointless, this is pointless, this is pointless...""

But clearly there is something very chemically wrong with my brain and I just cannot take it anymore. I dream of going to the doctor and finding that I have a terminal illness, so that it will end and I will finally be free of the rock.",medication,"The post describes the presence of two tracks playing in the poster's mind, one expressing positive emotions and appreciation for life, and the other constantly discussing the meaninglessness of everything. The poster mentions feeling a sense of relief during brief respites when they feel normal, but these moments are short-lived. They also state that they do not believe they have depression, as they experience positive thoughts and do not feel socially isolated or inadequate. The poster expresses a desire to find a concrete root for their mental distress, but is unable to do so. This suggests that the cause of the mental disorders in this post may be related to a chemical imbalance in the brain, which may require medication to address."
"Where do I start? I guess the background: I am in nursing school, and this past semester broke me, I developed anxiety, and my depression returned. I have been since medicated with prozac, and it helps. I don't feel nearly as hopeless, I don't feel worthless, I feel like me, before all this stress.

Well last night, about 11pm, I had an intrusive thought, that I should just die, and I should just get it over with. Now to be fair, I had a plan IF I failed second semester, which I did not do. I even just came home from the area I would do it in. I commonly have thoughts that wonder what my eulogy would be, but honestly I attributed that to my natural curiosity. 

This thought, it felt different, it felt real, and it scared me. I felt odd, my BP shot up, my pulse plunged, I felt short of breath but my o2 saturation was normal. I monitored it every 15 min, for an hour, and when it wasn't changing I took myself to the hospital. It was there that I realized what had just happened. 

You see, I am a migraine sufferer with a rare condition, my migraines are rarely painful, most just a headache, but the auras, they fucking SUCK. My first one ever mirrored a stroke, my second one I went partly blind for an hour, with all of them I had a change in how I talk. 

When I opened my mouth to talk, for the first time since feeling this way, I realized it was a migraine, but I was scared. I had a thought that I have had once before in my life, and it was terrifying to me. My voice sounded robotic, like something you would expect someone having severe asthma would talk like. My tremors were exacerbated where it was difficult to sign my name. They take me back, and all my symptoms are still there, and I am put on suicide watch while they page the psychologist. Here I am, 30 years old, some people consider me the most stable person they know, when I told them that I started antidepressants the general comments were along the lines of: no surprised you would be willing to reach out for help.  

So I sit like the fraud I am. Wanting to make sure I am medically OK, and mentally OK. I knew as soon as I had the invasive thought that I would not act on it, but it felt so real, and scary. Well turns out auras from migraines in depressed people can cause these thoughts. Fuck. Me. 

So about 4am they discharge me when I tell them that I am not going to act on my impulse, and that I don't have a plan, and I will see outpatient. I feel like a sham, I am embarrassed, It felt like that wasn't me there. 

Thank you for reading, and I hope we all can overcome this.",medication,"The post mentions the poster's history of anxiety and depression, as well as their current use of medication (Prozac) to manage their symptoms. They also mention experiencing an intrusive thought about wanting to die, which caused significant fear and led them to seek medical help. The post further explains that these intrusive thoughts were actually a result of migraines, as people with depression and migraines can experience auras that can trigger negative thoughts. Therefore, the cause of the mental disorder in this post is directly related to the use of medication for anxiety and depression, as well as the presence of migraines."
"I might sound like a total nutjob but hear me out. 

Most of the time I start daydreaming and fantasizing about actually having friends (as if) and an interesting life, like in a cartoon adventure or something. Sometimes I even make up scenarios in my head with real life people about things that could've happened. 

It's starting to become more and more frequent and I'm finding myself moving my lips to the conversations in my head. Then reality comes crashing down and it feels horrible when I realize my crazy fantasies will never happen. 

It's just so much better in my mind. Anyone else?",bias or abuse,"The post mentions daydreaming and fantasizing about having friends and an interesting life, indicating a desire for social connection and fulfillment. However, the poster feels that their fantasies will never come true and expresses disappointment when reality sets in. This suggests that the poster may have experienced some form of bias or abuse that has influenced their self-esteem and perceptions of their social worth."
"Bad family, just got out of a bad relationship, have always been bad at making friends (serious social anxiety). This ain't abnormal but I stay in contact with toxic people because I'm just desperate for that human warmth. I spend so much time seeking literal warmth as a replacement. I take like 10 baths a day. I swaddle myself up in blankets. I am so emotionally freezing.",relationship,"The post mentions having a bad family, just getting out of a bad relationship, and struggling with social anxiety. These factors contribute to the poster's sense of difficulty in forming and maintaining relationships with others. They also mention seeking ""human warmth"" and using physical comfort (taking multiple baths, swaddling in blankets) as a substitute for emotional warmth. This suggests that the poster's mental disorders are caused by their experiences in relationships and their struggles with loneliness and isolation."
"Maybe if my leg was broken or I was diagnosed with a life threatening illness they would have cared more. It seems that mental illness does not have a place in this world. There are already too many 'freaks' suffering from it, one in five Australians in fact. Sure the physical symptoms of depression may not kill me, but the emotional ones may.I know that I can be stronger and fight my depression, I Want an education and a career, Safdar Gohir never wanted to be a dropout. Finding the motivation to brush my teeth is a struggle, so you can imagine the pain I feel when people called me a faker. The inner sadness that engulfs me is phenomenal. Wouldn't wish it upon my worst enemy. Yet I would like to see some of the people who ridiculed me go through a fraction of what I have been through for a second and see how they would fight it. I like everybody else, has had problems in my life. My parents separating when I was young. I was followed home from school when day and bashed because some people didn't like me.

Mohammad Safdar Gohir extremely lucky to have a caring and understanding family who would do anything to see me happy. I love them all so much. unfortunately you hurt the ones you love most. Your pain becomes directed at them and they cope the blame for all the shit the world has dealed out to you. I never wanted to hurt them. I hope they can forgive me.

This was written during the darkest times of my depression. Three suicide attempts followed and my family helped me through them. I am now a happy ** year old doing my HSC. The time of depression seem like a bad nightmare. I still can't believe what I went through and survived. There is always hope, for anyone. There is always someone there to listen.

Thanks for reading you may be like this story. Note all name used in story are fictitious.",relationship,"The post mentions multiple experiences and emotions related to relationships. The poster expresses feelings of being ignored or not cared for, suggesting a lack of support from others. They also mention being ridiculed and bullied by others, indicating the presence of negative interpersonal relationships. Additionally, the poster discusses their love for their family but notes that their pain was directed towards them, highlighting the strain and emotional challenges within their family relationships. The post also mentions the poster's three suicide attempts and how their family helped them through those difficult times, indicating the importance of supportive relationships in their recovery. Therefore, it can be inferred that relationship issues are the cause of the mental disorders discussed in the post."
"I have a lot of good things going for me, but I have no interest in putting effort into those things. My first semester of college went pretty well, but I just don’t care about what I’m doing. I don’t care if I ever get a job or a girlfriend or have a family. I could die alone and be completely indifferent to it.

 It genuinely feels effortful to try to care about things and have an interest in them. I don’t see a point in sharing my condition with anyone because if I’m being honest they’re not going to understand. Either that or they’ll pretend they do understand and be fucking annoying about it. I’m already tired of writing this out and considered not even posting several times",relationship,"The post mentions a lack of interest and indifference towards life and the future. The poster also expresses a belief that others would not understand or would be annoying if they were to share their condition. This suggests a sense of disconnect or strained relationships with others, which could be contributing to their mental state. Furthermore, the mention of not caring about getting a job, a girlfriend, or a family implies a lack of satisfaction or fulfillment in personal relationships, further indicating that relationship-related issues may be the cause of their mental disorders."
"For us, the lonely ones.(°-°)^",none,"The post does not provide any specific information about the causes of the poster's loneliness or whether they are experiencing any mental disorders. Therefore, it is not possible to assign any of the listed causes to this post."
It's so sad ahaha,none,"The post does not provide any information or context about mental disorders, causes, or any specific situations that would suggest a particular cause. Therefore, there is no clear reason to assign a label to the cause of the mental disorders in this post."
"...and you know what I'm going to do this year?

I'm going to get myself the help I want and need. I will improve my life. That's my mission for this year.

Got a doctor's appointment for dysthymia later this month. Let's sort this shit out.",medication,"The post mentions that the poster has a doctor's appointment for dysthymia later in the month, indicating that they are seeking help and potentially medication for their mental disorder. This suggests that the cause of the mental disorder is related to the need for medication."
"My dog is being fostered by a friend. Dog escaped. Friend called freaking out. I freaked out. Boyfriend freaked out and wanted to drive to get dog. I said no because he’s been drinking. LOST HIS SHIT. Tried to talk to him, pushed for it despite his attempts to distance himself. I’ve been pushed, smacked wth a shoe, dumped, called all kinds of names in the book.. there are holes in my walls, my belongings are smashed and destroyed.. we literally just talked about our future together 4 hours ago... then bam.. I’m a stupid cunt piece of shit bitch.

It 4.5 hours in to 2018 and I’m praying I don’t wake up. 

It’s all my fault I should have just left him alone.. nothing I ever do is right. Ever.

Our bed feels empty. I can’t stop shaking. I want to vomit everywhere. I love him, more than I’ve ever loved anything, and I would forgive him in a heartbeat..",relationship,"The post describes a highly abusive and volatile relationship, with the poster experiencing physical violence, verbal abuse, and destruction of property. The post also includes self-blaming and feelings of worthlessness. This indicates that the mental disorders in this post are likely caused by the abusive and toxic nature of the relationship the poster is in."
They don't judge me. They always get excited when I come home. They like being near me. They're both good doggies...,none,"The post does not suggest that the poster is experiencing any mental disorders or that their behavior is influenced by any specific cause such as bias or abuse, job-related stress, medication, alienation, or relationship issues."
I'm just so damn miserable I hurt my knee so I can't be as physical I used to be. My job sucks my college degree is useless around here I live an hour from my nearest friend. An old crush decided to start interacting with me after 5 year absence and now I'm going through all that shit again. I want to be with her and I wish I never met her all that same damn time. Before I just feel down for a week or two and it go away but now I'm having random crying attacks for fuck all I know everything feels muted and I just don't have the motivation to care about anything to much. I constantly feel like I want to go home when I'm at home.,jobs and career,"The post mentions several factors related to the poster's job and career that are contributing to their mental distress. They mention having a job that they hate, feeling stuck in their career due to a useless college degree, and living far away from friends. These job-related stressors, combined with the added emotional turmoil from rekindling a relationship with an old crush, have led to a decrease in motivation, feelings of sadness, and a desire to escape their current situation. Therefore, the cause of mental disorders in this post is related to the poster's jobs and career."
"I broke up with my girlfriend about 3 months ago because I wanted to move to a place she didn’t want to move to, I really wanted to move there as I’ve always wanted to live there and I have lots of friends there, so we broke up and I moved. For the first 3 months I was really happy and perfectly fine, I was sad of course from losing my girlfriend of a year and a half but it had to happen if I wanted to move and I knew that. These last couple of days though I just feel so lonely and depressed, I just want to drink constantly, I drank last night and the night before, and it’s only 11am and I already feel like drinking again. I don’t think I miss her specifically but I miss having a girlfriend, having someone to love and feel a connection with.",relationship,"The post mentions a recent breakup with a girlfriend and the poster's feelings of loneliness and depression. They also mention a desire to drink constantly as a way to cope with these negative emotions. The post indicates that while they don't specifically miss their ex-girlfriend, they do miss the feeling of being in a romantic relationship and having someone to love and connect with. Therefore, the cause of mental disorders in this post is related to the breakup and the subsequent feelings of loneliness and longing for a romantic relationship."
"My truck metaphor of the things that run me over all ay once everyday. It's a long story I could probably write a book... i might write a book... lol

I used to struggle HEAVILY with severe anxiety and my parents would belittle it until I was having anxiety attacks and even then they said that therapists were for crazy people (my parents are very traditional and care about what others could say about you). My boyfriend was always there for me even though, at the time, my anxiety wad mainly caused by him (emotionally). He understood and was the only one who could calm me down.  Post emotional shit I was also very depressed because I was disappointed in the person I became. Because morally I'm very black and white and I let my boyfriend fall in my Gray space. And that was new because I've never loved someone like I love him. He is the light of my life and existence no matter how much shit we have been through in the last 3.5y. Yoga and meditation and send awareness got me though that, mostly. 

Regardles... very very long story continues and I'm not used to things going well so when I have a small problem or inconvenience I react and prepare to be hit by my metaphorical truck.. Also my day could be 
 great and I get home and my family ruins anything and everything. 

Sorry this is all over the place but so are my emotions.",relationship,"The post mentions several relationship-related factors that contribute to the poster's mental disorders. They mention their parents belittling their anxiety and dismissing the need for therapy, which indicates a lack of support and understanding in their family relationship. They also mention their boyfriend being a source of emotional stress, even though he is also a source of comfort during anxiety attacks. This suggests a complex and potentially unhealthy dynamic in their romantic relationship. Additionally, the post mentions the poster's disappointment in themselves and the internal conflict they feel about compromising their personal values for the sake of their relationship. The mention of their family ruining their day also suggests a negative impact on their mental well-being due to family relationship issues. Overall, it is clear that the cause of the mental disorders in this post is related to relationship dynamics and the emotional stress they bring."
"My family loves me. I'm only 17. I have a couple of close friends. I'm not broke, my house has heat, I have a Nintendo Switch. I laugh... 

I was fine until I saw this girl. ""Speak to her."" Hah! Thanks, but it's never so easy. She's plagued my mind, she's all I think about. She's destroying my mind and she doesn't even know me.

I see her every single day. All I do is dwell. Dwell she's not mine. It's my own fault. I'm the one who stays quiet. Well, she does too, of course, but I think you catch my drift.

I was fine. Now I'm not. I'm literally losing my fucking mind. Abusing disgusting amounts of various vile medications provided by my father's prescriptions. I've noticed a difference in my brain since I've touched those pills. I'm actually losing it.

Anxiety. Depression. Insanity. Bipolar. Lost in a pitch  black labyrinth called ""Life"". Therapist is nice but, talking about your fever won't cure it. Fuck Zoloft, Prozac, you name it, fuck it. My mind is becoming like a messy room.

On the verge of a noose. Is this the end? Is this life? Am I done for? We ask these questions. Redundancy.",bias or abuse,"The post mentions a girl who is plaguing the poster's mind and causing them distress. They also mention abusing medications provided by their father, which can indicate a history of bias or abuse within the family. The post also mentions feelings of anxiety, depression, and insanity, which may be a result of the emotional turmoil caused by this relationship and potential abuse. The poster's mention of being on the verge of a noose suggests a high level of distress, further indicating that bias or abuse is the cause of their mental disorders."
"I'm using an alt because earlier this month someone went through my post history and harassed me for posting here. Literally every interaction I've had on this website lately has been shit. It seems like every person on this website is an aggressive, closed-minded asshole. I'm not like super depressed about it specifically, but it makes dealing with depression even harder with dicks on this website constantly wearing down my mood.",bias or abuse,"The post mentions being harassed and having negative interactions on the website, indicating a history of bias or abuse. The poster also mentions dealing with depression and how the negativity from others on the website is exacerbating their mental health struggles. This suggests that the cause of their mental disorders is related to the bias or abuse they are experiencing on the website."
I don’t belong here on earth... I am just way too different...  Society despise me...,alienation,"The post suggests that the poster feels like an outsider and that they are different from society. They express a belief that society despises them, indicating a sense of alienation and disconnection from others. This feeling of not belonging and being different can contribute to mental disorders."
"I don't like the girls how like me and I allways fall for the ones who don't like me back :/

When I am textkng with them it goes good for a couple of days and then they just straight up ignore me...

I must be doing something wrong?",relationship,"The post mentions a pattern of liking individuals who do not reciprocate the poster's feelings and experiencing rejection or being ignored by them. This suggests that the poster may have difficulties in their relationships or in attracting individuals who are interested in them. These relationship challenges can contribute to feelings of frustration and self-doubt, potentially leading to mental disorders."
"I need help. My mom said that I used to be happy, just for the sake of being happy. I can't even remember when that was. Every time I try to talk about my issues, I end up asking the same questions over and over, borderline asking people to shower me with complements and reminders of my good qualities. My mother is annoyed to no end by this. I don't want to do the same to my friends. As stated in the title, I have lost the will to live. The timing couldn't be worse, as I'm about to start talking classes for my GED, which I will need to talk because I fucked up in high school by being lazy and not doing my homework. I don't necessarily want to commit suicide, but I feel as though I am ""at peace"". I don't care if I'm going to die anymore. Maybe at most I'll shed a tear and ask to say goodbye. But, I am not at peace, for if I were, I wouldn't have such feelings of my own insecurities and self loathing. I don't know what to do to feel better, as every time I am even the slightest bit happy, it always goes away too soon, and I miss that feeling greatly. The biggest worry right now, is my borderline nihilism, the possibility that nothing matters; there is no point. I am unsure at best about whether or not this philosophy is true. I hope dearly that it's not.",jobs and career,"The post mentions feeling unhappy, having lost the will to live, and a sense of nihilism. It also mentions the upcoming start of classes for a GED, which suggests that the poster may be feeling overwhelmed by the pressure and expectations related to their education and future career prospects. The post also mentions feeling insecure and self-loathing, which can further contribute to mental disorders in the context of their job and career."
"I'm 18 years old, been struggling with depression for about 2 years but it really surfaced the last few months.

I live together with my 3 best friends because my home is too far away from school. Turns out one of them stole about 750-1000 eu from my room + A LOT of weed.

I sell weed to get by because i was blown away by how expensive living on your own is. Now all of my money is gone and i'm 1300eu in debt by my dealer.

My gf was the only one  trusted and i (still) love her dearly. But unfortunately she broke up with me just now because she can't be with someone who has such a negative self image of himself, and because i was never there for her (i did everything i could but sometimes you just can't do shit because of the depression and she doesnt believe that). She also said that i am selfish and that the whole relationship revolved around me, wich was the saying that hurt me the most.

I completely lost track of my own to get her to feel good, but nah she wouldn't have it. Commenting on my best friend who is jobless atm but worked HARD everyday on roofs and such for 2 years, saying he's a loafer with no ambition and i will become the same as him got me running to my car, bawling like a little kid (wich is something that nearly never happened in the past 5 years, i'm pretty 'cold-hearted'). 

We just returned from a super nice city trip where everything was as good as it could get, wich gave me hope because i tought that might be the spark our realtionship needed (we've been struggling in our realtionship for about a month) but i guess she didn't think so...

Everyday i have this urge to just drive against a pillar or off of a bridge but i can always come to my sensen when i think about my parents, who support me A LOT.

But lately even that doesn't do the trick. I wake up and think about the best way to kill myself.

So; i try to escape. Benzodiazepines are my love now, but i know i gotta quit that shit asap. Unfortunately this can't be done atm. 

I'm too weak to do it sober.


I don't even know why i bother writing this because no one gives a fuck about me (except for my parents probably) and this'll get buried anyways.


I looked forward so much to celebrate my bday (14 january) with my gf in a cosy restaurant and its all gone to shit.


Sorry for the weird text, im fucked up on benzos and alcohol and english isn't my native language. This could be a goodbey, idk and idc frankly.

For anyone who read all the way to the end, thanks",relationship,"The post mentions a number of relationship issues and challenges that the poster is facing. They discuss a roommate who stole from them, a girlfriend who broke up with them and criticized their self-image, and feeling alone and unsupported. The post also mentions feeling a strong urge to die and using benzodiazepines and alcohol as a means of escape. These relationship issues and feelings of isolation and despair are likely contributing to the poster's mental disorders."
"So I don’t know for sure that I am depressed, but it really does feel like it. I don’t feel loved or cared about. Like I’m not special, I’m nobody’s favorite person. 

But I know this isn’t true. My family loves me very much. My mom, dad, sister, they all care for me so much, and I can tell. I don’t necessarily have feelings that strong for them, but I’ve never felt very strongly about anyone. 

Does that make me wrong? To feel so unloved even though they do? Even if they are the only ones, why do I feel so bad? What’s wrong?",bias or abuse,"The post mentions feeling unloved and not special, despite having a family that the poster acknowledges loves and cares for them. This suggests a distorted perception of their relationships, which could be indicative of biased thinking or past experiences of abuse that affect their self-perception and ability to feel loved. Therefore, the assigned label is ""Bias or abuse."""
"April 2015. My sister took her life. 

It's been almost 2 years and I sought help a little after she passed. I fooled everyone, including myself, that I was slowly but surely getting better. Truth is, I just kept it locked away, like I always do. Recent events in my life have opened up some wounds, and I'm realizing the depression I felt 10 years ago in high school is still there. Feelings of being a failure, feelings of letting people down, feelings of not wanting to live are resurfacing. I'm not saying I want to take my life, but I don't want to live. Suicide would be cruel to my loved ones because they would have to deal with that twice. But if I didn't wake up tomorrow, I feel like that would be the best from everyone. I'm a miserable person, I'm selfish and I'm toxic. But I'm charismatic and I've hidden all this away for so long so no one knows my true pain.

The truth is, I basically killed my sister. I know that's what many family survivors of suicide say, but I knew my sister had some troubles. She was sad, she had been caught cutting and making suicidal threats for the past couple of years. And yet, I chose to ignore the warning signs because ""If I could get through it, she could."" My dad and her got into an argument one night, and I didn't help her. I even said aloud to my brother, ""She's going to kill herself one day."" A month later, she did. If I wasn't so selfish, I would have helped her, but I just wanted to get on with my life. I'm seeing now, all I bring people is pain. I'm venom. But since I'm friendly and well-liked people still gravitate toward my toxic orbit. The sooner I die, the better off the world will be.",relationship,"The post mentions the suicide of the poster's sister and expresses feelings of guilt, shame, and self-blame. The poster admits to ignoring warning signs and not intervening when their sister was in distress, which likely contributes to their feelings of failure, letting people down, and not wanting to live. The post also discusses the poster's perception of themselves as a toxic and harmful person, suggesting a negative self-image and possible issues with self-esteem. All of these factors point to a relationship-related cause of the mental disorders described in the post."
"I know this sort of post isn’t original or whatever but here it is. 

It’s New Years Eve today where I am and honestly... I don’t think I could care any less. 

I’m so tired of pretending to give a shit about everything. About people about things about university and assignments. Mostly I’m tired of other people pretending to give a shit about me because they don’t. That’s it. They don’t. 

My family say they care yet constantly bombard me with all of their problems expecting me to have a magical solution. My friends are going through their own shit and whilst they try there’s nothing they can do for me. My girlfriend well... that’s something else entirely. I know she’s not happy. I know she’d rather not be with me. She’s been down this road before got the T shirt she shouldn’t have to deal with my bs too. I love her so much I don’t want to put her through this. 

But the issue is I can’t ever see myself getting better. It feels impossible. All I want to do everyday is stay in bed. I want to sleep all of the time. Half the time I’m not even physically tired I just... everything is too much effort. I can’t win. I really can’t. I’ve been trying for years but it never gets better. Not for people like me. We’re destined to suffer and bleed and cry forever. What sort of life is that?

I don’t think I want to see the New Year. I just want to end it all.",jobs and career,"The post mentions feeling tired of pretending to care about everything, including their job, university, and assignments. They also mention feeling overwhelmed by other people's problems and not feeling supported by their family, friends, and girlfriend. They express a sense of hopelessness and a belief that they will never get better. This indicates that the cause of their mental disorders may be related to job-related stress and feelings of being overwhelmed and unsupported in their career and academic pursuits."
"I've had a rough two weeks and can't study for shit right now. I don't feel like I can talk to anyone and thoughts of suicide are having a hayday. Any belief I used to have in myself being other than a failure has crashed to pieces for the millionth time... But I still have to sit up and shut up, and not show a thing.

My grandparents - ALL of them - are still sick and have been so for several weeks, my grandma had even been rushed to ER but at least she's in recovery now. My family - Mom, Dad and little sister - have had no choice but to rush between them with the little time off work they've had. Except that I'm studying so my family insisted I won't take days off.

My family is busy all week trying to keep the situation under control, and I can't help them. On the other hand I also can't study because I'm so depressed my brain won't work, or rather it works overtime on focusing on how I feel and not on studying. So not only am I a worthless sack of shit on my own, I'm also letting down my family and can't do anything about my depression since they are already so burdened.",alienation,"The post mentions feeling depressed and suicidal, as well as a lack of belief in oneself. These feelings are likely exacerbated by the poster's perception of being alone and unable to talk to anyone about their struggles. They mention that their family is preoccupied with the sickness of their grandparents, leaving them feeling helpless and unable to contribute or seek support. This sense of isolation and burden is contributing to the poster's mental disorders and can be attributed to a sense of alienation."
"Ever since I started college (I'm a junior now) I feel so different than the person I was in High School. Back then people would tell me that I was funny, chill, nice, I was genuinely interested in people and made friends easily. But now I feel the opposite, like I'm just a dick, I never want to hangout with my friends and these are guys I have been best friends with since I was 5. We were literally inseparable, but now even keeping up with them in our groupme has become a chore, at this point my friends don't even want to talk to me anymore. Recently even the thought of having a social interaction is so scary that when it actually happens I feel like I seem distant and uninterested causing people to dislike me. I wish I knew how/why this all started, I just want to be me again, not this boring asshole who never has anything to say. I haven't told anybody this because I'm afraid they either won't believe me or think I just want attention, and I really just don't know what to do. Its like I just want to be left alone but I know that is not how I want to live my life. Sorry for the rant I just feel lost.",relationship,"The post mentions feeling different since starting college and experiencing a shift in their social interactions and relationships. They describe feeling like a different person and no longer exhibiting the positive qualities they had in high school. They express a desire to reconnect with their friends and regain their previous self, but also feeling scared and distant in social interactions. This suggests that the cause of their mental disorders may be related to changes in their relationships and social dynamics since starting college."
"So, I have really bad emetophobia. That means I have a fear of vomit. ?I have horrible dreams about vomit every night. Last night I had the worst vomit dream yet about my brother vomiting and it was so traumatic that it is really sticking with me today, I couldn't shake the horrible feelings. I found out after I woke up that he is actually sick and has been vomiting. But I have to go to an orchestra thing with him and my family tonight. I was obviously worried about it and my mom got upset about it and told me not to ruin the family's day. I really didn't know what to do because I had been on the edge of crying all day. I feel like my family thinks I am selfish for? expressing my anxiety about this and I feel shame. At the concert it was fine and I was coping. But after the concert, my brother said he felt sick and thaf made me really anxious. I kept walking so I was away from him, preferably ahead. We went down a bunch of stairs and my anxiety grew. We went in an open area and I was so terrified that I would see him do the thing that I started to tear up. By the time we got outside I was crying silently to myself. The whole way to the car I was behind everybody so nobody knew I was crying harder and harder thinking about what I could do to avoid getting in a car with him, but thinking that my parents would get mad and think I'm ridiculous. When we got there we were about to get in an elevator and I was hyperventilating to the point that they looked. They went up the elevator and Mystica came with me while I almost collapsed on the stairwell. I literally was gasping so much I couldn't breathe. My mom came down the stairs and asked me if this was because I thought Michael would vom. I said yes. She said I need to pull my act together, that she doesn't want me to ruin their night,? she wanted it to be a happy night. She told me that he hasn't vomited yet so I shouldn't be like this. She said I need to pull it together. This was all in a raised voice and I could tell she was mad. 

This hurt me and invalidated me so, so much. I stared blankly the ride home and then I texted her pouring my heart out about how hurt I am. She still didn't really seem to care. 

I'm honestly a little bit surprised because I didn't think it was possible to feel so fucking isolated. I didn't think she would do something this bad. I left and slept at somebody else's house. I feel so horrible and worthless.

Also posted in rbn",medication,"The post mentions emetophobia, which is a specific phobia related to a fear of vomiting. The poster discusses having frequent nightmares about vomit and experiencing extreme anxiety and panic in situations where vomiting may occur. They also mention their family's reaction to their anxiety, with their mother getting upset and telling them not to ruin the family's day. This indicates that the poster's mental disorder, in this case, is likely caused by their fear of vomiting and the lack of understanding and support from their family. Medication may be a potential solution to manage their anxiety and phobia symptoms."
"I just need a little bit of courage. I could go and try to rearrange the dates, but I feel that if I give up now, I will kick myself back.",none,"The post does not indicate any of the listed causes as contributing factors to the poster's behavior. There is no mention of bias or abuse, job or career-related stress, medication-related issues, relationship problems, or a sense of alienation. Therefore, the assigned label is None."
"Someone who will make me feel loved.

Someone who will not be annoyed when I text her in the morning, or one that will make me smile when I see her text saying good morning or good night

Someone who will makes feel like somebody and someone who will love me for who I am as I am for her.

_________________________________

I have been searching that particular person for years.

But apparently, I seem to be carrying a curse with me.

Every time I feel like I found someone *(and hopefully, not because I am desperate and because sometimes I want to say ""SOMEONE, NOTICE ME!"", and there were indeed times where I felt that she was ""the one"", so to speak)*, then all of a sudden ... **POOF** ... she is gone and out of my life

Could be because she found a spark with someone else.

Could be because that when I tell her who I really am, when I remove the mask to hide what I have to go through everyday, she slowly starts to become distant.

Could be because she was not who I thought she was

Apparently, I feel like I seem to be carrying a curse that whenever I feel like I finally have happiness, or finally have my own sense of peace and tranquility ... everytime that happens, I **KNOW** that it is too good to be true because after a while ... it just disappear and I am back to square one again.

*And this is not just about looking for a girlfriend only. I feel happy for a day and later, I am told that I failed a test or forgot to wash the dishes which later made me up fighting against my roommates. I thought that I found a friend, but later on, I found out that they only want to be with me when they are alone or when they REALLY need me. Or when I feel like I can handle my own emotions, all of a sudden, an accident happens*

It's almost as if fate itself wants to punish whenever I find that short period of happiness and tranquility. It always wants to find a way to take from me.",relationship,"The post discusses the poster's repeated experiences of finding someone they connect with and then suddenly losing that person. They also mention feeling cursed and as if fate is taking away their happiness whenever they find a sense of peace and tranquility. This suggests a pattern of relationship-related issues and difficulties in finding and maintaining connections with others, which may be contributing to the poster's mental disorders."
"I have no reason to feel this way. I am surrounded by loving family and caring friends but is there a reason for me just listening to slow music that appeals to me personally most nights and just feeling sad?

 I haven't really felt 100% for a couple years now, but no one i know has an inkling of what's happening to me, cause i think i hide it quite well with humour and when im socialising, it grants me temporary relief from these feelings of self doubt and loneliness, but always, when im alone these feelings creep back in and i can never seem to be rid of them. 

I've never really had much luck with relationships, i had something serious a couple months back, which actually stopped my lamenting, but it fizzled out pretty quickly and the feelings returned, and magnified with each failure to communicate with any girl im interested in.

And now i sit here by myself, again, watching the fireworks from my window as my family sleeps and with music in my ears, just feeling.. sad.

I don't really know how to explain it or why I'm like this, so i figured i may as well share and get outside opinions on it. Im not searching for a solution, just a means to understand this

P.s if anyone's actually interested the music i was listening to was the exis mixtape by roy woods and free 6lack by 6lack",relationship,"The post mentions feeling sad despite being surrounded by loving family and caring friends. The poster also expresses a sense of self-doubt, loneliness, and a lack of luck with relationships. They mention that when they are socializing or using humor, they temporarily feel relief from these negative feelings, but they always return when they are alone. The post also mentions a recent failed relationship and the poster's difficulty in communicating with girls they are interested in. This suggests that the cause of the mental disorders in this post is related to the poster's struggles and dissatisfaction with their relationships or lack thereof."
"I feel like I’m not even a functioning human at this point. The amount of effort needed to simply get out of bed or do my homework unbearable. This is the first time where I have been able to see the physical effects of my depression just looking at myself in the mirror. And I’m at a point where my anxiety that comes with it is so bad that I would rather not do my homework and get yelled at than even think about it. I’ve never told anyone I’m depressed and I just kinda be the funny one at school or with my friends.

I’ve never gone to a doctor or psychologist or anything about my depression but I think I may be bipolar. I do (or did) go to a psychologist for ADHD and they said when I was like 10 I might be at risk for developing bipolar disorder. But that was that I’m 14 now and that’s my theory.

I don’t even know if I’m over reacting or something I just needed to vent. Thanks for listening to my rant.",alienation,"The post mentions feelings of depression, anxiety, and difficulty getting out of bed or completing tasks. The poster expresses a sense of being disconnected from others, as they mention never having told anyone about their depression and instead being the funny one at school or with friends. This suggests a sense of isolation and a lack of support, which can contribute to mental health disorders. Additionally, the poster mentions a theory that they may be bipolar based on a previous assessment for ADHD, indicating a lack of professional help or guidance in understanding their mental health. All of these factors point to the cause of the mental disorders in this post being alienation."
"What do you think about anti depressants? Do they work, are they bs, do they only trick you into feeling better at the beginning? Want to know people's take on meds.",alienation,The post mentions anti-depressants and raises questions about their effectiveness and people's opinions on them. This suggests that the poster may be feeling alienated or disconnected from the medical community or society's perception of mental health and treatment options. They may feel unsure or skeptical about medication and are seeking others' opinions to potentially validate or challenge their own beliefs. This sense of alienation or disconnection regarding the use of medication for mental health is likely contributing to their mental disorders.
"I am 24 years old , unattractive, not smart(learning disability, autism), depression(since age 10, wanted to kill myself that young...yeah I know. My mood swings from ""normal"" to ""irrational"" very quickly. SOmetimes in short bursts. Basically I go from zero to asshole in seconds), no friends, etc.

Yeah what do I do about it. I guess accepting my fate is what i'll do guys...
THe problem I don't know what to do about it, not so much of an issue of ""trying harder"", but understanding what I need to do ""not be depressed"" anymore. 

There really is no escape for me in this depression land. I might have to learn to like it I guess.... Well lets see how I feel tommorw morning reading this irrational post..

The therapists aren't helping and its kinda discouraging...

I don't need to ""work on my self esteem"". I am sick of that bullshit some counselors are trained to teach. Are they really that stupid?",relationship,"The post mentions several factors that contribute to the poster's mental disorders, including their self-perceived unattractiveness, learning disability and autism, history of depression since a young age, and difficulty managing mood swings. They also mention a lack of friends and dissatisfaction with therapy. While the post does not explicitly mention specific relationship issues, the overall tone suggests a sense of loneliness, frustration with their own self-perceived inadequacies, and a lack of support from others. These factors contribute to the mental disorders described in the post, pointing to relationship-related causes."
"This has been going on for years, but it wasn't till today that I noticed it was happening. I get this sence of relief when I reach out towards people to hang out, but they tell me they can't.

It happened to me today, I was home alone and craving human contact. I called my friend to see if he wanted to hang out, but he tells me that he couldn't cause he was working. I then get a sense of relief, and I'm happy for all of two seconds cause I get to stay home, but the happiness fades, and I'm back to being depressed cause I can't hang out.

The opposite also happens. When my friend tells me that he can hang out, I get this feeling of dread, and I have to force myself to not cancel my plans. After we hang out, I ended up exhausted and tired, but a little bit less depressed.

Am I the only one that is a mess of contradictions?",alienation,"The post mentions a pattern where the poster reaches out to hang out with people, but they are consistently rejected or unable to meet up. This leads to a sense of relief at first, but then quickly fades and is replaced by depression and a longing for human contact. The post also mentions feeling dread and exhaustion when plans are made and carried out. These contradictory emotions and experiences suggest a sense of alienation and disconnection from others, as well as a struggle to navigate social interactions and find fulfillment in relationships."
"I just don't fucking see how the majority of people aren't fucking poor in the first place. I'm nearly fucking homeless, just barely making it by the skin of my teeth, with little to nothing going for me, with mounting debts, and somehow the majority of fucking people aren't dealing with this shit. I just don't fucking get it. How on Earth did my life turn out to be so fucking shitty, yet somehow most of everyone else is doing way better than me. I know a lot of people in my situation too. I see 'em all around and it's like we're fucking invisible. Nobody gives a shit about us and nobody fucking thinks that the fact that you can end up in this fucking situation in this goddamn country is bad enough to warrant massive change. No one thinks it's a fucking problem because it's only a million or two out of a couple hundred million. In fact, it fucking disgusts me that the majority can just write off ANY human life so easily. 

Bad fucking credit. No education. Fucking debts. No savings. Identity theft. And somehow this shit doesn't seem to be a fucking problem for most others. The fucking bleakness of the world is almost enough to drive me to go on a mass homicidal rampage. That's just how fucking ridiculous this shit is. I feel like I will never be in a fucking place where I can expect a better quality of life. This shit can only get worse, and I fucking know that it can because I know people who are sleeping outside tonight in fucking DC in their cars because of this shit. I'm not there yet but jesus fucking christ if I ever am some unlucky piece of shit is going to pay horribly for this bullshit. I am not grateful for this life in the least, and I wish death and disaster upon this country, which by it's institutions have run me into a destitution from which I may never fucking emerge. 

Hopelessness. That's all my life is. A fucking endless feedback loop of fucking problems that leads to one another. I have zero legitimate reasons to even stay alive other than for the fucking hell of it. But I'm not just surviving yet. If I ever get to the point where my life is just trying to survive, I'm going to go out of my way to hurt the rich bastards who keep every cent for themselves, who kill the unfortunate minority no one gives a shit about because they're not them.",jobs and career,"The post expresses extreme frustration and hopelessness regarding the poster's financial situation and their perception that the majority of people are not experiencing the same struggles. They mention being almost homeless, having mounting debts, bad credit, no education, and no savings. They also express anger towards the rich and a desire to cause harm to them. These statements suggest that the mental disorders in this post are related to the poster's current job and career situation, as well as their financial struggles and feelings of inequality."
