post,label,reason
"I feel this might be one of the worst parts for me. I tell people no to hanging out constantly because I can't get out of bed, I work as much overtime as possible to avoid real interaction and I mask it with determination but as soon as friends do something without inviting me I'm heartbroken. I've always suffered from mild depression but I was alright until about 5 years ago bulimia snuck in. Right before my eyes it creeped into a crippling depression, but I can't even place when it got this bad. I get happy for moments and my mind quickly tells me it won't last and puts me back in my place I don't feel like anyone close to me fully understands. Yesterday I went to a party with close friends and hardly spoke to anyone. To make matters worse, a guy I used to talk to that was flirting with a good friend of mine and now I'm anxious that they think that's why I was upset when really my depression just felt like it was a good time to kick in. Which brings me to my severe social anxiety.......long spiraling story short I've only gotten out of bed once today to make a sandwich, ate said sandwich in bed and went back to sleep. I'm sorry this is not well spoken, it's probably not much of a read I just needed to get this out somewhere.",True,"The post expresses several emotions and experiences that indicate loneliness. The poster mentions telling people no to hanging out constantly, using work to avoid real interaction, and feeling heartbroken when friends do something without inviting them. These behaviors suggest a pattern of isolating oneself and a longing for social connection. The poster also mentions suffering from mild depression and anxiety, which can further contribute to feelings of loneliness and difficulty in forming and maintaining social relationships. The statement ""I don't feel like anyone close to me fully understands"" highlights a sense of disconnect and lack of understanding from others. The post ends with the poster describing their day of staying in bed, eating alone, and feeling the need to share their feelings somewhere, indicating a deep sense of loneliness and desperation for connection."
I recently applied to college and got accepted. At first I was excited and nervous. Now I don‚Äôt have any motivation to go. I‚Äôm not excited. I really don‚Äôt wanna go and feel like I made a mistake applying. I‚Äôm just lost on what to do now.,False,"While the post mentions a lack of motivation and excitement about going to college, it does not directly express feelings of loneliness. The focus of the post is more on the uncertainty and confusion about what to do next, rather than a deep sense of loneliness."
"i like learning more about depression. since it helps me understand myself better. usually i watch youtube videos about it. or read about it on forums and etc. anyway i noticed that most of the time youtube comment section contains something similar to this: Billy ""i've been depressed for 1 year. i feel like shit all the time"" Chumbucket3000 ""ohh yeah. i had depression and anxiety disorder for 3 years now"" BucketChumm0003 ""yeah? try 10 years"" tiredofthinkingnames ""i was depressed since i was in my fathers balls had 100 disorders before my father was born"" and etc.. why are people like this. i mean yeah you have it bad but instead of measuring ""depression dick size"" maybe try and help one another. what im trying to say is that i think most of the comments people leave are useless on youtube. and idk why should anyone care about this post. ohh well.",False,"The post does not mention feelings of loneliness. Instead, it focuses on the poster's interest in learning about depression and their frustration with the comments section on YouTube. While the poster expresses their desire for people to help one another instead of comparing their experiences with depression, this does not necessarily indicate loneliness. The closing statement 'idk why should anyone care about this post' could suggest a lack of validation or recognition for their thoughts, but it does not necessarily indicate loneliness."
"Anyways, I know that you guys aren't doctors, but I have a question. I am on medication, but yet all day long, I feel panic, trouble breathing and shaking all day for like no reason. I can't identify any of the stressors, it just comes on and makes me really tense, irritable, etc. I can't even really identify anything I'm scared of, I just feel like my body is having a biological reaction and is creating tension. Are drugs for anxiety appropriate for this? I thought SSRIs are for people who are struggling with problems but I am not struggling with a problem with my thoughts entirely right now.",False,"The post mentions feelings of panic, trouble breathing, and shaking throughout the day for no apparent reason. The poster also describes feeling tense, irritable, and unable to identify any specific stressors or fears. These physical and emotional symptoms suggest the presence of anxiety. The poster mentions being on medication but questions whether drugs for anxiety are appropriate for their current situation. This indicates a desire for help and potential feelings of loneliness or isolation in dealing with these symptoms. However, it is important to note that loneliness is not explicitly mentioned in the post, therefore the assigned label is No."
"I go to a small school, normally no more than 20 students are in a classroom, yet my teachers don‚Äôt even realize I‚Äôm in their class most of the time. I have amazing teachers, and they always want to help students learn, but I‚Äôm always forgotten about. I‚Äôm not slow enough to need special help, I‚Äôm not smart enough to need no help though. I‚Äôm pretty quiet, and I almost always get interrupted by loud people. If I actually work up the nerve to ask a question in my asshole-filled classes, the teacher gets distracted by two idiots trying to kill each other and forgets about me. I know I probably sound like a spoiled child that just wants attention, but I don‚Äôt. All I want is to not be forgotten, to not be interrupted, to not be counted absent in a class when I‚Äôm always there.",True,"The post expresses feelings of being forgotten, neglected, and overlooked by both teachers and classmates. The poster mentions being in a small school with a small class size, yet still feeling ignored and unnoticed. They mention being quiet and constantly interrupted by loud people, indicating a lack of attention and recognition in social interactions. The statement ""All I want is to not be forgotten, to not be interrupted"" highlights a deep longing for acknowledgment and inclusivity. These feelings of being overlooked contribute to a sense of loneliness and isolation."
I can't make up my mind with ANYTHING. I'm tore between wanting to do things &amp; not wanting to do them at the same time. Anyone else?,False,"While the post mentions feeling torn and indecisive, it does not necessarily indicate feelings of loneliness. The poster asks if anyone else feels the same way, suggesting they are seeking validation or connection with others who may relate to their struggle. This suggests a desire for social connection rather than loneliness."
I‚Äôm just another one of those people who are miserable as fuck on New Years no big deal. Whatever I was alone all of 2017 so it won‚Äôt make a difference if it‚Äôs another year. Another year of pain and shit incoming.,True,"The post mentions feeling miserable on New Year's and being alone throughout the previous year. The statement ""Another year of pain and shit incoming"" further emphasizes a sense of loneliness and negativity. The poster expresses a belief that being alone will continue to be a pattern, suggesting a lack of social connections and a deep sense of sadness and despair."
"I'm done. I just want to go. I fucking hate that woman who calls herself my mother. I'm tired of being a fucking failure. I'm tired of choosing wrong all the time. I'm just done. I'm tired of her lack of sensibility with others and abundance of greed. Talking about money all the fucking day making me feel shit. I'm tired of always being alone and being the only asshole who is alone when all my friends have a girl. Someone please tell how is the best way to go. I can't afford a gun, i just want to sleep. I got here some painkillers. Will that do the trick? I could cut my veins off but I'm too much of a pussy to stand the pain.",True,"The post expresses intense feelings of frustration, hatred, and a desire to escape from the situation. The poster mentions hating their mother, feeling like a failure, and choosing wrong all the time. They express a deep sense of loneliness by mentioning always being alone and feeling like the only person without a partner while their friends do. The mention of wanting to go and not being able to afford a gun suggests suicidal thoughts. The poster mentions painkillers and cutting their veins, indicating a desire to end their life. This level of despair and desperation, along with the feelings of loneliness and isolation, suggest that the poster is suffering from extreme loneliness."
And honestly I've been by myself for so long I don't even know how abouts I would even begin interacting with other people beyond superficial niceties.,True,"The post mentions being by oneself for a long time, indicating a lack of social interaction and companionship. The statement 'I don't even know how abouts I would even begin interacting with other people beyond superficial niceties' suggests a difficulty in forming meaningful connections with others, further emphasizing a sense of loneliness. The use of the word 'honestly' implies a genuine and vulnerable expression of the poster's feelings."
"I don't know what to do. I feel terrible! I'm so blank and I have a heavy feeling in my chest. I feel sad. I keep spacing out I just want to lay in bed and sleep. I hate being awake, I hate not being able to feel happy. Why am I sad, why do I hurt every fucken day? I feel so lonely. Everyone thinks I Amncrazy for being depressed. Nobody ever understands me. I always feel like a burden to everyone just for being sad. They say to cheer up or to stay distracted, that it will pass. It's easier to have a reason for being sad but when you don't even know why you're hurting- it's so unbearable. I have no one in my life who understands. My mind is breaking. I'm breaking. I feel so crazy. I try to win but I'm always losing to my self. I hate my thoughts. I'm so afraid of how I'm feeling, how nasty it fees to be depressed. I can feel every single negative emotion creeping up all over my body. There's time when I just want to go to a psych home. I'm afraid of what I'm becoming. I hate who i am. I'm nothing.",True,"The post expresses a range of negative emotions, including feeling terrible, sad, and lonely. The poster mentions feeling like a burden to others and not having anyone in their life who understands. They express frustration and desperation about not knowing why they feel the way they do and feeling like they are losing to themselves. They mention feeling afraid of their emotions and having thoughts of going to a psychiatric home. The overall tone of the post indicates deep despair and a lack of social connection, which suggests a strong possibility of loneliness."
down for a chat,False,"The post simply states ""down for a chat,"" which indicates a desire for social interaction rather than feelings of loneliness."
"My life is OK. I've got most aspects under control and other than a void inside of me my emotions are most often under control as well. I feel like I can rationally look at the world My problem is I'm so bored of everyday life and routine and there's really no way out of it, it's how society is built. The purpose of our modern lives is to sell our hours to some company and get money in return mostly so we can buy stuff we don't really need. Any sense of community or responsibility is gone I can read a book, play video games or something but eventually I realize it's just mindless escapism and I feel bad about spending so much time on it.",True,"The post mentions feeling a void inside, being bored of everyday life and routine, and feeling like there is no way out of it. These statements indicate a sense of dissatisfaction and longing for something more meaningful in life. The poster also mentions the lack of community and responsibility in modern society, which suggests a feeling of disconnection and loneliness. The mention of engaging in activities like reading and playing video games as mindless escapism implies a desire for distraction and a potential difficulty in finding fulfillment in daily life."
"I feel empty inside. Like I float from day to day, moment to moment. I don‚Äôt really feel anything anymore. Just this emptiness and hollowness in my chest, right on my heart. I feel cold when I look at people, and I feel nothing towards the things that used to bring me such joy. Will this last forever? Because this is not the forever I wish to have. I am numb. I have nothing left. Sometimes I feel a part of me reaching for the happiness I once new deep down. But every time it escapes me, I feel the void deepen. How long will it be until I can feel something other than complete emptiness? I can‚Äôt take much more. Thanks for listening.",True,"The post expresses feelings of emptiness, hollowness, and numbness, indicating a lack of emotional connection and a deep sense of loneliness. The poster mentions not feeling anything anymore and feeling cold when looking at people, suggesting an inability to connect with others emotionally. The statement ""I have nothing left"" further emphasizes the emotional emptiness and loneliness the poster is experiencing. The longing for happiness and the frustration of not being able to feel anything other than emptiness further highlight the deep sense of loneliness. The closing sentence ""I can't take much more"" implies that the loneliness is taking a toll on the poster's well-being."
"Lately, most often at night, I'll get extremely anxious and begin feeling like I'm not me. Like I was someone else who was placed into this body. I also get the physical feeling that the world stops existing, and that I am isolated to my area. I feel like I'm going insane. This has started recently (last 2-3 months), I'm 17, and have not begun taking, or have stopped taking any medications. Is this an anxiety attack? I'm either numb, or this, and I'm scared this is forever.",True,"The post mentions feeling extremely anxious and disconnected from oneself, as well as experiencing a physical sensation of isolation. These feelings and sensations contribute to a deep sense of loneliness and disconnect from others. The poster also expresses fear and concern about these experiences potentially being permanent. This further suggests that the poster is suffering from loneliness and a lack of emotional connection."
"I‚Äôve been dealing with depression for five years and I‚Äôm honestly sick of the crappy grades I get. I‚Äôm currently in high school and I just want to get better grades, but dealing with mental illness makes it seem impossible",True,The post mentions dealing with depression for five years and feeling sick of the low grades they receive. The mention of mental illness contributing to the perceived impossibility of improving grades suggests that the poster may be feeling isolated and struggling to cope with their mental health. The frustration expressed towards their situation and the desire for improvement can also indicate a sense of loneliness and longing for a better life.
"This year especially. I joined a D&amp;D group this year trying to make friends but they all don't like me or idk because none of them want to be friends. Anyways, they've been texting each other in our group chat (which we have when we need to ask questions like find out if everyone is good to play on our set days) for the past few days about having a New Years party. Everyone but one person said they'd be up for it (the one person was busy)...but they never asked me. They asked everyone else. Never mentioned me, asked how I was, if I could make it, if I wanted to come...nothing. Party is tonight. Early this morning (like 1-2 am), I get a text from the DM asking about my back (I threw it out a while ago and have been in constant pain), I was thinking ""oh ok this is where he asks if I'm coming.""...yeah no. Just asked about my back, I said it was slightly better since I've been resting and he said something like ""Oh that's good.""...that's it. And still no one asking about me in the main chat. It hurts being excluded like that. I can only assume they did it because I don't drive, thus I can't really get to said party or get back home without someone else driving me...but they could at least offer or ask why I've been quiet or anything! It's the thought that counts...just them thinking about me would have made it easier. This is just cruel. I'm not looking forward to our next game when I have to be around them...",True,"The post expresses feelings of exclusion, hurt, and disappointment. The poster shares that they joined a D&D group in an attempt to make friends, but they feel like the group does not like them and does not want to be friends. They mention the group chat where everyone is discussing a New Year's party but nobody asks the poster about it or shows any concern for their feelings or well-being. The poster feels hurt and assumes that they were excluded because they don't drive, making it difficult for them to attend the party. They express that it would have been easier if the group had just thought about them and showed some consideration. The statement ""It hurts being excluded like that"" highlights the emotional impact of feeling left out and lonely. The poster also expresses their lack of excitement for the next game, indicating that the experience has left them feeling lonely and apprehensive about being around the group in the future."
"Perpetually asked if you're ok and always respond with "" I'm fine "". It's pathetic I know, but I always just want someone to reach out and just know that I'm not fine. Obviously, this will never happen... but I have too much pride to ever tell someone I need help. I can't tell my parents because I fear their judgment. I can't tell my friends because none are close enough and even if they were... they wouldn't care. They'd care on the surface, but the next day it's back to their lives and that's that. That doesn't make them bad friends...I'd probably be the same way. Everyone has their own problems they don't need to be hassled with mine. I don't know what I'm looking for with this post or if I'm even looking for anything. I guess it's more for me... to just tell someone... even if it's just to one of you random people that actually read this. I've never told anyone how I really feel or ever even posted something like this anonymously, but here I am. Thanks to anyone who listened. For anyone who feels somewhat similar... I genuinely hope it gets better for you because I know how much this sucks.",True,"The post expresses feelings of loneliness through various statements. The poster mentions always responding with ""I'm fine"" when asked if they're okay, indicating a desire for someone to reach out and realize they are not actually fine. The post also mentions having too much pride to ask for help and fearing judgment from parents, suggesting a lack of support system. The poster mentions not feeling close enough to friends and believing that even if they were, they wouldn't care. This highlights a perceived lack of genuine connection and support from friends. The closing sentence expresses empathy for others who may feel similarly, indicating a shared experience of loneliness. Overall, the post conveys a sense of isolation and longing for someone to understand and offer support."
"Social media is great fun. Just found out that a lot of my friends are hanging out without me tonight, so that's been real fun. Not a day goes by where I don't think about doing it, but I always think 'Maybe your friends can help. Maybe you can get better.' I've just been lying to myself. I've been at the edge for a long time now, but I'm just exhausted at this point. I just can't. Why does life have to be like this? Why can't we just be happy all the time? Why do feelings like this have to exist? I hate it. I just want to go to sleep. Thank you for letting me rant.",True,"The post mentions finding out that friends are hanging out without the poster, which suggests feelings of exclusion and loneliness. The statement 'Not a day goes by where I don't think about doing it' implies that the poster is constantly thinking about a specific action, possibly related to their feelings of loneliness or depression. The mention of lying to oneself and being at the edge suggests a deep emotional struggle and possibly even thoughts of self-harm or suicide. The questions 'Why does life have to be like this?' and 'Why can't we just be happy all the time?' indicate a sense of hopelessness and a desire for a different reality. The closing statement of wanting to go to sleep further emphasizes feelings of emotional exhaustion and possibly a desire to escape from the pain. Overall, the post expresses a deep sense of loneliness, despair, and a lack of hope for improvement."
"Btw I'm beyond nervous, I am terrified right now. Lets see what happens today. Hope you all have a good day today!",False,"While the post mentions feeling nervous and terrified, it does not directly express feelings of loneliness. The poster's statement ""Hope you all have a good day today!"" suggests a sense of connection and concern for others, which indicates some level of social interaction and potential support network. The focus of the post is more on the anticipation and unknown outcome of the day, rather than a sense of loneliness."
"I know the feeling of complete and utter despair that many of you face daily. I know that in many ways it is not cope-able. You feel like you‚Äôre dying inside or you very much have a desire to not live anymore. I know that pain and how real it is. However, just know that with the right doctor and the right combination of medications, it will subside almost completely. If you‚Äôre constantly feeling this pain, then something is clearly wrong with your treatment. Just know that it does get better. It does get easier. Brain chemistry can be a real asshole at times, but it is very treatable and you don‚Äôt have to live in a constant state of suffering. Hang on to that hope. =)",False,"While the post acknowledges and empathizes with the feeling of despair that many people face, it does not express personal experiences of loneliness. The focus of the post is more on offering support and hope to those who may be struggling with mental health issues, rather than expressing personal feelings of loneliness. The use of phrases like ""complete and utter despair"" and ""desire to not live anymore"" indicate deep emotional pain, but it is not explicitly linked to loneliness."
"I really just want any glimmer of hope to cling to that my life won't end empty and alone as it has been so far in my years. There's really no chance of my romantic situation ever changing though... So I'm back to sitting alone with no hope, just me and my shitty brain I don't even want. I don't know why my depression is so bad today, not sure if it's the new year and the prospect of going around again with the same old bullshit of being rejected or the amount of happy couples I saw today. That always gets me... Seeing people happy, just wishing you could feel things like love, affection, closeness with someone...but knowing that's the one part of life you are permanently gated from. All I want to do is die but I can't so I guess lifetime of misery it is..",True,"The post expresses a deep sense of hopelessness and loneliness. The poster mentions wanting a glimmer of hope and feeling that their life has been empty and alone. They express frustration at their romantic situation and feeling like there is no chance for it to change. The statement 'So I'm back to sitting alone with no hope' highlights their feelings of solitude and despair. The mention of depression and the impact of seeing happy couples further emphasizes their loneliness and longing for love and affection. The closing statement 'All I want to do is die but I can't so I guess lifetime of misery it is' suggests extreme despair and a lack of purpose in life, further indicating profound loneliness."
"I feel tired. Nothing brings me a joy. I lost all my fucking hobbies. I started smoking a lot. I have alcoholic dad, he often lies, also he borrowing my money, but never give them me back. Luckily, my mom isn't such an alcoholic, but she also drinks a lot. I remember, when i was a child, my parents often dont have money to buy tge food, so i used to visit my grandma, and take some food from her, to feed me and my younger brothers. i remember, once my dad came back home, so drunk, that he beated my mother,and btoke a glass door. There were a fucktone of blood.It was sticky and smelled horrible. When i was 13 i was raped by my drunk dad. Nobody knows about it. Also 2 months ago,i found a gf, but she broke with the me up. Also she was amphetamine addicted. She was mentally unstable. She had a lot of overdose. Honestly I miss her. I feel like i don't have future. I was born because condom ripped, and anti pregnant tablets wasn't working. I feel useless. I live in a small town in Western Ukraine. My town is a fucking shithole of the Europe. In 1 year i will be graduating, but i don't know where I want to study.",True,"The post contains numerous indicators of loneliness and emotional distress. The poster expresses feelings of exhaustion, joylessness, and loss of hobbies. They mention having an alcoholic father who lies and borrows money without returning it, as well as an alcoholic mother. The post also includes traumatic experiences such as witnessing domestic violence and being sexually assaulted by their father. These traumatic events and unstable family dynamics likely contribute to the poster's sense of isolation and loneliness. The mention of a past girlfriend who was mentally unstable and addicted further emphasizes the poster's struggles with relationships. The statements ""I miss her"" and ""I feel like I don't have a future"" highlight the deep loneliness and hopelessness the poster is experiencing. The final statement about not knowing where they want to study suggests a lack of direction and uncertainty about the future, which can also contribute to feelings of loneliness and isolation. Overall, the post contains multiple indicators of loneliness, trauma, and emotional distress."
"My life‚Äôs a mess, every day my mind is flooded by suicidal thoughts - yet I‚Äôm too much of a pussy to follow through with it. I‚Äôm sick of being alone, I want people who love me. But at the same time I hate being around people, it makes me nervous and causes me to overthink everything. I feel like the whole world is out to spoil my day. Everyone of my ex friends I‚Äôve had in my life have all left me. As soon as they found out that I had baggage in the form of mental illness. No sane person gives me a chance, and I don‚Äôt blame them, I have to lie constantly to my place of work, because I‚Äôll be let go. To be honest I don‚Äôt blame them either, it‚Äôs a chore to maintain a relationship with me. I‚Äôm not normal, I‚Äôm a disgusting human, I‚Äôll let you down if you give me a chance. And I won‚Äôt even be sorry.",True,"The post expresses a deep sense of loneliness and despair. The poster mentions having a flooded mind with suicidal thoughts and feeling alone. They express a desire for people who love them but also feel nervous and overthink everything when around people. The mention of ex-friends leaving them as soon as they found out about their mental illness suggests a pattern of rejection and abandonment. They also mention having to lie constantly to their place of work, which indicates a lack of trust and fear of being judged and let go. The self-deprecating language used, such as calling themselves a ""disgusting human,"" further emphasizes the feelings of low self-worth and loneliness."
"When I‚Äôm watching a film or anything, and something fucked up happens to a person, I think: ‚ÄòWow that person must be considering suicide‚Äô ‚ÄòWhy hasn‚Äôt him/her commited suicide already?‚Äô",True,"The post mentions thoughts about suicide and wondering why someone hasn't already committed suicide. These thoughts suggest a deep sense of despair and darkness, which are often associated with feelings of loneliness and isolation. The focus of the post is on the negative emotions and thoughts towards others, indicating a potential lack of social connection and support."
I pray for courage to go through with it.,False,"The post only mentions praying for courage, which does not directly indicate loneliness. It could suggest the poster is facing a difficult situation or decision, but without more context, it is not possible to determine if loneliness is a factor."
"For some reason time is going by too fast. Maybe its my shit memory just forgetting everything that happened, therefore making it seem like it happened way sooner that it did... It‚Äôs honestly scary how fast time is going by.",False,"The post mentions the feeling that time is going by too fast and the possibility that it is due to the poster's memory. While there is a sense of unease and fear about the passage of time, there is no direct mention of loneliness or longing for companionship. The focus of the post is more on the perception of time and the poster's memory. Loneliness is not the central emotion expressed in this post."
"I think im going insane, I feel so lonely, all I want is my friend",True,"The post states that the poster feels lonely and that all they want is their friend. This indicates a strong longing for companionship and a lack of social connection. The mention of feeling like they are going insane further emphasizes the emotional distress and isolation experienced by the poster. Overall, the post expresses a deep sense of loneliness and a strong desire for the presence of their friend."
"With all these festivities going on, I can't help but grow increasingly cynical and bitter. Greeting 2018 in a mere few hours with complete lack of hope and optimism. Though I know as time goes by, this too shall pass, but knowing it and feeling it are two completely different things.",False,"The post expresses cynicism, bitterness, and a lack of hope and optimism. However, it does not directly mention feelings of loneliness. The poster acknowledges that their negative feelings will pass with time, indicating some level of resilience. While the poster may be feeling down or pessimistic, there is no indication that they are experiencing loneliness."
"I really don't know if this is the appropriate sub-reddit for this but I find it really funny when I become suicidal. The intent to kill myself is very strong and it reaches the point that it creates a heavy feeling in my brain and renders my progress with my mental health null. I am quite aware of the progress I made the past few months and I have even considered myself depression-free until I had an episode after feeling very stable for three weeks. I realized that depression isn't a one-time thing that can be cured with constant means of pharmacology. I am now in this state of wanting to kill myself (again) but is too lazy to get a knife downstairs. I would know damn well that this feeling of emptiness and being suicidal will subside after this episode. Any tips to overcome this recursive state of mine? However, I might break out of this laziness phase and actually do it.",True,"The post expresses feelings of being suicidal and a heavy feeling in the brain, as well as a sense of emptiness. The poster mentions progress made in their mental health, but also talks about how the intent to kill themselves is very strong and renders their progress null. They mention feeling stable for three weeks, but then experiencing an episode and realizing that depression is not a one-time thing. The post also indicates a sense of hopelessness and a lack of motivation, as the poster mentions being too lazy to get a knife downstairs. Overall, the post portrays a deep sense of loneliness and despair, as the poster contemplates suicide and seeks advice on how to overcome their recursive state."
"Nothing for me, nothing in me. No, it won't be tonight that I kill myself. But hopefully soon. I'm good at being useless and passively fucking my life up. By extension, leeching off the few that know and care for me. Maybe I'll die in my sleep tonight. I'd love that. This sounds pretty edgy. I used to feel edgy, now I don't feel. Not that I miss it.",True,"The post expresses a deep sense of despair and hopelessness. The statements ""Nothing for me, nothing in me"" and ""No, it won't be tonight that I kill myself. But hopefully soon"" indicate a feeling of emptiness and suicidal thoughts. The poster also mentions being good at being useless and passively ruining their life, suggesting feelings of low self-worth and a lack of purpose. The statement ""By extension, leeching off the few that know and care for me"" implies a fear of burdening those who care about them. The longing for death, expressed in the sentence ""Maybe I'll die in my sleep tonight. I'd love that,"" further emphasizes the intense loneliness and desire for escape from their current emotional state. The closing statement ""This sounds pretty edgy. I used to feel edgy, now I don't feel. Not that I miss it"" suggests a numbing of emotions, potentially due to long-term loneliness."
"So depression sucks, it really does. The internal fighting of oneself, I‚Äôm just wanting it to stop. I‚Äôm not suicidal (this time) but other times it gets the better of me. This is the most candid I‚Äôve ever been. I use to type long monologues into the google search bar of how I would like life to end, that would be the closest I come to speaking about my internal sadness. I would delete it along with my search history as I would hate for someone to view it and be concerned. This is a ‚Äúthrowaway‚Äù account I guess, but my reason for posting is not to say I‚Äôm sick and about to end it, but I‚Äôm hoping there are ways to help it. I can‚Äôt do this ‚Äòtrain your brain‚Äô crap or self help books. I‚Äôve had numerous meds but lose sense of who I am. Is there a physical therapy, shock, sleep etc etc that can jolt you out of this mental rut? I have my vision on psychedelic therapies, those look promising. Any other possible helps?",True,"The post mentions depression, internal fighting, and feeling overwhelmed by sadness. The poster expresses a desire for the internal struggle to stop and reveals that they have had thoughts of ending their life in the past. This indicates a deep sense of loneliness and despair. The mention of using a throwaway account and deleting search history shows a reluctance to share these feelings with others and a fear of being seen as a burden. The poster seeks help and mentions various potential treatment options, indicating a desire for support and a way out of their loneliness."
"so my gums feel like a spaceship but anyway i just want everything to go away. if i die nothing good happens again. if i live i have to keep dealing with this shit. if i go to rehab i lose the only thing ever made me happy. If I tell him how i feel he'll frseak out again if I dont i'll probably kill myself because God Damn i am lonely! I am G-O-N-E. Have been for a long time. Everyone thinks I'm all better. sobriety is fucking dumb and its impossible to be happy without railing a line first but like its gonna drive away everyone i know. you know? I can have dopamine and be lonely as shit or I can have a bunch of friends and be on the brink of suicide at all times. Either way the future looks shit btw ive tried everything esle, all kinds a therapy and meds and I exercise and eat healthy but my brain still fucking sucks",True,"The post expresses feelings of wanting everything to go away, contemplating death, and feeling lonely. The poster mentions that if they go to rehab, they will lose the only thing that ever made them happy, indicating a lack of support or companionship. They also mention feeling lonely and being on the brink of suicide, suggesting a deep sense of isolation and despair. The statement ""either way the future looks shit"" indicates a pessimistic outlook and a lack of hope for improvement. The poster also mentions trying various forms of therapy and medication, as well as exercising and eating healthy, but still feeling that their brain is not functioning properly. This further emphasizes their feelings of loneliness and frustration."
But I don‚Äôt know if I can come back from this. I feel like I have nowhere to turn because I‚Äôve alienated everyone. I‚Äôm sick of being the fuck-up all the time. For everyone else‚Äôs sake i should just do it and not chicken out like last time. I‚Äôm thinking about stealing my roommates bottle of Ativan &amp; taking all of it w/ the liquor I have. It‚Äôs over.,True,"The post expresses feelings of hopelessness, isolation, and a desire to end one's life. The statement ""I feel like I have nowhere to turn because I've alienated everyone"" indicates a lack of social support and a sense of loneliness. The poster also mentions being the ""fuck-up all the time,"" suggesting a pattern of negative self-perception and potentially feeling socially isolated or disconnected. The statement ""For everyone else's sake i should just do it"" further emphasizes the poster's belief that they are a burden to others and lack meaningful connections. Ultimately, the desperate statement ""It's over"" and the mention of planning to harm oneself with medication and alcohol indicate a deep sense of loneliness and despair."
"Hello. I am 22 years old. Me and my family are suffering from a severe depression over things that has happened in 2016. Starting from october 2016, I've started writing a public diary in Tumblr, hoping that this can actually help relieve this opressive feeling. Has any of you tried doing something like this and if so, is it helping you?",False,"The post mentions experiencing severe depression and a feeling of oppression due to events in 2016. The poster also mentions starting a public diary on Tumblr in the hopes of finding relief. While the post does not directly mention loneliness, severe depression and feelings of oppression are often associated with loneliness. Additionally, seeking validation or support from others by asking if anyone else has tried a similar coping mechanism suggests a desire for connection and a potential lack of social support. Therefore, the poster may be suffering from loneliness."
"I really miss playing ps1 games with my best friend all day, I miss not having to worry about anything. Is there any way of making this feeling stop ? (yes, I tried playing the same games I used to play but it just doesn't feels the same.)",True,"The post mentions missing playing games with the best friend and not having to worry about anything, indicating a longing for companionship and a sense of nostalgia for happier times. The question 'Is there any way of making this feeling stop?' suggests that the feeling of missing the best friend and the sense of loneliness associated with it are unwanted and causing distress. The statement 'I tried playing the same games I used to play but it just doesn't feel the same' further emphasizes the emptiness and sense of loss experienced by the poster."
"I hate staying at University accommodation. I haven‚Äôt made any real friends and I constantly feel homesick. I‚Äôm not severely depressed, it‚Äôs more of prolonged mild depression so I think I have Dysthymia. Can‚Äôt be certain though because I haven‚Äôt spoken to a professional yet. Every morning I wake up dreading the thought of going into work, spending 6 hours walking around a shop floor, only to end up with another 7/8 hours left until I sleep again. There‚Äôs only so much I can do in the day and it doesn‚Äôt help that I procrastinate. I have exams soon and I haven‚Äôt even started revising. I hate myself for being so lazy and idiotic. I just want to be at home. Or somewhere where I am surrounded my family and people I like. People who are on the same wavelength as me, who share my interests and have stuff in common. I have numerous days were I am happy but then I just get back home and feel so depressed because it was a one-off. Sometimes I just have these thoughts where I think that death would get rid of everything. Sometimes I wonder if anyone would care if I died. Though I don‚Äôt want to carry out these thoughts, but these thoughts are often. I just don‚Äôt want to be alone anymore, and I don‚Äôt know what to do.",True,"The post expresses feelings of hating staying at University accommodation and not having made any real friends, which suggests a lack of social connection and potential loneliness. The poster also mentions feeling homesick and dreading the thought of going into work, indicating a sense of dissatisfaction and unhappiness in their current situation. The statement ""I just want to be at home. Or somewhere where I am surrounded by family and people I like"" further emphasizes a longing for companionship and a sense of belonging. The poster also mentions feeling depressed, having thoughts of death, and questioning if anyone would care if they died, which are all indicators of loneliness and emotional distress. Overall, the post expresses a deep yearning for social connection and a sense of isolation, indicating that the poster may be suffering from loneliness."
But when will I be happy. I deserve happiness by now wth,True,"The post expresses a longing for happiness and a sense of frustration with not having achieved it yet. The use of the phrase 'I deserve happiness by now' suggests a lack of fulfillment and a desire for emotional connection. Although the post does not directly mention loneliness, the emphasis on happiness and the implication of not having it indicates a potential underlying feeling of loneliness."
"I'm reading /r/depression alot these days and I noticed almost everyone here is feeling lonely, including myself. Sometimes you just want to talk (about it) without getting judged. I'm planning on starting a WhatsApp groupchat with 5/6 people in it. We can talk about daily struggles but also daily life and support eachother. Become friends. I am not a professional, nor am I thinking this will end our depression, I just think it would be really nice to have some people together to support you. If you would like to join the chat, contact me.",True,"The post mentions feeling lonely and noticing that almost everyone on the depression subreddit is also feeling lonely. The poster expresses a desire to talk and be able to share their feelings without judgment. They mention wanting to start a WhatsApp group to connect with others who can provide support and become friends. This indicates a strong longing for companionship and a recognition of the importance of social support in dealing with depression and loneliness. The closing sentence, ""If you would like to join the chat, contact me,"" further emphasizes the desire to connect with others and combat loneliness."
"I'm 18 male and am confused about my situation... Im a senior at highschool and Im very unmotivated to even try and study but I do want to succeed. I'm quite a fail socially and everyonr probably sees me as someone who is incredibly stupid or a low achieving troublemaker which I do not want as an image for myself.. I am not dumb or I dont think I am.. I can be getting good grades if I put a little effort into studying but Im just not motivated.. I would find anything to do except paying attention in class like drawing or writing lyrics or even plain sleeping. I find myself hating myself on daily basis wondering if this is my personality or is it genes or what if its how I was brought up? I do not know the answer to this yet. Please help me find out if I am depressed.. Although now that I wrote all of this. I think I have been depressed but in denial that is why I do not seem much depressed but I have thought of suicide before and now I still want to die but I dont want to suicide. Lately though, I have considered self-harm as a second plan for not wanting to suicide so idk.. Please dont redirect me to /r/suicide watch that place is depressing",True,"The post expresses a number of emotions and experiences that indicate a sense of loneliness and isolation. The poster mentions being unmotivated and socially unsuccessful, which can contribute to feelings of loneliness and a lack of connection with others. The statement 'everyone probably sees me as someone who is incredibly stupid or a low achieving troublemaker' suggests a fear of judgment and a perception of being misunderstood by others. The poster also expresses self-hatred and contemplation of self-harm, indicating a deep sense of emotional pain and isolation. The mention of wanting to die but not wanting to commit suicide further suggests feelings of hopelessness and loneliness. Overall, the post demonstrates a profound sense of loneliness and a struggle with mental health issues."
"I don't understand this, I really don't. It feels like I can't make progress. Some days I feel good (better than usual, at least) and others, like today, just feels like I can't do literally anything. I almost never take naps, and I climbed into bed after doing nothing for hours and took a two hour nap because I didn't want to be awake. Some days I think I am getting better, that I can make better habits and get myself out of this crutch. Then I just get hit like a goddamn bus with all these negative thoughts out of nowhere and I'm back to square one. It's so disheartening, it feels like I'm trying to swim through tar towards some land that is miles and miles away. I know people care about me, but it doesn't feel like it. I know I have friends and people I can call on when I need them, but I feel so alone. Depression is so hard..I hope it does get better eventually...I just need to hang on to that hope..",True,"The post expresses feelings of frustration, inability to make progress, and fluctuating emotions. The poster mentions feeling good on some days but then getting overwhelmed by negative thoughts and feeling like they are back to square one. They describe the experience of depression as being like trying to swim through tar towards a distant land, emphasizing the difficulty and hopelessness they feel. The statement ""I know people care about me, but it doesn't feel like it"" suggests a disconnection from the social support they have. They acknowledge having friends and people they can reach out to, but still feel alone. Overall, the post portrays a deep sense of loneliness and the struggle to find hope in their situation."
"Alone at New Year's Eve. I remembered that my friends were on their sides, partying with their friends, and I'm not even here. I drank a beer earlier to have some sort of fun... but I don't feel like drinking the second one I bought. And I felt empty... I took my pocket knife, washed it, and started cutting on my right arm. Strange thing is, I'm right-handed, but I've always cut with my left hand. Now I feel like I'm 16 again. And I feel like an idiot. But I needed to see I was still living. If I can feel pain, I'm worth living, right? I don't even know anymore. Now it burns like fuck and I feel like an idiot.",True,"The post expresses feelings of loneliness and isolation, as the poster mentions being alone on New Year's Eve while their friends are out partying with their own friends. The mention of feeling empty and resorting to self-harm (cutting) indicates a deep emotional pain and desperation for some form of connection or validation. The poster mentions feeling like an idiot, which suggests a sense of self-blame or low self-worth. The closing sentence 'I don't even know anymore' reflects confusion and uncertainty about their own value and purpose in life. Overall, the post displays significant emotional distress and a strong indication of loneliness."
"Because maybe I'm called ""weak"", ""a pussy"", or an ""attention seeker"" when I do. One of the WORST things about having depression is dealing with ignorant assholes and the stigma. The stigma itself is why we refuse to tell anyone. I just want to know when people will wake up and realize that this thing isn't some kind of joke and that it is KILLING people.",True,"The post mentions the fear of being judged and called names, which suggests a vulnerability and a need for social support. The mention of dealing with ignorant assholes and the stigma surrounding depression suggests a feeling of isolation and frustration. The statement 'we refuse to tell anyone' implies a reluctance to open up about their struggles, which can be indicative of loneliness. The closing sentence emphasizes the seriousness of depression and the desire for others to understand and acknowledge its impact on individuals."
I'm going to bed now but I'm absolutely riddled with anxiety and I honestly just don't want to be alive at the moment. Tomorrow is going to be so difficult and I am struggling so much at the moment Please if you have a minute just leave a reply so I have some notifications to read in the morning to distract myself. Anything that may help me somewhat some how feel a bit better. My life's such a mess üòî,True,"The post mentions feeling riddled with anxiety, not wanting to be alive, and struggling at the moment. These statements indicate a deep emotional distress and despair. The poster asks for replies to distract themselves and feel a bit better, suggesting a longing for social connection and support. The closing sentence 'My life's such a mess' further emphasizes feelings of despair and loneliness."
Got rejected twice today lowest score in my class and lost my last friend i could talk to. My parents say that if i dont get good enough grades they will kick me out ive tried tinder in search of maybe someone i went to 11 likes but found out the hard way people could unlike you. The ones i did match never responded. The only thing keeping me from my own knife is the fact that im too much of a pu55y to do it,True,"The post mentions being rejected twice, receiving the lowest score in the class, and losing the last friend the poster could talk to. These events contribute to a sense of isolation and loneliness. The mention of the poster's parents threatening to kick them out if they don't get good grades suggests a lack of support or understanding from their family. The poster also mentions trying Tinder in search of connection, but experiencing disappointment and rejection. The statement ""The only thing keeping me from my own knife is the fact that I'm too much of a pu55y to do it"" indicates feelings of hopelessness and despair, further emphasizing the emotional impact of their experiences."
"I'm not a believer of anything spiritual or supernatural, but it truly does feel like I was cursed with bad luck or some shit. A lot of it is just small things. Constantly getting the worst loot in video games, missing the public bus by like 30 seconds, etc. I always make small personal bets with myself like if I get a notification on Instagram I'll just be like ""I bet this specific person didn't like this post"" and I look at the notification and it's exactly that. This kind of shit is constantly happening everyday. By themselves it's not bad at all, but it really builds up and starts eating away at you. And then there's bigger things. Like being 5'2 as a male is pretty bad. I have mental illnesses and some of it I can't even relate with other mentally ill people. I get bronchitis like every fucking year. And then tonight, I just got news that a field trip to Hawaii that I've been looking forward to for FOUR FUCKING YEARS has been cancelled because of the coronavirus bullshit. Of course it had to be the ONE FUCKING YEAR IM A SENIOR AND ABLE TO GO. It just all piles up so fucking much. I feel like I'll just constantly have bad luck in life. It makes me lose excitement in things I'm actually excited for because I'm just in that mindset that it'll go wrong because of my bad luck. Makes me wonder if it's even worth living if I'm just stuck with this shit. Again, I don't believe in karma or the supernatural or anything, but this shit really makes me question it.",True,"The post expresses a sense of frustration, hopelessness, and a feeling of constantly experiencing bad luck. The poster mentions small things, such as constantly getting bad loot in video games and missing the public bus, as well as larger events like the cancellation of a long-awaited field trip. The accumulation of these negative experiences has led to a sense of despair and questioning the purpose of life. The statement ""It just all piles up so fucking much"" indicates a heavy emotional burden, which can contribute to feelings of loneliness and isolation. The post also mentions having mental illnesses and not being able to relate to others who are mentally ill, which further suggests a lack of social connection and support."
"Hello. Depression has always been a secondary problem for me, with my main antagonist being severe Harm OCD. But since my relationship ended 8 months ago, I've been stuck in this horrific cycle of absolutely loathing myself, feeling heavy/tired and totally unmotivated to do anything. It's like I'm living in a 2 dimensional world. Nothing in life jumps out and catches my attention like it used to. I used to be quite creative but it's just taken a nose dive. Any work I do is utterly awful and I'm amazed I'm not been kicked off projects (I work freelance). I wake up and I just want to be dead, quite honestly. In fact in the last few weeks I've even found getting out of bed to be a monumental struggle in itself, where I'm almost in tears from the weight of everything. I am getting help with a therapist and am on an SSRI/low dose anti psych. And I've taken their advice seriously in terms of behavioural activation and avoiding staying in bed. I've started cycling again (just done 20 miles today in fact). But I still feel utterly wretched and everything I do is laced with this horrible belief that this is the end and suicide is my only way out of the pain I'm going through. The years ahead fill me with dread (I'm in my 30s). With my Harm OCD I have a huge hatred of myself anyway, but lately things have just got so heavy. I'd just like to know if anybody can relate to my post and has any first person advice? Psychiatrists and therapists always feel so removed from the reality (for me, anyway) - I'd just like to hear from people who know what's like and have helped themselves.",True,"The post expresses feelings of loathing oneself, feeling heavy and tired, lacking motivation, and experiencing a loss of interest in life. The poster also mentions feeling stuck in a 2-dimensional world and experiencing a decline in creativity. These statements indicate a deep sense of sadness, hopelessness, and disconnection from the world. The poster mentions wanting to be dead and struggling to get out of bed, which suggests a serious level of loneliness and despair. The mention of getting help from a therapist and being on medication indicates that the poster is seeking professional support for their mental health struggles. However, they express a desire to hear from people who can relate to their experiences and provide first-hand advice. This suggests a need for connection and understanding from others who have gone through similar challenges. Overall, the post reflects a profound sense of loneliness and a search for empathy and guidance from individuals who can relate to their struggles."
"Its irony when my mom keeps bugging me like why wont I spend my time to talk with her instead of me sulking in my bedroom when everytime I talk to her,she always manage to either compare me with one of her friend's child who are far way more successful or reminds me of how much my dad not wanting me.I wish I was never alive.",True,"The post mentions feeling ironic about the situation with the poster's mom, indicating a sense of frustration and disappointment. The poster expresses a desire to spend time with their mom but feels discouraged by her constant comparisons and reminders of their dad's disapproval. The statement ""I wish I was never alive"" suggests feelings of hopelessness and a deep sense of loneliness. The poster may feel unsupported and unaccepted by their parents, contributing to their feelings of loneliness and despair."
"How do you treat someone so badly and yet maintain such a great image of yourself? How do you live with it? Especially if you're hurtful to a person, but then later act as if nothing happened?",False,"While the post does express feelings of hurt and confusion, it does not directly mention loneliness. The focus of the post is on the actions and behaviors of someone else rather than the poster's own emotions or sense of isolation. The poster is seeking advice on how to navigate a situation where someone is treating others poorly but is able to maintain a positive image. This suggests a desire for understanding and guidance rather than a deep sense of loneliness."
"Hello all, I have been feeling down for weeks now and I just check Google just now all the depression symptoms. And I match almost all of them but one. I am still enjoy what I like. Like game (dota 2) and I really love watching movies and TV series. I still have those enjoyment I felt before now. How can I know if I am really depressed or not? I can't go to get a professional help cause I'm broke as fuck right now. Your help would be pretty cool. Thanks",True,"The post mentions feeling down for weeks and matching almost all the symptoms of depression. This indicates a consistent low mood and potential feelings of sadness and hopelessness. The poster also mentions not being able to afford professional help, which suggests limited resources and support. Although the poster still finds enjoyment in their hobbies, it does not necessarily negate the possibility of loneliness. The overall tone of the post suggests a sense of isolation and a desire for help and support from others."
"Hey guys! I‚Äôm new here, and I have been hesitant to speak on this. My depression started around 3 years ago during my sophomore year in high school, and I‚Äôve tried to suppress it as much as possible, but unfortunately it still plagues me in small instances while being in my second semester of college. One of them that I can‚Äôt seem to shake, is not being interested in literally anything. I used to love video games, now I can‚Äôt play one for 5 minutes without getting bored or annoyed. I used to love skateboarding, and now I can‚Äôt stand to go out and do it. Can anyone give me tips or solutions?",True,"The post mentions the poster's depression starting 3 years ago and still plaguing them in small instances. This indicates a long-term struggle with mental health, which can often lead to feelings of loneliness. The poster also mentions not being interested in anything they used to love, which can contribute to a sense of isolation and disconnection from activities that used to bring joy. The fact that they are seeking tips and solutions suggests a desire for support and connection with others who may be experiencing similar struggles."
I had posted a little while ago but honestly I feel like this applies to me now. I don‚Äôt trust myself and I‚Äôm scared and I can‚Äôt talk to my parents but I don‚Äôt wanna call the hotline because I don‚Äôt wanna go back to the hospital. I‚Äôm sorry. I‚Äôm scared,True,"The post expresses feelings of fear, mistrust in oneself, and the inability to talk to one's parents. Mentioning reluctance to call a hotline and not wanting to go back to the hospital suggests that the poster has had previous experiences with mental health struggles. The statement ""I'm sorry. I'm scared"" indicates a vulnerability and desperation for support. These emotions and experiences suggest a sense of isolation and loneliness."
"It‚Äôs like the title says. I disappoint everyone, myself included. I can‚Äôt go to school because of my mental health and my parents are pissed, as well as my teachers. I fail all of my classes and have no extracurriculars. I‚Äôm untalented and do nothing but stay at home all day. I‚Äôm going to end up dead or in prison, whichever comes first. Why shouldn‚Äôt I do the world a favor?",True,"The post expresses feelings of disappointment, failure, and hopelessness. The poster mentions disappointing everyone, including themselves, and feeling like they have no purpose or achievements. They also express a lack of motivation to leave the house and a belief that they will end up in a negative situation. The closing statement suggests a desire to end their life, indicating a deep sense of loneliness and despair."
"I'm so tired of the rollercoaster ride of this mental illness. I know i have come a long way, but the depression and anxiety is always in the back talking to me. At times I want to give up because I'm so tired of facking and fighting the demons in my head. I try so hard to stay positive, but at the end of the day those emotions come back telling myself that it's not worth it.",True,"The post mentions the rollercoaster ride of mental illness, specifically depression and anxiety. The poster expresses exhaustion and frustration with constantly battling their own thoughts and emotions. The statement 'I want to give up' indicates a sense of hopelessness, which is often associated with feelings of loneliness and isolation. The post also mentions trying to stay positive, indicating a desire for connection and a longing for relief from their struggles. Overall, the post demonstrates a deep level of emotional distress and a lack of social support, suggesting the presence of loneliness."
My psychiatrist wants me to undergo psychological testing to make sure there are no underlying issues we are missing. This is conducted by a psychologist. This testing takes TWO 8hr days. How can it take 16hrs? Anyone been through this? What's it all about?,False,"The post does not exhibit emotions or mention experiences related to loneliness. The poster is discussing a recommendation from their psychiatrist for psychological testing, expressing confusion about the duration and purpose of the testing. The focus is on seeking information and advice about the testing process, rather than expressing feelings of loneliness or isolation."
"Spent all day on the phone with my family crying. I‚Äôm not sure I have the strength to carry on anymore. I‚Äôve had to be ‚Äústrong‚Äù for such a long time and I can‚Äôt do it anymore. I‚Äôve been thinking about dying for a really long time. Multiple times a day, and after a lot of research I‚Äôve sort of unofficially settled on hanging in the absence of a better method. I realized I didn‚Äôt have anywhere to suspend from so that‚Äôs been a deterrent for most of this (or I should say last) year. But today I realized my door is high enough and sturdy enough to hang myself from and I‚Äôve been crying all day and feeling at rock bottom so I decided to test a possible hanging rig. I got my scarf around my neck and tightened it to the point that my face felt swollen and I couldn‚Äôt breathe. Kept it for a few seconds until my heart started to pound suddenly so I undid it. It wasn‚Äôt as unpleasant as I thought it would be. It wasn‚Äôt great but it was surprisingly not as unpleasant as I had always anticipated. This doesn‚Äôt give me hope in a weird way because you‚Äôd think feeling so desperate and so hopeless for so long, the potential of ending this suffering might bring relief but I think it‚Äôs more that I‚Äôve lost all ability to feel any kind of hope.",False,"The post describes the poster's deep emotional distress, feelings of being unable to carry on, and thoughts of death. However, while these emotions may indicate mental health struggles, they do not necessarily indicate loneliness. The poster does not express a sense of isolation or lack of social connection. The focus of the post is more on the poster's despair and lack of hope rather than a sense of loneliness."
Right now I'm feeling very alone I live in a city and don't know very many people because with depression and anxiety that I haven't treated for 7 years keeps me from wanting to meet new people because out in the real world it's scary. Always afraid that I will mess up what I say and that people will think I'm stupid. The people I do know half turned out to be horrible people that have now resorted to trying to tear me down daily. I love my daughter and my boyfriend but sometimes you want to talk to someone else. I don't know how else to explain it I just feel really trapped. End sad rant.,True,"The post expresses feelings of loneliness and isolation. The poster mentions living in a city and not knowing many people, which implies a lack of social connections. They also mention depression and anxiety, which has prevented them from wanting to meet new people. This suggests that they may feel socially anxious and fearful of judgment from others. The statement ""Always afraid that I will mess up what I say and that people will think I'm stupid"" further highlights this fear and anxiety around social interactions. Additionally, the poster mentions that the people they do know have turned out to be horrible and tear them down daily, indicating a lack of supportive relationships. The desire to talk to someone else and feeling trapped emphasizes their sense of loneliness and longing for companionship."
"How do i compensate for this ""cycle"" of happiness, recovery/recollection, that just slams back into depression, anxiety, suicidal thoughts. Do i just eventually give in? Do i finally fully open up to those around me? Or is this a case of just. Keep. Pushing.",False,"The post mentions a cycle of happiness, recovery/recollection, depression, anxiety, and suicidal thoughts. The poster is questioning how to compensate for this cycle and whether they should give in, open up to others, or keep pushing through. These statements suggest a struggle with mental health and emotional well-being, but they do not directly indicate feelings of loneliness. The focus of the post is more on the battle with depression and anxiety rather than a sense of isolation or lack of social connection."
"hi everyone I had been doing so well, I was a year and two months SH-clean. I was planning a tattoo to get that would cover all my old scars. but tonight brought on an depressive episode that I‚Äôve never experienced before. on my way home, I was wailing/sobbing, talking out loud to myself about what was wrong with me, and then I had a thought that ceased the wailing and brought me to complete silence for the rest of the night. ‚ÄúI‚Äôm going to kill myself.‚Äù When I got home, I got into comfortable pajamas and researched lethal doses of the medicines I have in my cabinet. I wrote out a note, telling my family and friends that I love them. I was nearly about to take the pills, when my cat came around the corner and started purring. She rubbed herself around my ankles, meowing at me happily. I broke down in tears, realizing what I was about to do. I later cut myself, which I justified to myself as being an ‚Äúalternative‚Äù to suicide. Time to start the countup over.",True,"The post describes the poster's experience of a depressive episode that they have never experienced before. The mention of wailing, sobbing, and talking out loud to themselves suggests intense emotions and feelings of despair. The thought of suicide and the actions taken by the poster to research lethal doses of medication and write a goodbye note indicate a deep sense of hopelessness and loneliness. The mention of the cat bringing a moment of solace and causing the poster to break down in tears suggests that they were in a very vulnerable state and had a moment of realization about the severity of their thoughts. The post also mentions self-harm as an alternative to suicide, indicating that the poster is struggling with severe emotional pain and lack of proper coping mechanisms. Overall, the post shows strong indicators of loneliness and emotional distress."
"after a 3 year hiatus of putting off medication and therapy, I finally made the dreaded decision to start again (just drugs for now I think, we'll see how that goes) and asked for my mother to schedule an apt. this is for severe anxiety, social anxiety (or avpd) and depression (diagnosed those 3 years ago). my mind is blank and I am not sure how to express / describe myself so that they can effectively gather information and prescribe the drugs they see fit. I'm afraid of freezing up and being incapable of speaking honestly. but knowing this is my anxiety speaking, it'll probably go well and be over before I know it... or it could seem to last an eternity and I'll feel trapped the whole time, as per usual. don't know why I've typed this. guess it would be nice to receive some advice, experiences, what to say, etc. not expecting replies though. gonna take a hot shower, then ponder about this until I fall asleep. goodnight. edit: wording.",True,"The post mentions the poster's decision to start medication and therapy for severe anxiety, social anxiety, and depression. These mental health conditions can often contribute to feelings of loneliness and isolation. The poster expresses fear and anxiety about being able to effectively communicate with the healthcare professionals and worries about feeling trapped during the appointment. The closing statement 'guess it would be nice to receive some advice, experiences, what to say, etc. not expecting replies though' suggests a desire for emotional support and connection, even though the poster does not expect to receive it. Overall, the post expresses feelings of anxiety, fear, and a longing for understanding and support, indicating a sense of loneliness."
"I'll probably do it in my middle age. I don't want to die old and helpless. For now, I'll push on and I'll do my best for others even if it means dying.",False,"The post mentions feeling determined to push on and do their best for others, even if it means dying. While the post does mention a desire to not die old and helpless, it does not directly mention loneliness or a lack of social connection. The focus of the post is more on the person's determination and self-sacrifice for others, rather than feelings of loneliness."
"Everything I've had in life has slowly been ruined by anxiety. Friends I used to talk with constantly are now either gone or distant because I just can't keep up with them anymore. I've separated from so much of my family because of my own choices and shitty habits. I'm unable to beat them. For years I've wanted to reconnect with the people I shut out, but I've become trapped in a self-destructive cycle where I'm too ashamed to admit my problems to the same people I just want to make proud. I've lost every job the same way. Whether it's throwing up in the bathrooms at work or failing to muster up the courage to even call in sick, it finds its place in the worst possible ways without fail. It's been like this for years. I live at home with no job, no car, not even highschool degree four years after I should have graduated. I don't even have a driver's licence. I've been hospitalized twice, both times in relation to this problem that just won't go away. Nothing works. Every day I'm met with opportunities but pass on every single one of them. I'm young, I'm healthy, and I know I'm still capable. I have so many choices and yet it feels like there are none anymore.",True,"The post expresses feelings of isolation and deep loneliness. The poster mentions losing friends and becoming distant from family due to their own choices and habits, indicating a lack of social connections. The statement ""For years I've wanted to reconnect with the people I shut out, but I've become trapped in a self-destructive cycle where I'm too ashamed to admit my problems"" suggests a desire for companionship but an inability to reach out due to feelings of shame and unworthiness. The mention of losing every job and failing to take advantage of opportunities further emphasizes a sense of isolation and despair. The closing statement ""I have so many choices and yet it feels like there are none anymore"" highlights the lack of hope and options, contributing to the loneliness experienced by the poster."
"I seriously have so much anxiety in me going on that I can‚Äôt stand it any more, only thing I do is lay in bed and do nothing at all. I am diagnosed with a generalized anxiety disorder and take medicine but it does not help. I had a lot of therapy but nothing helped. All my thoughts are going round the same topic: what can I do today to help myself? Meditation? Active things? Take a bath? Read a book? What should I do?!?! And this repeats till I go to bed again and my results are that I did nothing. Lol. How can I break this crazy cycle?",True,"The post mentions feeling a lot of anxiety and not being able to handle it. The poster mentions lying in bed and doing nothing, which could indicate a lack of motivation or engagement with activities. The repetition of thoughts and the struggle to find ways to help themselves suggest a lack of effectiveness in coping mechanisms. The closing statement 'How can I break this crazy cycle?' indicates frustration and a desire for a change in their current state. All of these factors contribute to a potential sense of loneliness, as the poster seems to be struggling with their anxiety on their own and seeking ways to improve their situation."
"Do any of you know a symbol that I can wear that means a broken soul. The broken heart is to basic, but I want a symbol that really represents me. I feel hopeless,broken, lonely, but I still fight.",True,"The post mentions feeling hopeless, broken, and lonely, which are strong indicators of loneliness. The poster also expresses a desire to find a symbol that represents their broken soul, further emphasizing their feelings of loneliness and despair. However, the statement ""but I still fight"" suggests a level of resilience and determination in the face of loneliness, which adds complexity to their emotional state."
"After many years of variety of meds for a variety of things (ADHD, depression, sleep, bipolar), I decided to self-medicate with coffee, melatonin, excercise, a therapy light, and running my own business rather than having to follow stupid rules. Actually, the self-medication thing worked pretty well. It probably helps that I've lived with a physician for many years. However, the business did not go well, and I'm back to being full-time employed for someone else. Basically, I'd need to make an appointment in St. Paul before work or after work, but I'd prefer weekends. I know this is not a TwinCities specific board, but with 160k readers, I figure there might be someone from around here.",False,"The post does not mention any feelings of loneliness. The poster discusses their experience with medication and self-medication, running their own business, and seeking recommendations for appointments in St. Paul. While there may be frustration and disappointment expressed regarding the business not going well, there is no indication of loneliness in this post."
"I‚Äôve been told several times that it‚Äôs bad to rely on people to help you feel better about yourself but I have nowhere else to turn. I want someone to hold me and prove me wrong and tell me that I‚Äôm valued and not worthless. When I‚Äôm alone, all I have are shitty thoughts and memories that tell me how worthless I am. I probably don‚Äôt even need a paid professional like a therapist, since I know that I‚Äôm paying them to tell me some bullshit. I just want a simple human connection to tell me that it‚Äôs worth it to stay here.",True,"The post expresses a deep longing for someone to hold them and validate their worth. The statement ""I have nowhere else to turn"" suggests a lack of support or companionship in their life. The mention of ""shitty thoughts and memories"" that reinforce feelings of worthlessness further highlights the sense of loneliness and despair. The poster mentions not needing a paid professional like a therapist, indicating a desire for a genuine human connection. The closing sentence ""I just want a simple human connection to tell me that it's worth it to stay here"" emphasizes the deep loneliness and desire for validation. The overall tone of the post indicates a strong sense of loneliness and the need for emotional support from others."
"I was going to rant a bit, but it‚Äôs not like that would do any good. I‚Äôm just really lonely. I just have one request. Please comment anything. It can be ‚Äúfuck you‚Äù, it can be ‚Äú.‚Äù, it can be ‚Äúhi‚Äù. I just enjoy someone taking the time to write anything when I see that orange inbox, and it makes me really happy. I‚Äôll reply with a smiley face when I see it. I promise. Edit: thank you all! Thank you thankyouthankyou. :D",True,"The post directly mentions feeling lonely and expresses a desire for interaction with others. The poster says they just enjoy someone taking the time to write anything, indicating a longing for connection and companionship. They express happiness and gratitude when they receive comments, further emphasizing the importance of social interaction to them. The edit shows that the poster appreciated the comments and felt happy as a result."
"This time last year I had everything, I had a relationship, I had amazing friends, I had security. Everything has just slipped away...I lost my friends, my love, and myself. I don't have the power to come back from this. I feel so empty. I'm living a lie. 2018 will change nothing. Every day is a new year from the last, if people were really going to change they would have done it by now",True,"The post expresses a deep sense of loss and despair. The poster mentions having everything - a relationship, amazing friends, and security - but all of it has slipped away. Losing friends, love, and oneself indicates a lack of social connection and an emptiness within. The statement ""I feel so empty"" further emphasizes the feeling of loneliness. The poster also expresses a pessimistic view towards the future, stating that 2018 will change nothing and that people are unlikely to change. This negativity and lack of hope contribute to feelings of loneliness and isolation."
"I really cannot do this anymore. It's like my suffering has spread onto those I love and I'm at a point where I can no longer put on a fake smile. I can no longer pretend that I'm okay because I'm not. I hate seeing my friends and family hurt for me and it breaks my heart seeing them feel so helpless. My life is such a failure and I've already ruined it so much that there's literally no point in going on. I fall asleep crying every night because I realized that I'm the problem here and my existence only makes the lives of others worse. People keep telling me how much they love me and how much I have to live for and while that does mean something to me, it's not enough to make me want to live. With my existence, I hurt people and with my death, I'll hurt people, so what's the point? At least if I die eventually the hurt will begin to fade (or so I hope). I just want the people I love to live a life without worries or hurt and all I do is hurt them. I have 2 more weeks to finish this quarter of school. Before I decide to end my ""wonderful"" life I just want to finish this one quarter, not that I'm going to achieve anything. I just want to push through these last 2 weeks but even that's been extremely difficult. I cry every single day in agony that I have to live another day and it's so hard trying to even study for exams because I have no ability to concentrate or take anything in. All that I want to do is be ridden of this pain.",True,"The post expresses intense emotional pain and despair. The poster mentions spreading their suffering onto loved ones, being unable to put on a fake smile, and feeling like a failure. They mention falling asleep crying every night and feeling that their existence only makes the lives of others worse. The statement 'I just want the people I love to live a life without worries or hurt and all I do is hurt them' further emphasizes a deep sense of loneliness and guilt. The poster also mentions considering ending their life and feeling that death would eventually bring relief from the hurt. The post conveys a profound sense of hopelessness and a lack of connection with others, indicating loneliness."
"I am 24 years old , unattractive, not smart(learning disability, autism), depression(since age 10, wanted to kill myself that young...yeah I know. My mood swings from ""normal"" to ""irrational"" very quickly. SOmetimes in short bursts. Basically I go from zero to asshole in seconds), no friends, etc. Yeah what do I do about it. I guess accepting my fate is what i'll do guys... THe problem I don't know what to do about it, not so much of an issue of ""trying harder"", but understanding what I need to do ""not be depressed"" anymore. There really is no escape for me in this depression land. I might have to learn to like it I guess.... Well lets see how I feel tommorw morning reading this irrational post.. The therapists aren't helping and its kinda discouraging... I don't need to ""work on my self esteem"". I am sick of that bullshit some counselors are trained to teach. Are they really that stupid?",True,"The post mentions several factors that indicate loneliness and feelings of isolation. The poster describes themselves as unattractive, not smart, and having a learning disability and autism, which can contribute to difficulties in forming and maintaining social connections. The mention of depression since a young age and a desire to kill themselves also suggests a history of struggling with mental health, which can further contribute to feelings of loneliness. The poster explicitly states that they have no friends and expresses frustration with therapists not being able to help, indicating a lack of support system. The closing sentence expressing frustration with counselors and their approach to self-esteem suggests a deep sense of hopelessness and disconnection."
1 month ago I was considering suicide. I talked to my primary care physician and told them how I was feeling and what I was thinking. They put me into a group therapy program and I was diagnosed with major depressive disorder. I can honestly say it saved my life. I cannot express how helpful this was for me and I urge you all to talk to someone. There is hope for us all and people willing to listen. It‚Äôs the new year and the perfect time for a change.,True,"The post mentions considering suicide and being diagnosed with major depressive disorder. These are strong indicators of feelings of loneliness and despair. The poster expresses gratitude for the group therapy program and emphasizes the importance of talking to someone and seeking help. This suggests that they were feeling isolated and alone before, but the therapy program provided them with support and a sense of community. The closing sentence 'It's the new year and the perfect time for a change' also implies a desire for companionship and a fresh start, which are common sentiments for individuals who are lonely."
I cant stand this loneliness one more minute. Im afraid to go to sleep and overthink about how nobody know I even exist,True,"The post expresses a deep sense of loneliness and states that the poster ""can't stand this loneliness one more minute."" The fear of going to sleep and overthinking about how nobody knows they even exist suggests a profound feeling of isolation and lack of social connection. The use of the word ""nobody"" emphasizes the belief that the poster is invisible or unnoticed by others, contributing to their loneliness."
"My mom killed herself. I am ugly and unattractive. This has been confirmed by several girls. I sometimes have this stutter that annoys me to no end. I could have tried harder. I don't see a meaning to anything. My mom killed herself and she was the only person who was really ever in my life. Life just pranks me at every corner doesn't it? If I were never born in the first place, would I miss this world that is so cruel to me?",True,"The post mentions the tragic loss of the poster's mother, which is a significant event that can lead to feelings of loneliness. The poster also expresses thoughts about their appearance and self-worth, indicating a lack of confidence and potential isolation. The statement ""she was the only person who was really ever in my life"" suggests a lack of close relationships or support systems, leading to feelings of loneliness. The questions about the meaning of life and contemplating if they would miss the world, if not born, further emphasize a deep sense of loneliness and despair."
"i drank too much again and felt suicidal, ended up going to the hospital and passing out in the hospital toilet while waiting for a doctor. also found out that two friends broke into my house while i was on vacation and stole some shit. i'm so fucking sick of this.",False,"While the post does mention feeling suicidal and being sick of the situation, it does not explicitly express feelings of loneliness. The focus of the post is more on the negative experiences of drinking too much, passing out in the hospital, and having friends break into the house. Loneliness, although not mentioned, may still be present, but based solely on this post, it cannot be determined."
"I suffered with depression for many years, and haven recently reached a turning point in my life where I finally feel good again, but somethings a little off, all my emotions are less extreme, sadness passes in minutes now and is nowhere near the intensity is was before, but I feel this weird longing to feel an emotion to that same depth and extreme again, has anyone else experienced this? Or am I going mad? It‚Äôs like I was so used to the emotion everything else feels uncomfortable now. I feel so stupid for feeling like this, I‚Äôm lucky enough to (it appears so far) gotten past the darkness that defined my teens and early adulthood, and I have this sick lust to feel it again? It also come with this constant creeping fear that this ‚Äòok‚Äôness I‚Äôm feeling now is a facade, that soon something will happen and I will fall back into my old state instantly. The conflict of this fear and the longing is driving me a little mad. I can‚Äôt talk to anyone I know about it because I‚Äôm pretty sure I‚Äôm gonna sound insane, so I guess I‚Äôm asking you guys. TLDR: recovered from depression but missing the depth to which I felt emotions before, missing the release that comes with sadness of that extreme, every other emotion feels a little uncomfortable now, Anyone else experienced this?",True,"The post mentions a history of depression and recently reaching a turning point where the poster feels good again. However, they express a strange longing to feel emotions with the same depth and intensity as they did during their depression. This longing for intense emotions and the fear of relapsing into their old state indicate a sense of emptiness and dissatisfaction with their current emotional state. The poster also mentions feeling stupid for feeling this way and not being able to talk to anyone they know about it, suggesting a lack of social support or understanding. The closing sentence, ""Anyone else experienced this?"" implies a desire to find validation and connection with others who may have had similar experiences. These factors suggest that the poster may be experiencing loneliness, despite their improvement in mental health."
I just don‚Äôt know why I don‚Äôt commit suicide and die Life is full of pain and misery I have done nothing wrong and I have tried so hard but i just cannot find the happiness that I deserve My Lord I ask you for nothing but my happiness,True,"The post mentions feelings of pain, misery, and the desire to commit suicide. The statement 'Life is full of pain and misery' indicates deep emotional distress and a lack of happiness in the poster's life. The phrase 'I have done nothing wrong and I have tried so hard' suggests a feeling of helplessness and frustration despite the efforts made to find happiness. The closing sentence 'My Lord I ask you for nothing but my happiness' indicates a plea for relief from the loneliness and unhappiness the poster is experiencing. Overall, the post conveys a strong sense of loneliness and despair."
"Let's say for example celebrities that have everything and are starting getting depressed, imo because what they miss is peace around them, how long can happiness last for a normal person? For me, which i am a depressed person, the biggest period i had of happiness was like a month and a half, and then started feeling depressed again What about you?",False,"While the post mentions celebrities getting depressed and the poster's personal experience of feeling depressed, it does not directly express feelings of loneliness. The focus is more on the concept of happiness and how long it can last for a normal person. The mention of feeling depressed again after a period of happiness indicates a fluctuation in mood, but does not necessarily suggest a lack of social connection or companionship."
i was on effexor xr 187.5mg for about 3month with no issues for panic/anxiety attack but this week has been the worse for me. I am thinking to jump onto 225mg to feel better and stop the horrible attacks. should i do it?,False,"Although the post mentions experiencing panic/anxiety attacks and a desire to feel better, there is no mention of loneliness or social isolation. The focus of the post is on the medication and managing anxiety, rather than feelings of loneliness."
"My brother came to visit me from peru, this is the first time i saw him since i was 12 (17 now). I have always lived with him and since i didn‚Äôt have a father or a supportive mother he always took the role model of a dad. He would take me out to the movies, but me things for my birthday, and get me clothes for school. Ive been suicidal for a while now, I live with PTSD, Chronic depression and anxiety, life is really hard for me and im ready to give up. I had the best day of my life yesterday and I think ending it on a good note would be the best. i‚Äôm sort of torn because i don‚Äôt want my brother to be sad about me. what can i do to make this guilt go away? am i just too selfish?",True,"The post mentions several factors that indicate a sense of loneliness and emotional distress. The poster mentions not having a father or a supportive mother, and their brother taking on the role of a father figure. This suggests a lack of a strong support system and familial connection. The poster also mentions living with PTSD, chronic depression, and anxiety, which further indicates a struggle with mental health and potential feelings of isolation. The statement ""life is really hard for me and I'm ready to give up"" suggests a deep sense of despair and hopelessness, which are often associated with loneliness. The poster also mentions feeling torn because they don't want their brother to be sad about them, indicating a desire for someone to care about their well-being. Overall, the combination of a lack of familial support, mental health challenges, and a strong sense of despair and loneliness suggests that the poster suffers from loneliness."
I have access to knives right here and a bathroom away from other people. If only I had the fucking courage. I just flunked a test with my already failing grades. Ugh I just need one more good reason.,False,"While the post does express feelings of frustration and discouragement, it does not directly mention feelings of loneliness. The focus of the post is on the poster's struggle with their grades and their feelings of inadequacy. The statement about having access to knives and needing one more good reason suggests a desperate state of mind, but it does not necessarily indicate loneliness."
"Cruelty can be administered through rejecting someone, but by ignoring them you take away their worth. Like they're below you. For me, it's the lowest feeling. Nothing redeeming about me to even be noticed.",True,"The post mentions feelings of rejection and being ignored, which can contribute to a sense of loneliness. The statement ""by ignoring them you take away their worth"" indicates that the poster feels devalued and insignificant due to being ignored. They also mention feeling like there is nothing redeeming about themselves, which suggests low self-esteem and a lack of social connection. These feelings contribute to a deep sense of loneliness and a belief that they are not worthy of being noticed or valued by others."
"I haven't brushed my teeth in 4 months. There's broken dishes that fell off my desk while reaching for my mouse, dirty clothes, and garbage all over the floor. I sit in the shower for 6+ hours on my laptop because the warmth makes me feel safe. I made the only people that loved me hate me on purpose and they have no idea who I am. I'm not alive and I died years ago.",True,"The post describes neglecting personal hygiene, a messy living environment, and isolating behavior (spending extended periods in the shower). These details suggest a lack of self-care and a withdrawal from social activities, which can be indicative of loneliness. The statement ""I made the only people that loved me hate me on purpose"" suggests a desire for connection but an inability to form and maintain relationships. The closing sentence ""I'm not alive and I died years ago"" reflects a deep sense of emotional pain and disconnection from others. Overall, the post indicates a high level of loneliness and despair."
"I'm reaching out for some kind of comfort. I want to share my problems but I don't want to give too many details and risk someone knowing me finding out. My fianc√© cheated on me and then broke up with me. There's a lot to it. It's left me feeling broken, unwanted, unloved, not good enough, and like I'm nothing. I wish I could disappear. Just fade away and not exist anymore. I pray that god will let me not wake up. I Am nothing. The person who was supposed to love me the most doesn't think I'm worth anything so I suppose I'm not.",True,"The post mentions the desire for comfort and the need to share problems, indicating a lack of emotional support and connection. The poster mentions their fiancé cheating on them and breaking up with them, which contributes to feelings of being broken, unwanted, and unloved. The statement ""I wish I could disappear"" and the mention of praying to not wake up suggest strong feelings of hopelessness and despair. The closing sentence further emphasizes the feeling of worthlessness. Overall, the post expresses deep emotional pain and a sense of isolation, indicating loneliness."
"i had some old roomates that i thought were friends that screwed me out of alot of money and stiffed me with a ton of dept and i managed to get an ok job and blew it somehow, got let go the month before i woulda been able to make any real change toward looming bills and collection calls. i had good reviews and was told i was efficient and trusted so it hit me so far outta left field. i lost it as i had so much banking on this job thought people liked me, thought i was stable for once ... i tried to pull myself back up but then i got hurt, broke my jaw and then my jaw got infected and i was hospitalized; severe fever, pain, all the fun times. they had to remove a good portion of my teeth and im only my 30s and now i dont have medical coverage anymore. with no income i cant afford medication or the ambulance bill and someone smashes into my car (im ok) but why now! i finally get unemployment insurance and it only barely covers rent, guess food is optional. i went from being able to afford meals to food banks/food stamps. i had to get rid of my pets cause i cant feed them, that hurt more than anyone should ever have to... and then he got sick and died anyway. I'm having so much trouble trying to get new job to distract myself, I'm begging to think I'm un-hirable after days weeks without phone calls. i cant afford my phone anymore, my rents paid but my bills come out couple days i have -10 dollars. i get no funds/NSF fees for 2018, happy new year? i tried.",True,"The post describes a series of unfortunate events and hardships that the poster has experienced. They mention being screwed out of money by old roommates, losing a job unexpectedly, getting injured and hospitalized, losing their dental coverage, and facing financial struggles. These events can contribute to feelings of isolation and loneliness, as the poster is experiencing financial difficulties, losing their pets, and having trouble finding a new job. The statement 'I'm having so much trouble trying to get a new job to distract myself' suggests a desire for distraction and companionship. The mention of not being able to afford their phone anymore and feeling unhirable further emphasize their struggles and potential feelings of loneliness."
"Hi. I was having a nice day with everyone at home but as soon as the sun went down, so did I. I feel distant to some people and I'm scared I might lose contact with them. I'm anxious, does my person still love me even if he just told me he loves me. We're in a long distance relationship and it's getting harder for me too. But I have no idea why do I feel so down right now... I took my meds, I take Lexapro and Klonopin, I even added a little dose to my Klonopin. I ate everything that I wanted to eat even if I wasn't supposed to. I just wanted to vent this out because I have no idea what is going on with me right now.",True,"The post mentions feeling distant from some people and fearing loss of contact with them, which suggests a lack of connection and potential loneliness. The poster also expresses anxiety and uncertainty about their relationship, indicating a desire for emotional support and companionship. The statement ""I have no idea what is going on with me right now"" reflects a sense of confusion and isolation, further emphasizing feelings of loneliness. The mention of taking medication and binge eating as coping mechanisms may indicate attempts to fill a void or numb emotional pain associated with loneliness."
"You don‚Äôt realise how bad you‚Äôve gotten until your psychologist and doctor both agree you need to be admitted to a hospital. I guess it shows how bad my head has become if I think my life, actions and behaviour are ‚Äúnormal‚Äù but I‚Äôm being told they clearly aren‚Äôt üôÉ And not just by my doctors, but my friends too.",False,"In this post, the poster expresses surprise and realization that their mental health has deteriorated to the point where both their psychologist and doctor recommend hospital admission. They mention thinking that their life, actions, and behavior are ""normal"" but being told otherwise by their doctors and friends. While this post does hint at some difficulties in the poster's life and mental health, there is no clear mention of loneliness or a lack of social connection. The focus is more on the realization of their mental health issues and seeking professional help."
"Mindless Self Indulgence - It Gets Worst comes to mind immediately. This song is pretty much my theme song. I also enjoy Black and Death Metal a lot. Behemoth, Shade Empire, Dimmu Borgir, Hate. Great bands. Since I am usually not happy, I rather sit and listen to music that is about death, destruction, hatred, pain, misanthorpy, war, and satanism. All the dark shit. I sound like some dumb edgy kid, but music like this gives me peace. It fits in with usually how I feel. If I try to be social, I just push people away. Making new friends or find a girlfriend is pointless. Silence is beautiful. My shitty voice will ruin whatever conversation is taking place. I should have my vocal cords removed. I thought I would be happier because I got a better job, but being lonely really sucks a lot more than I thought it would.",True,"The post mentions that the song ""It Gets Worst"" by Mindless Self Indulgence is the poster's theme song, suggesting a connection to lyrics that reflect negative emotions. The poster also mentions enjoying dark, death, and black metal music, which often evokes feelings of anger, sadness, and loneliness. They express a preference for sitting alone and listening to music that aligns with their negative emotions, suggesting a desire for solitude and disconnect. The statement ""If I try to be social, I just push people away"" indicates difficulty in forming and maintaining social connections, contributing to feelings of loneliness. The poster also mentions that making new friends or finding a girlfriend feels pointless and expresses a desire to have their vocal cords removed, suggesting a deep frustration and dissatisfaction with their current social situation. The closing sentence ""being lonely really sucks a lot more than I thought it would"" further emphasizes their feelings of loneliness."
"I hate promises, I hate myself but especially I hate my feelings for believing that people stay, ""THEY NEVER DID"" and nobody will ever stay.",True,"The post expresses hatred towards promises, oneself, and feelings. The use of capitals and strong language like ""hate"" suggests intense emotions. The statement ""I hate my feelings for believing that people stay, 'THEY NEVER DID' and nobody will ever stay"" indicates a deep sense of disappointment and mistrust towards others. The phrase ""nobody will ever stay"" implies a fear of abandonment and a lack of faith in forming lasting relationships. These feelings of mistrust and fear of being alone are indicative of loneliness."
"I‚Äôm 15 years old, and I turn 16 in 9 days. I feel lonely all the time and only have a few friends. It gets pretty bad sometimes and I start to think about killing myself. When I feel this way, i usually can‚Äôt sleep and am an emotional train wreck. Is this normal or am I crazy or what?",True,"The post mentions feeling lonely all the time and having only a few friends, indicating a lack of social connection. The poster also expresses feeling suicidal and experiencing difficulty sleeping and being emotionally unstable, which are common symptoms of severe loneliness and depression. The closing question ""Is this normal or am I crazy or what?"" suggests that the poster is struggling to understand their emotions and is seeking validation or guidance, further indicating a deep sense of loneliness and despair."
"2017 has been my year, amazing grades, my license, a car, a new place to live. Steady and stable job. Loving friends and family. My mental health has been off the rails this whole year. I don't really know how to deal with this. I'll stay alive, I'll get through life, finish college on full scholarship. But I don't think I'll be happy. It's sad, I don't even want to drink. I just want to sleep.",False,"While the post does mention struggles with mental health and a lack of happiness, it does not directly mention feelings of loneliness. The poster mentions having loving friends and family, which suggests some level of social connection. The focus of the post is more on the poster's struggles with their mental health and lack of happiness, rather than a deep sense of loneliness."
From the time i remember myself i would always think im stupid and ugly and everybody else is better. From the time i was 14-15 i would imagine how to end it all. Why is my life like this I've never done anything wrong to anyone. If reincarnation is a real thing I was a selfish person that wanted the world now im stuck.,True,"The post mentions the poster's negative self-perception, feeling inferior to others, and imagining ways to end their life. These thoughts and feelings indicate a deep sense of low self-worth, isolation, and despair. The statement 'Why is my life like this I've never done anything wrong to anyone' expresses confusion and frustration about their circumstances, as well as a longing for a different, better life. The reference to reincarnation and feeling stuck further emphasizes a sense of hopelessness. These expressions of intense negative emotions and isolation suggest that the poster may be experiencing loneliness."
"Why is it the two worst, most hurtful relationships lasted years, while the ones that feel that they have the most love and promise a real future fall apart in an eye blink. I feel cursed to either live in misery, or except fleeting happiness, followed by loneliness. What a joke. I really fucking hate my life.",True,"The post mentions two long-lasting hurtful relationships, which implies a pattern of negative experiences in the poster's romantic life. They contrast this with relationships that have love and promise but quickly fall apart, leading to a sense of disappointment and loneliness. The statement ""I feel cursed to either live in misery, or accept fleeting happiness, followed by loneliness"" expresses a deep sense of despair and isolation. The final sentence, ""I really fucking hate my life,"" further emphasizes the negative emotions and overall feeling of loneliness and frustration that the poster is experiencing."
We were just talking and I said something idk what but she took it to mean I like her and I do but I know she doesn‚Äôt so I had no plans to tell her. I fucked it up. She‚Äôll barely talk to me. She was the last person I had. Idk what to do now. I feel sick.,True,"The post mentions a mistake made in a conversation with someone the poster likes, leading to the person distancing themselves from the poster. The statement 'She was the last person I had' suggests a lack of other close relationships or connections. The poster expresses feeling sick, which indicates a deep emotional distress. These factors suggest a sense of loneliness and a strong need for companionship."
"If just fills me with jealousy and worthlessness. And all I can think while I'm watching them is I'm 26 living with my mum working minimum wage, I've had sex like once in the past 3 years and it was awful because my dick decided it doesn't like working about 6 years ago. I don't want to kill myself I fucking need to kill myself. I'm pathetic. Ugly. Weird. Stupid. Worthless. Useless. A mess.",True,"The post expresses feelings of jealousy, worthlessness, and extreme self-deprecation. The poster mentions living with their mother, working minimum wage, and having a lack of sexual experiences. These statements suggest a lack of fulfillment in various areas of life, which can contribute to feelings of loneliness. The strong negative self-perception and the statement 'I fucking need to kill myself' indicate intense emotional distress and potential isolation from others. The post reflects a deep sense of loneliness and despair."
"My close friend told me, get help. Get help. Get help. And how I could be bringing others down by even venting, so I stopped. But the last thing I want to do is talk to a stranger about my feelings or not wanting to go on, feeling hopeless, and just fed up. Because I refuse to take medication or be ‚Äúcommitted‚Äù and the only other person who understands is my friend, who is also suicidal. People who don‚Äôt suffer from depression, extreme loss in life, or daily struggles don‚Äôt understand that we don‚Äôt exactly want to die, but these feelings have to. Is it just me? Am I the only one who gets annoyed at it?",True,"The post mentions feelings of hopelessness, not wanting to go on, and being fed up. The poster expresses a reluctance to talk to a stranger about their feelings and a refusal to take medication or seek professional help. These sentiments suggest a deep sense of isolation and an inability to find understanding and support from others. The mention of the friend who also understands and is suicidal indicates that the poster may feel alone in their struggles and that their support network is limited. The closing questions 'Is it just me? Am I the only one who gets annoyed at it?' imply a sense of frustration and possibly a feeling of being misunderstood or isolated in their experiences."
The thought of existing like this for the next 60-70 years is absolutely crushing,True,"The post expresses a deep sense of despair and hopelessness, emphasizing the long duration of time (60-70 years) that the poster feels overwhelmed by. The word ""crushing"" indicates that the thought of existing in this state is overwhelming and burdensome. This suggests that the poster may be experiencing feelings of loneliness, as they express a lack of fulfillment or satisfaction with their current circumstances."
"Bad things happen to me, and worst of all, they're inevitable. I think I'm better off dead than alive.",False,"The post does mention experiencing bad things and feeling that they are inevitable, but it does not directly express feelings of loneliness. The statement 'I think I'm better off dead than alive' suggests a deep sense of despair, but it does not necessarily indicate loneliness specifically. It could be a sign of depression or other mental health issues, but loneliness cannot be inferred from this statement alone."
Hope you are all okay. https://imgur.com/gallery/Za7hG,False,"The post simply expresses a sentiment of hoping that everyone is okay. While it does not provide much context or detail, it does not indicate feelings of loneliness. The post seems to show concern for others, suggesting a level of social awareness and connection."
"I suspect that what I'm dealing with is a mixture of anxiety and depression, but I haven't been to talk to anyone yet. I'm a college student and plan to see one of the psychologists on-campus after they reopen for spring semester. Anyway, I've been dealing with a lot of issues of feeling alone, sad, and generally hating myself. Not all the time...but enough for it to be an issue. I only talk to my boyfriend because he's the only one I trust. I have one friend but we aren't close enough to discuss ""real"" issues. My anxiety stems from having a chronic illness and being sexually abused in a past relationship, on top of a lot of general social anxiety. A lot of my ""depression"" (I say that in quotes because I'm not sure if that's what it is yet) is self-defeating. I frequently find my mind telling me that I'm worthless, even though I logically know it isn't true. There have even been times when I'm home alone and force myself to go somewhere because 1)I'm too miserable in my own head and 2)I'm afraid I'll succomb to hurting (NOT killing) myself if I'm alone with my own thoughts. I've just been struggling a lot lately and wondered if anyone has similar experiences and has gotten through it. I am going to see someone, and I'm contemplating Zoloft. Not as a real fix, but just something to help me dig out of this hole I'm in right now. Sorry this was so long, just a lot of thoughts to shuffle through!",True,"The post expresses feelings of loneliness, sadness, and self-hatred. The poster mentions feeling alone and not having anyone to discuss their real issues with, except their boyfriend who they trust. The mention of having only one friend but not being close enough to discuss ""real"" issues suggests a lack of deep connection and support. The poster also discusses their anxiety and depression, which further contribute to feelings of loneliness and isolation. The mention of frequently feeling worthless and having thoughts of self-harming when alone with their own thoughts indicates a deep sense of despair and loneliness. The intention to seek professional help and consider medication also indicates the severity of the loneliness and emotional struggle the poster is experiencing."
"Just booked some counselling sessions. I don't want to go. I don't want to try any more. Fuck it, fuck this shit. I hate feeling like this. I don't want to exist. I want to hurt myself until I don't exist any more. Yet I don't want to do that. I want to live. Oh God, I want to live. Fuck this. A fucking year ago I was in the same place. I wasn't though. I don't even fucking know. Am I crazy? What is this shit? What is this shit? I don't care, fuck it. That's like my catchphrase nowadays. Fuck it. I don't care. I'm in Hell. Is any of this even real? Is it all in my head? What the fuck. I am very upset. I don't want any more of this. What the fuck is my life. My girlfriend reckons I'm doing really well and everything is hunky dory. I don't want to tell her that it's going back to how it was. It will always go back to how it was. This is how it is. This is how it will always be. Fuck it. I don't care about me. That's what I always say. If she ever wants out I'd be fine with it. I love her to fucking bits but I want her to be happy more than I want me to be happy. That's all I want. I gotta do this fucking shit again for another year. And then for God knows how many years after that. I don't want to do it. I don't want to live. Just got off the phone with a lady from the Samaritans. Felt like a fucking idiot. I'm so stupid. Am I crazy? Is this real? I'm sorry.",True,"The post expresses feelings of deep sadness, frustration, and not wanting to exist. The poster mentions booking counseling sessions and feeling like they are in a constant cycle of feeling this way. They express confusion and question their own sanity. The statement 'I'm in Hell' further emphasizes the intense emotional distress they are experiencing. The post also mentions having a girlfriend who thinks they are doing well, indicating some level of social connection. However, the overall tone and content of the post suggest a deep sense of loneliness and despair."
"I've been depressed for awhile now. Over ten years. I thought I was able to deal with it. It turns out, I've been running from my past for all this time. My girlfriend and I went though a rough break up, I got extremely drunk and my best friend is mad at me. I'm afraid my best friend will fuck my ex to get back at me. Honestly, if he did that to me, it would completely break me. He says were cool, but I can't sleep. I cannot get that picture out of my head, I'm seriously afraid he wants to hurt me like that",True,"The post mentions being depressed for over ten years, suggesting a long period of emotional distress. The poster also mentions running from their past, indicating a sense of avoidance or isolation. The break up with their girlfriend and the potential betrayal by their best friend add to the feelings of loneliness and vulnerability. The statement 'Honestly, if he did that to me, it would completely break me' demonstrates the deep emotional impact and fear of further hurt, highlighting the loneliness and despair the poster is experiencing. The inability to sleep and the persistent thoughts further emphasize the distress and isolation the poster is feeling."
"I don't know how to go one anymore. My mom stole another 1000‚Ç¨ from me. I'm currently living from 200‚Ç¨ a month. I applied for so many jobs, so many apprenticeship places. Today I got another no from a company. I can't take it anymore. There's so day where my family doesn't shame me for who I am. I've been in therapy many times. It just won't get better. I have a boyfriend, my first real one, but I'm so afraid to lose him, that he choses someone else when he gets the chance like my last dude. I'm so lonely. Even my cat runs away from me when I cry. Please, someone just talk to me",True,"The post mentions multiple factors that indicate loneliness. The poster expresses feelings of despair and hopelessness, stating ""I don't know how to go on anymore."" They mention financial struggles and being rejected from job and apprenticeship opportunities, which can lead to feelings of isolation and loneliness. The statement ""There's not a day where my family doesn't shame me for who I am"" suggests a lack of support and understanding from family members, contributing to feelings of loneliness. The poster also mentions being in therapy multiple times, indicating their struggle with mental health and the lack of effective support. The mention of having a boyfriend but fearing losing him suggests a fear of abandonment and further contributes to the feelings of loneliness. Finally, the plea at the end of the post, ""Please, someone just talk to me,"" highlights a clear desire for social connection and companionship."
"I‚Äôm 16 years old, go to a private high school, and by all means should be happy. The only thing wrong in my life is my emotionally and verbally abusive father. However I cannot feel anything. Only sadness and pain. I‚Äôm a medically diagnosed psychopath. I have severe depression and nothing to live for in my eyes. I have no self esteem, no redeeming qualities, nothing about me is good. I cannot feel happy unless I‚Äôm cutting or abusing drugs. I‚Äôve never been loved and never been able to love anyone. I‚Äôm not worthy of love, and I‚Äôll never be loved. This isn‚Äôt a cry for help or for comfort. I don‚Äôt know by I‚Äôm posting this to be honest. I just wanted some like minded people to know and sympathize with me while I live my final day on Earth.",True,"The post expresses feelings of extreme sadness, pain, and emptiness. The poster mentions having an emotionally and verbally abusive father and being diagnosed as a psychopath. They describe having severe depression and feeling unworthy of love. The statement 'I‚Äôm not worthy of love, and I‚Äôll never be loved' demonstrates a deep sense of loneliness and despair. The poster also mentions finding temporary relief from cutting and abusing drugs, which suggests a coping mechanism for their loneliness and emotional pain. The closing sentence 'I just wanted some like-minded people to know and sympathize with me while I live my final day on Earth' expresses a desire for connection and understanding from others who may be going through similar experiences."
It's so hard just to get out of bed every morning. Right now I just want to die. It's too damn hard just to be alive in this world. I don't want to keep going. I don't want to keep fighting. I just wish it would all end and I could have peace. All I ever asked for out of life was for love. All I ever wanted was love. This world took that request and turned it back on me in the form of a million daggers to the heart. I can't bear it any more. I want to die.,True,"The post expresses feelings of extreme despair, hopelessness, and a desire to die. The language used suggests that the poster is experiencing intense emotional pain and struggling to find a reason to keep going. The mention of wanting love and feeling like the world has betrayed them further indicates a deep sense of loneliness and longing for connection. The repeated statement ""I want to die"" emphasizes the seriousness of the poster's emotional state and suggests a high level of loneliness and despair."
I‚Äôm 26. I feel swallowed in regret &amp; Shame. It keeps nagging me to reconnect with old friends &amp; associates. I haven‚Äôt spoke to them in over a decade. I genuinely care about their well being but for some reason it‚Äôll feel fake of me. I can‚Äôt enjoy the present with my family &amp; friends. I get bored or lose interest &amp; will feel sad out of nowhere. Anybody been through this? Or know how to move forward?,True,"The post expresses feelings of regret, shame, and sadness, which are common emotions associated with loneliness. The poster mentions feeling the need to reconnect with old friends and associates, indicating a desire for social connection. The statement ""I can't enjoy the present with my family & friends"" suggests a lack of fulfillment in current relationships and a longing for deeper connections. The poster also mentions feeling bored, losing interest, and feeling sad out of nowhere, which could be symptoms of loneliness. The closing sentence ""Anybody been through this? Or know how to move forward?"" indicates a sense of seeking support and advice, which is often seen in individuals experiencing loneliness."
"The summer of 2019 I started developing severe OCD after suffering from mild, unnoticeable OCD for many years. I just feel so tired of things, so bored of living, but I can't commit suicide. I know that there are people who care about about me, like my parents, and the shit they would have to go trough if I commited suicide is unbearable for me to imagine. But I just wished I didn't exist, that I never was born. I wish I could vanish from this world, be gone like the wind. I often wish I would die in an accident or disease, because maybe that would be less painful for the people around me then if I would commit suicide. I have stayed home from school for about 2 months because of illness related to the stress, not stress from school, but from my mental health. I feel crippled. One day I woke up and was completely emotionally numb. I couldn't feel happiness, sadness, anger or any other emotion, but it got better. But I really wished it wouldn't have gotten better, it was ""amazing"", I couldn't either feel anxiety so all I felt was blank. When I think about the meaning of life I always come to the conclusion that I want to marry a wonderful woman, have kids and grow old and die of old age, and this is the other thing keeping me alive. That was my story.",True,"The post mentions feelings of tiredness, boredom, and a desire to not exist or vanish from the world. The poster expresses a wish to die in an accident or from a disease, indicating a significant level of distress and possibly a desire to escape from life. The post also mentions staying home from school for two months due to illness related to stress, indicating the impact of mental health on daily functioning. The mention of feeling emotionally numb and the desire for a meaningful life through marriage, children, and growing old suggests a longing for companionship and connection, which can be indicators of loneliness. The overall tone of the post is one of deep sadness and despair, highlighting the emotional distress experienced by the poster."
"Is it? Successful people are usually strong physically and mentally, and I am neither.",False,"While the post mentions feeling inadequate compared to successful people, it does not explicitly express feelings of loneliness. The focus of the post is more on the poster's perception of success and their self-perceived weaknesses. It does not delve into their social connections or lack thereof, and therefore does not indicate loneliness."
But not because I was sad but because I was so happy. I‚Äôm spending some days with friends in a bigger city and we were planning on going to a prayer at 11 pm and then to a party. But I am crazily scared of fireworks (childhood trauma here you go) so I decided last minute to stay at our accommodation. A few minutes later 3 friends decided to come back because they were worried and didn‚Äôt want me to spend New Year‚Äôs Eve alone. I resisted in the beginning but they made they‚Äôre decision and stayed with me. We had a small prayer and Christmas cookies and just spend some beautiful hours together. Afterwards they said it was the most beautiful New Year‚Äôs Eve they‚Äôve ever had and same applies to me because I‚Äôm used to spending it alone and having a breakdown. I am just so happy and it‚Äôs unbelievable for me someone actually cared about me. However my ex roommate texted me as well how much she enjoyed being my roommate and how much I taught her. These things are so important for me right now because I realized I‚Äôm really deep in my depression again and struggling with my current situation. I didn‚Äôt think I meant anything to anyone and I was just being there but all of this showed me that there are people that care. And there are also people out there that care about you. You might not think they do or find it completely unbelievable but there are people that care and that would miss you if you‚Äôd just be gone. Take care.,True,"The post mentions spending time with friends during the holidays and initially planning to go to a prayer and a party. However, due to a fear of fireworks, the poster decides to stay at their accommodation. Their friends then decide to come back and spend New Year's Eve with them, having a small prayer and enjoying each other's company. The poster expresses happiness and disbelief that someone actually cared about them, highlighting their previous experiences of spending New Year's Eve alone and having a breakdown. They mention being in deep depression and struggling with their current situation but realizing that they do mean something to others and that there are people who care about them. This indicates a sense of loneliness and a lack of self-worth, as well as the importance of the friends' actions in alleviating those feelings. The closing sentence emphasizes the importance of taking care of oneself, suggesting that the poster may still be battling with loneliness and depression."
"I guess I just started to realize that all of this ""new year new me"" is bullshit and I'm going to stay the same loser in 2018 so I'm not getting my hopes up",False,"The post expresses frustration and cynicism towards the concept of ""new year new me,"" indicating a lack of motivation or belief in personal change. However, there is no mention of loneliness or feelings of isolation. The focus of the post is more on self-disappointment and a lack of optimism, rather than a deep sense of loneliness."
"I only take Lexapro. I was watching some videos on these guy that call themselves ""Preppers"" and they prep for the end of the world. They say that people on any types of drugs will become unstable and focused on getting their fix or whatever. Is that us?",False,"While the post mentions taking medication (Lexapro), it does not express any emotions or feelings of loneliness. The main topic of the post is the concern over whether people on medication will become unstable and focused on obtaining their medication. There is no mention of feeling lonely or isolated, and the focus of the post is more on the question about the effects of medication rather than personal emotions or experiences."
"You know this feeling when there are people around you but you feel that you're not part of that group - that cheer - feeling more of a spectator than anything else. There is loud music here, people dancing and drinking, people I know really since long now - celebrating a new year. I'm being pulled in for a drink and dancing - I pretend like I am enjoying. I don't want them to know. I don't want anyone to know. Why would anyone care? I somehow thought it would be a good idea to come here. I don't know why. Maybe better than sitting in front of a screen - playing stupid games or watching videos. I really wanted this to work. I need this for 2018. I'm not feeling good. It's going to be a bad year. Can't go on like this.",True,"The post expresses feelings of not belonging and feeling like a spectator in a group. The poster mentions people dancing and drinking, and while they are physically present, they do not feel like they are part of the celebration. They pretend to enjoy themselves to avoid others knowing how they truly feel and mention a desire for social connection by mentioning the thought of coming to the event. The statement 'I really wanted this to work. I need this for 2018' suggests a longing for a positive experience and a sense of hopelessness for the upcoming year. The closing sentence 'Can't go on like this' indicates a deep sense of despair and loneliness."
"Hi everyone! So I realized my depression is better at home, when I can be with my dogs. That‚Äôs partially because I have to take care of them. The thing is, at school, I can‚Äôt really have any pets- and I‚Äôm graduating soon which means I can‚Äôt have a new one right now. I won‚Äôt be stable. So I got a cactus! I‚Äôve never really taken care of a plant before so I‚Äôve decided it was easy enough. I have an app and she has a name- so hopefully this works. What can you take care of to help?",False,"The post mentions the poster's depression and their realization that being at home with their dogs helps improve their mental state. They express a desire for companionship and mention that they cannot have pets at school. However, they have found a substitute by getting a cactus and taking care of it. They express hope that this will work. While they mention their struggle with depression, the overall tone of the post is more hopeful and focused on finding solutions rather than feelings of loneliness."
"Go out, too out of your mind with sleep deprivation to be coherent, sit around at home feeling like shit in all respects, have both of your parents dismiss that anything's wrong while pouring gas on the fire by being passive aggressive every time they interact with you, and when it seems like things might change, whether it's your own efforts or the environment just shifting, it all circles back to being the same again. The ride never ends.",True,"The post mentions feeling sleep deprived, sitting around at home feeling like shit, and having both parents dismiss any problems. These statements suggest a feeling of isolation and lack of support from family members. The mention of things never changing and the statement ""The ride never ends"" implies a constant cycle of negative emotions and experiences, which can contribute to feelings of loneliness. The overall tone of the post is one of despair and frustration, further indicating a sense of loneliness and hopelessness."
I fell into a deep dark place 6 months ago and haven‚Äôt made much progress. The only thing holding me together is meds. So how do you make your days more bearable?,True,"The post mentions falling into a deep dark place and not making much progress, indicating feelings of sadness or depression. The statement 'The only thing holding me together is meds' suggests that the poster heavily relies on medication to cope with their emotional state. This could indicate a lack of social support or feeling alone in their struggle. The last question 'So how do you make your days more bearable?' implies a desire for strategies or tips to help improve their emotional well-being, which could also suggest feelings of loneliness."
"I‚Äôve always had depression, and it‚Äôs gotten really bad this year. It‚Äôs affecting every aspect of my life, I‚Äôve pushed most of my friends away, barely been talking to my family, my finances are a mess, and worst of all, my performance at work has gotten really bad. My boss is very hands off, so no one knew how behind I had gotten, what a mess I‚Äôd made of my work. Well last week I got a kidney stone and had to be out several days, and when I was gone they discovered how bad I was doing. Ugh. Now, Tuesday first thing in the morning I have a meeting with my boss and HER boss called ‚Äúdiscussion about performance‚Äù and I think it‚Äôs extremely likely I get fired. Even though I find it REALLY hard to talk about, I‚Äôm considering just being totally honest and talking to them about my depression, and how much it‚Äôs eacallated this year. Let them know that it‚Äôs not just my work that has suffered, but my finances, soicial life, family life, health, everything. I‚Äôm not trying to use it as an excuse, it‚Äôs just the truth. I don‚Äôt know that it will save my job, but at this point I don‚Äôt know what else to do. Has anyone ever done this. What do you think? Any advice? I‚Äôm so scared of losing my job and just spiraling further and further down.",True,"The post mentions having depression and describes how it has negatively impacted various aspects of the poster's life, including their social life, family life, and finances. This suggests a lack of fulfillment and connection in their relationships, which can contribute to feelings of loneliness. The poster also expresses fear, desperation, and a sense of being overwhelmed by their current situation, indicating a deep emotional distress and potential isolation. The closing sentence 'I'm so scared of losing my job and just spiraling further and further down' further emphasizes the emotional impact and sense of loneliness."
"I guess this isn‚Äôt really a stereotype, but I often see depressed people in movies/shows/etc portrayed as a person fighting their depression alone, meanwhile trying to make everyone else in their life happy so they‚Äôll never experience that sadness. But ever since I‚Äôve been depressed (roughly 5 years now) I‚Äôve been the most cynical person. I hate other people‚Äôs happiness, when someone accomplishes something all I do is think about my failures. I obviously am outwardly supportive, but inside I‚Äôm so resentful. I feel like am truly an awful person, I don‚Äôt remember the last time I was genuinely happy for someone. I really just cannot connect with people on any emotional level anymore. I just feel like alien. Does anyone else feel this way? Or do you try to make other people happy to make up for you not being happy yourself? Does this help you, as in does other people‚Äôs happiness help to alleviate yours slightly? &amp; also, to people that don‚Äôt resent other people‚Äôs happiness, how? All I can think about is how unfair it is that others can be so happy when I‚Äôm hardly staying afloat I know I‚Äôm asking 100 questions but I‚Äôm just curious as to how people share a common disorder but respond to it in very different ways",True,"The post expresses feelings of cynicism, resentment, and an inability to connect with others on an emotional level. The poster mentions being depressed for approximately 5 years and feeling like an awful person. They also express a lack of genuine happiness for others and a preoccupation with their own failures. This suggests a deep sense of isolation and loneliness, as well as an inability to find joy or connection with others. The poster asks if others feel the same way or if they try to make others happy to compensate for their own unhappiness, indicating a desire for understanding and connection with people who share similar experiences. Overall, the post demonstrates a profound sense of loneliness and struggles with finding happiness and connection with others."
"Nothing is fun anymore. I'm constantly upset that I feel like I have no free time, yet find myself with nothing to do every time I do have free time. Things I've enjoyed for years suck now. I can't be occupied by something for longer than an hour, max. Most of the time it's less unless I'm hanging out with friends or something. I get so low and I can't bring myself to do anything. It's like nothing gives me pleasure or makes me happy, nothing makes me feel less empty.",True,"The post expresses feelings of constant upset and a lack of enjoyment in activities that were once enjoyable. The poster mentions feeling like they have no free time and feeling empty. The statement 'I can't be occupied by something for longer than an hour' suggests a difficulty in finding satisfaction or fulfillment in activities, further indicating a sense of loneliness and emptiness. The mention of hanging out with friends as one exception suggests that social interaction brings some relief from these feelings, implying a longing for companionship and connection. The overall tone of the post conveys a deep sense of sadness and an inability to find happiness, highlighting the emotional impact of loneliness."
"Or at least thats the goal...Just needed to vent a little bit...recently moved across the country with my girl and am about to fly back home tomorrow night for a little much needed vacation to see my family but of course even that cant go right...its been hard financially out here even working 2 jobs.. Couldn't even afford to get xmas presents for my family unfortunately so hopefully ""my presence is a present"" lol...rents due and i have exactly enough to cover it but still need to pay my other bills which ill have no money for and wont have shit for money when i fly out...ill try to keep you all posted how it all shakes out. Been clean from the hard stuff over 2 years but i might have to relive some of that junkie shit and hit the pawn shop..i have a 20 in my wallet maybe ill just spend it on scratch offs..fml",False,"While the post mentions financial difficulties and not being able to afford Christmas presents for family, it does not directly mention feelings of loneliness. The poster mentions being with their girl and flying back home to see their family, which suggests they have some level of social connection and support. The focus of the post is more on the frustrations and challenges of their current financial situation, rather than a deep sense of loneliness."
"One of the remarks I had come back to was ""Oh hey *forgottensteamuser* is going to shoot up the school."" Didn't respond, but just walked away. Yeah, I know just a joke. Am I taking things too seriously?",False,"The post mentions a remark about the poster potentially being involved in a school shooting. While the poster acknowledges that it was just a joke, they are questioning whether they are taking things too seriously. This implies that the remark had some impact on their emotions, but it does not necessarily indicate loneliness. The focus of the post is more on whether the poster's reaction is appropriate, rather than feelings of loneliness."
i‚Äôve been feeling really down empty and unmotivated for the past 6 or more months everyday has been a day where all i want is to go bk home and stay alone i don‚Äôt have any close friends and i feel like everyone around me doesn‚Äôt like my guts which i understand but this is not the case i always feel empty and it‚Äôs a really not pleasant feeling at all i don‚Äôt have any future plans when i‚Äôm supposed to be having i feel like there‚Äôs just no future for me so why bother work hard on my grades and if there was one it wouldn‚Äôt matter with me if i ended up homeless there‚Äôs no point of staying alive at this point expect doing what everyone is expecting me to do and pushing my limits and not understanding what i‚Äôm gong through from inside bc of my lack of communication and no one would expect me to be this ‚Äúdepressed‚Äù or that i‚Äôm actually not ok.,True,"The post expresses feelings of emptiness, being unmotivated, and a lack of close friends. The poster mentions wanting to go back home and stay alone, indicating a desire for solitude and possibly isolation. The statement ""everyone around me doesn't like my guts"" suggests a perceived lack of social acceptance or rejection. The poster also mentions feeling empty and having no future plans, indicating a lack of purpose or direction in life. The statement ""there's no point of staying alive at this point"" suggests a deep sense of hopelessness and despair. The poster also mentions a lack of communication and feeling like no one would expect them to be depressed or understand what they're going through. These feelings of isolation, lack of connection, and despair point towards a deep sense of loneliness."
"Okay, I know that depression is subjective. My ‚Äúsad‚Äù is not your ‚Äúsad‚Äù. But we can agree that it is kind of one of the suckiest feelings you can get. So if you are already at this low point where it can‚Äôt get any better by itself. Wouldn‚Äôt that make anything that usually have a high risk, feels small? Am I the only one here who gets the sense of rush and power to do things that I wouldn‚Äôt be able to do if I was feeling normal? Doesn‚Äôt work with everything, I know that. Also, with severe depression I would still suggest seeking real help. But I cannot help but to acknowledge this channeling of feeling into power.",True,"The post mentions feelings of sadness and depression, which are often associated with loneliness. The poster acknowledges that depression is subjective, but describes it as a ""sucky feeling,"" suggesting a negative emotional state. They also mention being at a low point and feeling a sense of rush and power to do things that they wouldn't be able to do if they were feeling normal. This suggests a desire for a change in emotions and a longing for a different state of being. While the poster does mention seeking real help for severe depression, the focus of the post is on the experience of feeling depressed and the potential for channeling those emotions into a sense of power. This indicates a level of loneliness and a desire to find some sort of solace or empowerment in their emotions."
I was brutally raped for 2 months. By my best friends boyfriend. My best friend died of cancer. A month later her boyfriend messaged me saying he just needed a friend. I went over that night to his place. I regret ever doing that. He drugged and raped me. The next morning he threatened me. Told me if I didn‚Äôt keep giving him what he wanted he would kill me and himself. I was terrified. For 2 months every day I let him bias and rape me. Out of fear. I eventually started to get myself so drunk I‚Äôd just pass out. I‚Äôd wake up bloody and bruised. He‚Äôd wake up ready to do it all over again. I‚Äôm now so fucked in the head from this experience I find myself missing him. I hate these thoughts. They never go away. I don‚Äôt want to think this way anymore. I‚Äôve tried everything. Nothing works. I want to die so I can never feel this way again. It‚Äôs been years of feeling this way. The void is calling my name.,True,"The post describes a horrific and traumatic experience of being raped by the best friend's boyfriend, followed by enduring ongoing abuse for 2 months. The poster mentions feeling terrified, being threatened, and waking up bruised and bloody. This experience has caused severe emotional and psychological distress, as evidenced by the statement ""I'm now so fucked in the head from this experience."" The poster also expresses feelings of longing and missing the abuser, despite hating these thoughts and wanting to stop feeling this way. The mention of wanting to die and the statement ""The void is calling my name"" indicate a deep sense of loneliness, despair, and hopelessness. The traumatic experience, coupled with the ongoing emotional and psychological effects, have led the poster to feel isolated and overwhelmed with loneliness and the desire to escape these painful thoughts and feelings."
"I've been like that, having suicidal thoughts, since i was 13. I have exams in about 2 months, which right now is the main couse of my stress. My parents are also about to divorce in propably a year (knowing how long this sort of stuff takes). I live with my mom, who is alwayes really stressed about and in a hurry. Recently i have also been having a heart ache, which the doctor said is caused by stress and uneasiness. My mom knows there's something wrong with me and suggested a therapist to help me deal with my stress, but i dont think she really understands why im acting this way. My original plan was to give myself a week and then kill myself if nothing changes. Well it's already wednesday. I still fell the same as before, but maybe i should tell somebody? I don't really have any friends i could trust so i'm thinking of telling my mum. She already has a lot of problems though. I've already tried telling her once (i just said that i'm depressed, not that i want to commit suicide), when i was 14 and she just said that everybody feels like that sometimes and forgot about it the next day. How can i tell her so that she understands?",True,"The post mentions having suicidal thoughts since the age of 13, which indicates a deep level of emotional distress and loneliness. The poster also mentions feeling stressed about exams and the impending divorce of their parents, which further adds to their emotional burden. The mention of physical symptoms such as heartache caused by stress and uneasiness also suggests a high level of psychological and emotional distress. The poster states that they do not have any friends they can trust, which implies a lack of social support and connection. The mention of wanting to tell their mom about their feelings and their previous unsuccessful attempt to communicate their depression shows a desire for understanding and support, further emphasizing their loneliness."
I need to kill myself but I don‚Äôt have the guts right now. I‚Äôm scared it will go wrong or I‚Äôll panic. I have so many reasons to kill myself. I don‚Äôt see a light at the end of the tunnel as much as I desperately want to. I feel so lost and alone.,True,"The post mentions thoughts of suicide and feeling lost and alone. These thoughts and emotions indicate a deep sense of despair and isolation. The poster expresses a lack of hope and a desire to end their life, which suggests a strong feeling of loneliness and a lack of social support. The statement ""I don't see a light at the end of the tunnel"" emphasizes the overwhelming sense of darkness and hopelessness, further highlighting the loneliness experienced by the poster."
"I thought there was a small chance that I might get invited to make plans by old friends, but I should have known that wasn't gonna happen due to persisting false rumors. Now I'm stuck in my room just sad and depressed. I am 21 though, so I'm wondering if I should just go to the bar and drink a bit so at least I'm surrounded by people when the new year starts. I'm hopeful for the future, but rn I'm down as hell. I try to look my best all the time but my nerdy demeanor and social anxiety kills any interest someone might have towards me. Idk what to do.",True,"The post mentions that the poster thought there was a small chance of getting invited to make plans by old friends, suggesting a desire for social connection and companionship. The fact that this didn't happen and the poster is stuck in their room feeling sad and depressed indicates a sense of loneliness. The mention of going to a bar to be surrounded by people when the new year starts also suggests a longing for social interaction and a feeling of isolation. The poster also mentions their nerdy demeanor and social anxiety killing any interest someone might have towards them, further emphasizing feelings of loneliness and a lack of connection with others."
"I spend every waking moment pondering my life purpose. I know I don‚Äôt have one. I get up, go to work to afford to pay every bill. I get up, go to class so I can have a career, to pay every bill and buy mundane things which add value to my life. But what is the point? At the end of the day, none of this matters. For anyone. No one has a purpose. Some people may be richer than others and can experience more things, but who cares? We all die anyway. Everyone spends 80-95 years chasing dreams that don‚Äôt matter, we‚Äôre all just existing to exist. This makes it hard for me to care about anything. Nothing matters to me. I‚Äôm in my last year of college and will have an education degree I plan to do nothing with because the thought of teaching 30 individuals to become something in life sends my anxiety through the roof. I truly just want to die and not deal with the unnecessary stress of life but that would then ruin the lives of my loved ones around me. I‚Äôm stuck. I‚Äôve been this way for about 3 year now. I don‚Äôt see a light at the end of the tunnel, and everyday I pray I‚Äôll die in a car accident or something so I won‚Äôt have to kill myself. I didn‚Äôt ask for any of this, I don‚Äôt want to be alive. I might need antidepressants but who knows",True,"The post expresses a deep sense of despair, hopelessness, and a lack of purpose in life. The poster mentions spending every waking moment pondering their life purpose and feeling like they don't have one. They express a lack of interest in their own education and future career, as well as a desire for death to escape the stress of life. The statement ""I don't see a light at the end of the tunnel"" suggests a feeling of being trapped and hopeless. This post indicates a strong sense of loneliness and isolation, as the poster feels detached from the meaning and value of life, and expresses a lack of connection with others."
"After I decided it's happening, I felt a calm close to euphoria. Went through my day, got everything ready, it was so calm in my mind, Wondering if anyone else did.",False,"While the post does mention feeling calm and close to euphoria, it does not directly mention loneliness. The poster mentions going through their day, getting everything ready, and wondering if anyone else did. This suggests that they are engaged in their daily activities and are curious about others' experiences, indicating some level of social connection. The focus of the post is more on the feeling of calmness and curiosity, rather than expressing a sense of loneliness."
everything is so painful. I hate my job with every fiber in me. I have no family. No friends. I work every single day and still don‚Äôt make enough to even get by. I have painful autoimmune disorders and multiple mental health problems. I was hit in a wreak that has made me suffer chronic headaches everyday. My roommate is making me leave a month before my lease for her own reasons. I‚Äôm so lost and helpless with no where to go. I just want out.,True,"The post expresses feelings of pain, hatred towards their job, and a lack of social connections with no family or friends. The statement ""I'm so lost and helpless with nowhere to go"" suggests a deep sense of loneliness and desperation. The post also mentions chronic health issues, which can further contribute to feelings of isolation and loneliness. The poster's desire to ""just want out"" implies a strong longing for escape from their current situation, which can be indicative of loneliness."
"I've decided to end my life tonight and I'm so scared. It's the only way out of my situation, but it terrifies me. I'm sorry. I hope I can go through with it.",True,"The post expresses a deep sense of despair and hopelessness, stating that the poster has decided to end their life. This extreme feeling of isolation and desperation is often associated with loneliness. The statement ""It's the only way out of my situation"" implies that the poster feels trapped and alone, with no other options or support available to them. The mention of being scared and hoping to go through with it further emphasizes the emotional distress and isolation the poster is experiencing."
"why does it hurt so much? Why can‚Äôt I be happy without it? There‚Äôs this empty void in my heart that gets bigger everyday. I‚Äôm just waiting until it eats me up, since I‚Äôll never have 2 sided love.",True,"The post expresses feelings of pain, unhappiness, and an emptiness in the heart. The mention of an empty void getting bigger every day implies a deep sense of loneliness and longing for something that the poster does not have. The statement ""I'll never have 2 sided love"" suggests a lack of reciprocal love or companionship, further emphasizing the loneliness experienced by the poster. The overall tone of the post is one of despair and hopelessness, signifying a strong presence of loneliness."
I want to kill myself,False,"Sorry to hear that you're feeling this way, but I can't provide the help that you need. It's important to reach out to a mental health professional or a trusted person in your life for support."
"I am almost 18 and I don't go out, ever, except when I have to go to school. Currently it's the winter break and all times I went out was when I had to take the trash. I have no real friends, only one that I met on a game 4 years ago. Ever since I was a child everyone told me that I'm so shy, I've been working on this problem and I think I improved. The eye contact is so important. I'm feeling so worthless and I don't know where life will lead me to. I'm also so sad because in 3 hours it's the NYE and everyone is supposed to have a good time partying and I'm staying here feeling insecure and lonely. I have severe acne and never had a girlfriend or even a kiss. When I'm talking to girls that I find attractive I stutter so bad and don't make eye contact but with the rest of people I think I'm improving. Also... serious overthinking. Things that happened 2 years ago and I still can't get them out of my mind. There are a lot of things that I don't like about myself that I can't remember now. I hope this year it will be better, i really do..",True,"The post expresses feelings of loneliness and insecurity. The poster mentions that they do not go out and have no real friends, except for one person they met online. They mention feeling worthless and unsure of where life will lead them. The poster also mentions feeling sad and insecure about not having plans for New Year's Eve, while others are supposed to be partying and having a good time. They express frustration with their social skills, stuttering and lack of eye contact with girls they find attractive. The mention of severe acne and never having had a girlfriend or a kiss further highlights their feelings of loneliness and isolation. The post also mentions overthinking and dwelling on past events, indicating a tendency towards excessive introspection and possibly rumination, which can contribute to feelings of loneliness. Overall, the post conveys a deep sense of loneliness, insecurity, and a desire for a better future."
"i am so goddamn hopeless. all i want to do is end it. i could have a happy life, i know that, but now is hard enough to make me not want that. i had a psychiatrist appointment scheduled on the 7th, but my dad found out and is in a fight with my mom about it, who keeps coming into my room to tell me its all my fault because i don't want to try to convince my father that i DESERVE to seek treatment for already diagnosed depression and ocd. i am tired. nothing ever gets better. tonight might be the night i go. i fucking hope so anyway.",True,"The post expresses feelings of hopelessness, wanting to end one's life, and frustration with familial relationships. The poster mentions having a scheduled appointment with a psychiatrist and the struggle with their parents to seek treatment for diagnosed depression and OCD. These statements suggest a deep sense of despair and isolation. The phrase ""I am tired. Nothing ever gets better"" indicates a lack of hope for improvement. The statement ""tonight might be the night I go"" suggests a potential desire for suicide as a means to escape the pain. The overall tone of the post conveys a deep sense of loneliness and desperation."
"I‚Äôve been depressed on and off for years. it‚Äôs to the point that I‚Äôve accepted it and it‚Äôs stuck in my head that money is the only thing that matters to me because I don‚Äôt feel love like I used to. mainly because I don‚Äôt experience it. my first relationship I was broken up with 29 days later because she said she didn‚Äôt feel like I loved her. it‚Äôs been 3 Years now and every since then I don‚Äôt want to give another person love. I don‚Äôt think I‚Äôm emotionally broken. I just don‚Äôt see a point in loving another person like I did before. why waist my time with that when I could make money instead? I like seeing the bills stack up. I legit even love the smell of it. I know it‚Äôs more to life then money and etc, but I don‚Äôt want that stuff. I was thinking yesterday about what I‚Äôd buy with my money and the answer is nothing. I just want it. and I beat myself up about it because I know better. I really do know money can‚Äôt buy happiness, but nothing makes me happy now except the thought that I have money. I don‚Äôt want to build connections with people. I just want money. can anybody relate?",True,"The post expresses feelings of depression and a lack of ability to feel love. The poster mentions a past failed relationship where they were broken up with because their partner didn't feel loved by them. This suggests a longing for emotional connection and a fear of experiencing rejection or loss again. The statement ""why waste my time with that when I could make money instead?"" indicates a preference for material possessions and financial security over emotional relationships, which can be a sign of loneliness and a desire for control or security. The poster also states that nothing else makes them happy except the thought of having money, further emphasizing a lack of fulfillment or satisfaction in other aspects of life. The closing question ""can anybody relate?"" suggests a search for understanding and connection from others who may have similar feelings or experiences, indicating feelings of loneliness."
"Where you feel really shitty but you still think positively of yourself in your head (im a kind person, a generous person, a clean person, etc) so that gives you some self esteem and you start to feel more confident, and them people (esp ones close to you) tell you the exact opposite? Like ""youre selfish"" or ""that thing you do is weird/gross"" or something like that? Its always been really hard for me to describe this experience but its the one thing that makes me cry almost every time, depending on how close the person is to me. and it happened again recently. its horrible how it feels. basically not even having confidence in your own traits and then being told you're the thing you DONT want to be and thought you were 100% not... like you FINALLY have a shred of happiness about youself but then youre told you dont even have that DOES THIS MAKE SENSE? It keeps happening and makes me feel worthless.",True,"The post expresses feelings of self-esteem and confidence, but also mentions feeling shitty, being told negative things by others, and feeling worthless. The poster describes a cycle of trying to think positively about themselves, only to be contradicted and criticized by people close to them. The emotions expressed, such as crying and feeling horrible, suggest a deep sense of sadness and low self-worth. The recurring nature of the experience and the statement ""it keeps happening"" indicate a pattern of emotional distress and potentially feeling isolated in their experiences. Overall, the post demonstrates a strong connection to loneliness and feelings of worthlessness."
I do not know how much more pain I can take. It hurts and I am tired of being ignored.,True,"The post mentions feelings of pain and being ignored, which can contribute to a sense of loneliness. The statement ""I am tired of being ignored"" suggests a desire for attention and connection with others. The overall tone of the post expresses a deep level of distress and sadness, further indicating feelings of loneliness."
"2016 has possibly been one of the worst years in my life, at least emotionally-wise. Yes, I've been progressing with my exams, I even got a part-time job and started saving something, but that's all that I've been doing. Last February my GF left the country to study abroad. Little did I know, I went to visit her in April and she broke up with me 10 days later. It's been a rollercoaster of emotions since then, and all I could do to keep me sane was studying and working. I didn't pursue any personal hobbies, apart from some sporadic gaming. I've been literally preparing exams and working almost non-stop and most of the time I went to bed very late. My soul has been sucked out; If I didn't have to work anymore and I finished studying, I wouldn't know what to do apart from staying on the computer. This new year poses some early choices I have to make. I want to do my thesis and continue saving money with my job, but I don't want to be working and studying without any free time anymore. I don't know how to live anymore. I feel like I need help, but I don't want to jeopardize everything like I did with my ex by exposing my insecurities. I feel that exposing my sadness would repel everyone around me. I feel my problems are too silly. Heck, I've been putting off this post for months now and I stopped halfway my stream of conciousness because there are far more serious problems to discuss about here than some indecision, burn-out and post-breakup trauma. Half of me keeps slapping my weak and fragile other half, but I'm not making any steps forward.",True,"The post indicates that the poster has experienced a series of emotional setbacks and losses in the past year, including the breakup of a long-term relationship. The poster expresses feelings of being emotionally drained and lost, mentioning that they have focused on studying and working as a way to cope with their emotions. The statement ""My soul has been sucked out"" suggests a deep sense of emptiness and sadness. Additionally, the poster mentions feeling the need for help but fearing that exposing their insecurities would push people away. This indicates a sense of loneliness and isolation, as well as a desire for support and understanding. The closing sentence, ""I'm not making any steps forward,"" further emphasizes the poster's feelings of stagnation and isolation."
"60 mg Cymbalta, 6 mg Vraylar, 300 mg Lithium. The side effects are a drag, but I wouldn't mind them if my depression was nullified. I just can't seem to find my vitality. Have any of you had success with alternate approaches? What do you guys do to get ""up and at 'em"" and stay that way? I'm just tired of harboring suicidal thoughts. Been struggling off and on for over a decade. Just want to reach out and say something. Thanks.",True,"The post mentions taking medications for depression and experiencing side effects. The statement ""I just can't seem to find my vitality"" suggests a lack of energy and motivation, which can be indicative of loneliness. The poster also mentions struggling with suicidal thoughts and wanting to reach out, which suggests a desire for connection and support. The overall tone of the post is one of sadness and exhaustion, further indicating a possible experience of loneliness."
"Eating healthy, exercising, socializing, cleaning, meditating, getting sunlight, talking to a therapist, etc. None of them have made a noticeable difference in how I feel, and I'm tired of trying to do them all when it's just more adding to my struggle.",True,"This post expresses a sense of frustration and exhaustion from trying various activities to improve one's emotional state. The mention of eating healthy, exercising, socializing, cleaning, meditating, getting sunlight, and talking to a therapist indicates a desire to take care of oneself and seek support. However, the statement ""None of them have made a noticeable difference in how I feel"" suggests that despite these efforts, the poster is still experiencing negative emotions. This could indicate a sense of loneliness or emotional isolation, as the poster is feeling alone in their struggle despite trying different activities and seeking help."
"Yep. Women use me to boost their self esteem, and then they throw me away. Why am I alive? Why was I born to be a throw away?",True,"The post expresses feelings of being used and discarded by women, which suggests a lack of meaningful connections and being treated as disposable. The questions ""Why am I alive? Why was I born to be a throw away?"" indicate a deep sense of sadness, despair, and questioning one's worth and purpose. These emotions and experiences are commonly associated with loneliness, as the individual feels unvalued and disconnected from others."
"so.. hi... im a 17 y/o guy living in southern mississippi. i have a girlfriend whos younger than me. and at first everything felt great, she made me happy. first of all some background, ive struggled with depression for almost my whole life considering i was bullied hard in elementary and middle school. the sadness strengthened its grip on my throat around freshman year of highschool because of a break up i went through, and yeah i know its stupid. but anyways after that, i lost my religion after a while and growing up in south mississippi if youre not christian youre fucked. i also eventually stopped being straight. even worse. after all this i got around 11th grade and school was fucking my life up and just making me so stressed i started having heart palpitations. okay now back to what i was gonna say before. everythings great between me and her. its just she used to make the bad thoughts go away, but now theyre back and they brought a fucking army. i just dont know what to do anymore. ive pretty much given up on ever feeling happiness again. honestly, it feels like all color is just fading away.",True,"The post expresses a sense of deep sadness, loneliness, and hopelessness. The poster mentions struggling with depression since childhood, being bullied, going through a difficult breakup, losing religion, and facing challenges with their sexuality. These experiences have had a profound impact on the poster's mental state and have contributed to feelings of stress and hopelessness. The statement 'everythings great between me and her' suggests that despite being in a relationship, the poster still feels the presence of negative thoughts and emotions. The phrase 'its just she used to make the bad thoughts go away, but now they're back and they brought a fucking army' further emphasizes the loneliness and despair the poster is experiencing. The closing sentence 'honestly, it feels like all color is just fading away' serves as a metaphor for a loss of joy and happiness in life, highlighting the poster's deep sense of loneliness."
That's two major holidays within 8 days. It's a bit overwhelming ...,False,"The post simply mentions that having two major holidays within 8 days is overwhelming. There is no mention of loneliness or any specific emotions related to loneliness. The focus of the post is on feeling overwhelmed, rather than feeling lonely."
"So being generally young (mid teens) everybody tells me ‚Äúohhh your so young and cute you don‚Äôt need a relationship‚Äù why is this? Is it so bad that I don‚Äôt want to be so lonely? I want somebody to tell me ‚Äúyou don‚Äôt have to kill your self I‚Äôm here for you, you don‚Äôt have to say this or that I‚Äôm here to listen and help‚Äù is that so bad? Is it bad I just want to fill the empty emotionless void with somebody who could actually care and give me the love and attention I need? Somebody tell me why is that so bad. I just want to not be alone and have to cry myself to sleep to not feel so alone at night. I want somebody who means it when they say ‚ÄúI love you and I‚Äôm here for you‚Äù relationships may not seem important to you but their important to me, why is that so bad? Somebody please tell me is it not okay?",True,"The post expresses a strong desire for companionship and a deep longing to have someone who can provide emotional support. The poster mentions being told that they don't need a relationship because they are young and cute, but they question why it is seen as bad to want to fill the emotional void and have someone who cares for them. They mention feeling lonely and crying themselves to sleep at night, emphasizing a deep sense of isolation. The poster seeks validation and asks for someone to tell them if it is not okay to desire a relationship. These feelings of longing for connection, loneliness, and the need for emotional support indicate that the poster is suffering from loneliness."
"I have great friends and I've been talking to this cute girl who seems to like me, but... ugh. I still feel so lonely. And it just feels inescapable because I have all these people that I should like around me.",True,"The post mentions having great friends and talking to a cute girl who seems to like them, which suggests that the poster has some level of social connection. However, despite this, they still express feeling lonely. The statement 'ugh. I still feel so lonely' indicates a sense of dissatisfaction and discontentment despite having people around them. The phrase 'it just feels inescapable' suggests that the feeling of loneliness is persistent and overwhelming. The post acknowledges the presence of other people but implies that they are unable to fill the emotional void the poster is experiencing."
"On NYE, I downloaded a habit tracking app. I had tried to make a paper notebook one but just couldn't be motivated to do it. Technology to the rescue! Yes, it's only be 3 days. And no new habits have been formed. But it's been a good way to make sure I'm doing all the self care things I've been setting aside when I'm having a bad day: flossing, washing face, brushing teeth, drinking enough water, taking Vitamin D etc. At the end of the day (or before work if I'm working swing shift) I go over the list, see what else I can do. There's a nice little feeling of accomplishment when I press the check mark. That's how I'm going to beat this, how I'm going to get to where I feel like I want to live, one small accomplishment at a time.",False,"The post does not express any feelings of loneliness. The poster focuses on using a habit tracking app as a way to practice self-care and achieve small accomplishments. They mention feeling a sense of accomplishment when checking off completed tasks, which suggests a positive mindset and motivation to improve themselves. There is no mention of longing for companionship or feeling lonely."
"I‚Äôve tried a lot of medicines over the past 2 years, even a combination of some, but ultimately I stopped taking them around September because I didn‚Äôt feel like I should have been taking as much as I was for as little result as I was getting. Things have surprisingly been going really well since I stopped medication BUT I still struggle with anxiety on a daily basis. Mostly overthinking everything and just letting my thoughts get the best of me. I have a really good dr. His son struggles with depression so he‚Äôs more familiar with mental health issues then your generic pediatrician. He‚Äôs kept me away from some of the more high risk medicines, but also takes into consideration what I have to say based on how I feel and the research I‚Äôve done. Just gathering thoughts and opinions on what‚Äôs been successful for some of y‚Äôall.",False,"The post mentions trying different medications for the past 2 years and struggling with anxiety on a daily basis. However, there is no mention of loneliness or feelings of isolation. The focus of the post is more on seeking advice and opinions on what has been successful for others in dealing with anxiety. The poster also mentions having a good doctor who is knowledgeable about mental health issues, indicating some level of support and access to professional help. Therefore, based on the emotions expressed in the post, it does not indicate that the poster suffers from loneliness."
"And so, I have 5 years, 30 minutes till I kill myself. I don't like celebrating my birthday anymorex, not since I was 19. But I'm living with my parents and they insist on taking me for lunch tomorrow, with my grandma. I dont wanna go to school either. We'll be buying cake for me and another girl whose birthday was earlier this week but it makes me extremely anxious just to have ppl know it is my birthday because I just don't enjoy living anymore, I have no friends in this city, I isolate myself more and more everyday, and I feel that makes me look pathetic and sad before everyone's eyes. Only good thing, found put my mom bought some bluetooth earphones as my gift. I'm so fucking tired.",True,"The post mentions feelings of wanting to kill oneself, not enjoying celebrating their birthday, not liking living anymore, and feeling isolated and pathetic in front of others. These expressions of hopelessness, sadness, and isolation strongly suggest that the poster is experiencing deep loneliness. The mention of not having friends in the city and isolating themselves further emphasizes their lack of companionship and social connection. The closing sentence, expressing exhaustion, further highlights the emotional toll that loneliness can have on a person."
"I feel like a machine. I'm just functioning. I'm not happy anymore, I don't enjoy my hobbies, I don't enjoy drawing or painting, everything just doesn't make sense to me. I'm afraid of moving out, leaving my beloved cat behind, my dad and everything I've ever known. There will be so many changes.. Of course I love the thought of living with my boyfriend and I love our apartment, but I just feel like there's a tight grip around me. On New Years Eve, I told my boyfriend that I feel bad, that I'm wishing to have a car accident, that I just want everything to stop. He got angry, told me that I'm selfish and that I should stop with these thoughts. I would never ever kill myself, I could never do it. So no worries. I started hurting myself again, biting my arms, biting my lips. Nobody knows how I feel. Nobody. I feel alone even if I have a wonderful boyfriend and good friends. I want to throw everything away, destroy all the things I don't need anymore, sit down and cry, but I can't even cry anymore. I feel numb. Sorry but I had to let go of these things.",True,"The post expresses a deep sense of sadness and emptiness. The poster mentions feeling like a machine, not being happy anymore, and not enjoying their hobbies. They also mention feeling afraid of moving out and leaving behind their loved ones, which suggests a fear of loneliness and change. The mention of telling their boyfriend about feeling bad and wishing for a car accident indicates a desire to escape from their current state of loneliness and despair. The poster also mentions hurting themselves, feeling alone despite having a good boyfriend and friends, and wanting to throw everything away and cry. All of these emotions and experiences point to a profound sense of loneliness and isolation."
"I always feared people's judgement. I never wanted to be known as the weird one or the outsider. I always kept to myself. No one really bothered me, but no one really cared for me either. I was in the middle, not bad enough to be hated, not good enough to be loved. I was content with this position for a while, but it was lonely. I would always sit at home, while others would go out and actually do things with friends. I would lament my existence, and question if I was ever good enough. The truth is I am afraid to just be who I am around people. I have seen how people treat others who are different. They can be mean and cruel. Their avoidance can hurt and damage, and their ridicule can cut and bruise. I have been on the receiving end of cruelty, and I would rather not go in depth about it. People don't accept me now, even as docile and non-aggressive as I am, so how would they accept me if I was myself? I worry they would think I am weird and annoying, even though I don't mean to be at all. I just want to be accepted and appreciated as I am, but I worry people won't agree with that.",True,"The post expresses feelings of fear of judgment, being seen as the ""weird one"" or the ""outsider,"" and longing for acceptance and appreciation as they are. The statement that they were content with their position for a while but it was lonely suggests a sense of isolation and longing for deeper connections. The poster mentions sitting at home while others go out with friends, lamenting their existence, and questioning if they were ever good enough, which further emphasizes feelings of loneliness. The fear of being themselves around others due to past experiences of cruelty and ridicule indicates a fear of rejection and a desire for authentic connection. Overall, the post demonstrates a deep sense of loneliness and a longing for acceptance and understanding."
"I use to be a very antisocial person spending all of my free time alone either watching tv or teaching myself instruments and in high school I became really close to a group of three making us 4. We did everything together from eat lunch to hang out after school to going to concerts and movies and I have to say it was the best time of my life so far. But probably a month or two ago I got into a really bummed out state where I just needed support to get through it. But what did they do, pushed me away and said we don‚Äôt like being with you when you are sad because it brings the rest of us Down. That of course made me even sadder and they stopped inviting me to hang out with them after school and it‚Äôs really really hard for me. Specifically one of them has a problem w me and doesn‚Äôt like me anymore so since he is more alpha than I am, the other two just follow him and push me out. I don‚Äôt care about repairing my friendship with that one friend because he is an asshole looking back on it, but because of him my other friends won‚Äôt talk to me. I‚Äôve been spending most of my time alone in my room thinking about this and I know it‚Äôs unhealthy and I need to just move on but I can‚Äôt. I‚Äôve been friends with them for about 2 1/2 years and it was over like that. I reach out to the other two and tell them how I feel but they won‚Äôt respond. I need some help because going back to being alone watching tv in my room doesn‚Äôt do it for me anymore.",True,"The post expresses feelings of sadness, frustration, and loneliness. The poster mentions being a former antisocial person who spent a lot of time alone, but then formed a close group of friends in high school. This suggests that they valued social connection and enjoyed the companionship of their friends. However, the poster explains that their friends pushed them away and stopped inviting them to hang out after expressing sadness. This rejection by their friends has left them feeling very lonely and isolated. The statement ""I've been spending most of my time alone in my room thinking about this"" further emphasizes their loneliness. The poster also mentions reaching out to their friends to express how they feel, but receiving no response, which adds to their sense of isolation. Lastly, the statement ""I need some help because going back to being alone watching TV in my room doesn't do it for me anymore"" indicates a desire for support and companionship, further highlighting their loneliness."
That's all. Nothing has gotten better and I've tried so hard. It's gotten worse and I've been through so much pain I just want it to stop I just don't know why I'm alive I just wish I'd died when I had tried,True,"The post expresses feelings of despair, hopelessness, and wanting the pain to stop. The statement ""Nothing has gotten better and I've tried so hard"" suggests that the poster has been struggling for a while without seeing any improvement. The mention of going through ""so much pain"" and the desire to have died when they had tried indicates a deep emotional distress. The overall tone of the post is one of sadness and despair, indicating a possible sense of loneliness and isolation."
"excepting me, I wish to me one only more pain. I don't deserves for anything else. and probably my problems is so stupid and trivial. I probably just delete it's because it's just pile of shit, like me. So just skip this post, don't even vote...",True,"The post expresses feelings of self-doubt, worthlessness, and despair. The poster mentions feeling like they don't deserve anything and describes their problems as stupid and trivial. The statement 'I probably just delete it's because it's just pile of shit, like me' indicates a deep sense of self-deprecation and low self-esteem. The closing sentence 'So just skip this post, don't even vote...' suggests a desire to be ignored or overlooked. These feelings of self-doubt, worthlessness, and the desire for avoidance indicate a strong sense of loneliness and isolation."
"I have dysthymia and have dealt with suicidal ideation privately for years, but over the past 6 months and especially over the last 48 hours it has gotten really really bad. I feel like I am two people right now. One version is ready to go and has a solid plan for how to do it. The other version is horrified and sick at this. I am preventing myself from acting by reminding myself of how much I'm needed at work tomorrow, by thinking of how dependent my pet cat is on me, by imagining how much this will hurt my friends. The two sides are battling it out. I don't think I'll act on my suicidal thoughts tonight, but I may within the next few days. I don't know what to do. I'm broke and can't handle an ER bill. I definitely can't go to family with this and I'm afraid to go to friends. I have a therapist but won't see her until Sunday. I don't know what to do but I know I have to do something. Please suggest something",True,"The post mentions having dysthymia, which is a form of chronic depression, and dealing with suicidal ideation privately for years. This indicates a long-standing struggle with mental health and feelings of despair. The poster describes feeling like two different people, one ready to act on their suicidal thoughts and the other horrified and sick at the idea. This internal conflict suggests a deep emotional pain and a sense of isolation that comes with battling such intense thoughts alone. The poster expresses a fear of reaching out to family and friends, which further emphasizes their feelings of loneliness and desperation. The closing sentence, ""I don't know what to do but I know I have to do something,"" highlights the individual's desperation for help and their desire for someone to offer support and guidance."
"I‚Äôm still young. I can get along alright enough with people. I‚Äôm average looking. But I have no friends. I have people that I hang out with, have fun with, but nobody that I really connect with. I don‚Äôt have that person that you can lean on, that you could trust with secrets, that you could just sit and be fine. I don‚Äôt know what I‚Äôm going to do either. Any time I try to imagine the future, I‚Äôm just met with this crushing weight and I just wonder if it would be better to just kill myself instead of trying. And then their are my mistakes. All I can see when I look back at my life are a series of mistakes. So many fucking mistakes. Does anyone else ever fantasize about just dissapearing and starting over? Or just cutting all ties and pretending to disappear so you can kill yourself? Or wish that you could just be natural, just be your fucking self with anybody, literally anybody? Or just do anything right. Just to have a purpose. A fucking purpose. Life just seems so meaningless. Like what the fuck is the point. I just can‚Äôt seem to find anything that makes life worth living. I have hobbies and things that I can enjoy but their just distractions. They just help me from sitting and thinking and wallowing in self pity. Why can‚Äôt I just not care",True,"The post expresses feelings of loneliness, longing for deeper connections, and a lack of purpose in life. The poster mentions not having any friends that they truly connect with and feeling like they have nobody to lean on or trust. They also express thoughts of suicide and a desire to start over or disappear, indicating a deep sense of hopelessness and isolation. The mention of making mistakes and feeling like they can't do anything right further adds to the feelings of loneliness and despair. The post overall conveys a strong sense of loneliness and a lack of fulfillment in life."
"I‚Äôve said my goodbyes. I think I‚Äôm ready and I broke up with my boyfriend, hopefully since he‚Äôll find out later and/or not at all or won‚Äôt hurt him. I just have no more energy left for the life I‚Äôm living.",True,"The post mentions saying goodbyes and breaking up with the poster's boyfriend. This suggests that the poster is experiencing a significant loss in their life, potentially losing a romantic partner. The statement 'I just have no more energy left for the life I'm living' indicates a deep emotional exhaustion and possibly a sense of hopelessness. This combination of loss, emotional exhaustion, and hopelessness can contribute to feelings of loneliness as the poster may feel disconnected and unsupported in their current state."
"For years leading up to this point, I had been eating healthy, exercising, I had friends and was doing well in my life, had no major health problems. I almost never get sick (even now). I'm comically healthy. All my vitamin levels are good. At the start of this crisis, my doctor raved about my amazing cholesterol numbers, thyroid was good etc. etc. So, It doesn't correlate to events in my life, or to my ""actual"" feelings, or to my physical health. So why did I get cripplingly depressed all of a sudden? The brief period where I was exposed to just a little too much lead as a kid? When I fell on my head and got a crack in my skull at age 2? My parents don't eat that healthy and I didn't start eating right until my teens. I have psoriasis so technically I have an inflammatory disease. Is it one of these things?? What went wrong for me to be otherwise so successful, but suddenly want to die? Why does no one know what causes depression??????? For those with inexplicable depression, what's your favorite theory?",True,"The post expresses feelings of confusion, frustration, and despair regarding the sudden onset of depression. The poster mentions leading a healthy lifestyle, having friends, and being physically healthy, which could suggest that they have some level of social connection. However, the main focus of the post is on the emotional and mental struggles they are experiencing, particularly the feeling of wanting to die. The closing statement 'Why does no one know what causes depression???????' highlights the sense of loneliness and isolation that comes with not understanding the cause of their depression and not being able to find answers or support from others."
"I have depression and have struggled with suicide. I‚Äôm currently in college and being in it has made me realize how much life sucks. I know things are worst in other places but the following thing bother me: 1.)All we do is go to school to get a career we don‚Äôt like and work to pay bills. 2.)I have no interested and I don‚Äôt have fun doing anything. 3.) College just makes me very depressed I feel like I can‚Äôt succeed in anything and that I‚Äôm wasting money. 4.) The factor that people hate each other for no reason. (Politics, Race, Sexuality etc.) Someone please help me I also take depression meds and talk to my doctor about how they don‚Äôt work and none of the counseling or therapy I‚Äôve had helps",True,"The post mentions having depression and struggling with suicidal thoughts, which are indicators of a potential feeling of loneliness and isolation. The poster expresses feelings of dissatisfaction with life, lack of interest and enjoyment in activities, and a belief that they cannot succeed in anything, which suggests a deep sense of hopelessness and disconnection. The mention of taking medication for depression and seeking therapy further reinforces the sense of loneliness and desperation for help."
"My depression has always involved a lot of self blame, guilt, and self hatred, as well as anger and emptiness. I would always take it out on myself, first by throwing myself off my bike once when riding down a hill, then cutting myself, which eventually stemmed into burning, scratching, and punching walls, but recently I've been getting extreme anger towards the people who have hurt me in my past, and especially my old school, where a lot of very bad events happened to me. I'm having urges to sneak in one day (school is out where I live currently) and start smashing windows and breaking computers and just destroying anything I can find in that shithole. I'm past the point of caring anymore, if I get caught and arrested I'll just kill myself, I just can't give a shit about anything anymore, I'm feeling more and more risky and I feel like I have to do this. I really don't know what to do, these thoughts won't stop and I have to do what they're telling me.",True,"The post mentions feelings of self-blame, guilt, self-hatred, anger, and emptiness, which are common emotions associated with loneliness. The poster also mentions engaging in self-harm behaviors as a way to cope with their emotions, which can be a sign of feeling isolated and lacking support. Additionally, the extreme anger towards people who have hurt them in the past and the desire to destroy things at their old school could be a manifestation of the poster's loneliness and feelings of not being understood or heard. The statement that they ""can't give a shit about anything anymore"" and feeling more and more risky suggest a deep sense of despair and hopelessness, which are also associated with loneliness. Overall, the post expresses a profound sense of emotional pain and isolation, indicating that the poster likely suffers from loneliness."
"When I look at everyone around me, they all seem happy and motivated to live out their lives at least to some degree. They look like they have passions, and interests and things to live for. I can't seem to find any of these things for myself anymore. Everything feels so mundane. Pointless. I work and work and work and then I get this tax return that's lessens as I work harder. And for what? To build this life over my span of consciousness just to have it all disappear and mean nothing when I die? Life is painful. I feel like I have to fake emotions and reactions to things just to get through the day looking ""normal"" to everyone around me. This inescapable feeling of hopelessness just won't go away. No matter what I do. I try and change something and it still hangs over me. I feel like no one will understand the way I feel. I can't even fully understand it, let alone put it into words. I can't even bring myself to end it all because I think of how much it would hurt the only family I still have left. Everytime I've come close to ending my life, my mind floods with images of my sister finding my body and just breaking down. I can't bare to make her or my brother live with the pain of another dead family member after also losing our mom and dad.",True,"The post expresses a deep sense of emptiness, hopelessness, and despair. The poster mentions feeling unable to find any passions or interests, and everything in life feels mundane and pointless. They mention having to fake emotions and reactions to fit in with others, which suggests a lack of authentic connection. The statement ""I feel like no one will understand the way I feel"" indicates a feeling of isolation and the inability to find understanding and support from others. The poster also mentions contemplating suicide but is prevented from doing so by the thought of the pain it would cause their remaining family members. This indicates a profound sense of loneliness and feeling like there is no one to turn to for support in their darkest moments. Overall, the post demonstrates a deep sense of loneliness and hopelessness."
Yup. Everyone is out getting drunk and being reckless (like every other 19 year old). Here I am in a empty parking garage eating McDonald's because my parents forgot to save me some dinner. I hate my life.,True,"The post mentions feeling left out, being alone in an empty parking garage, and eating alone because the parents forgot to save them dinner. These details suggest a sense of isolation and being excluded from social activities. The statement 'I hate my life' conveys a deep dissatisfaction and sadness, which can be indicative of loneliness."
"I bought myself a late christmas gift(even though I didn't deserve it as I wasted another year). Doesn't really matter what it is - it was broken. I could just get a refound from the store, but I couldn't make a call, instead sit in my room and cryed like a bitch. I feel like shit now.",False,"The post expresses feelings of self-doubt and disappointment, but there is no mention of loneliness. The focus is more on the frustration of wasting another year, the broken gift, and feeling like a failure. While the poster does cry alone in their room, this does not necessarily indicate loneliness, as people may cry alone for various reasons. Without any explicit mention or indication of loneliness, it cannot be concluded that the poster suffers from loneliness based on this post."
Two days from now I'm going to be 26 and I don't know why I'm not looking forward to it.,False,"The post does express a lack of enthusiasm towards the upcoming birthday, but it does not explicitly mention feelings of loneliness. The poster does not mention any desire for companionship or lack of social connection. The focus of the post is more on the lack of excitement for their birthday, rather than any feelings of loneliness."
"I had to go to a specialist doctor due to heavy inflammation and pain chronically, he asked for blood work and I have yet to go (appointment was in October). I'm not sure if I'm avoiding this because -it could all be in my head, and there's nothing physiologically wrong with me -or because I'm dying and wouldn't be as upset then the first option.... yikes.",False,"The post does not express feelings of loneliness. The poster is discussing their experience with a specialist doctor and their fear or uncertainty about the potential reasons for their symptoms. While the post does mention potential negative outcomes, such as the possibility of there being nothing wrong or even dying, these thoughts do not directly relate to loneliness."
"That‚Äôs what wrong. I know I‚Äôm in pretty deep depression, my life has changed so flipping much in the last 6 months. My happy-enough marriage has changed drastically, bringing us closer together but presenting other extremely difficult challenges. Announcing that my spouse is transgender, and so is my kid, is trying. I can only imagine what my wife is feeling about everything. I‚Äôve lost nearly my entire family because of these changes, my wife‚Äôs sister has disowned us, her parents are sort of supportive yet very transphobic. I hate that I have had to choose my wife over the family I grew up with, but I‚Äôd make that choice a million times over, no regrets. My mother has been nothing but cruel and evil. Everyone else is too close to her to reach out or keep in my circle. I don‚Äôt know what the point of my post is. I‚Äôm just so down and don‚Äôt want to vent to my wife right now.",True,"The post mentions feeling deep depression, significant changes in their life, difficult challenges within their marriage, and losing nearly their entire family due to these changes. The mention of their spouse being transgender and their child also being transgender adds to the complexity and emotional strain they are experiencing. The poster expresses feeling alone and isolated, as they mention not wanting to vent to their wife at the moment. They also express sadness with the statement ""I'm just so down."" Overall, the post reflects a sense of deep loneliness and despair."
"Hi all fellow friends who are suffering from depression! I have IBS, suffer from sleep paralysis almost every single night, be a paranoiac. To add to that, I had bone fractures which forced me to go through 2 painful surgeries over the span of 3 years (the first one to add a fixation device to my bone and the second one to remove it). The amount of antibiotics and painkillers I used only makes all the symptoms I have much worse. Sometimes I feel like I am the most unfortunate person in this world. And as a result, the fact that I have all these symptoms in my 20s when all my friends around me are super healthy makes me suffer from depression as well. Things have been hard for me for a few years. I don't want to go out and meet strangers and spend most of my time in my room. However, a new year has come and I am determined to regain control over my life. I don't want to give in to these diseases that easily. I am too young and I have to support my family as well. I have maintained a habit doing exercises everyday for 2 weeks (running and hitting the gym). Now I want to start reading to understand more about all the aspects of mental health. I would be much grateful if you guys can recommend any books you think would be of great help to a person fighting mental illness. Tks for reading and sharing!",True,"The post mentions multiple physical health issues, such as IBS, sleep paralysis, and bone fractures, which have caused the poster to undergo painful surgeries and rely on medications that worsen their symptoms. These physical ailments, along with the mention of depression and feeling like the most unfortunate person in the world, indicate a great deal of suffering and hardship. The poster mentions not wanting to go out and meet strangers, preferring to spend most of their time in their room, which suggests a lack of social interaction and potential loneliness. However, the post also shows determination to regain control over their life and seeks recommendations for books on mental health, indicating a desire for self-improvement and potential willingness to connect with others for support. Overall, the combination of physical and mental health challenges, feelings of suffering and depression, and limited social interaction point to a potential experience of loneliness."
"Sometimes without even meaning to, I will just sit here and think about the accumulative shit that went on in my childhood that has resulted in this depressed mess. Like, it isn't one thing, but rather a whole string of things that eventually connect when you think back on it. Sometimes it keeps me up at night (posting this at 5:05 am right now)",True,"The post mentions thinking about the negative experiences and hardships of the poster's childhood that have resulted in their current state of depression. The phrase 'depressed mess' indicates a deep sense of sadness and emotional turmoil. The poster also mentions that these thoughts keep them up at night, which suggests feelings of loneliness and isolation. The mention of posting at 5:05 am further points to a disrupted sleep pattern, which can be indicative of loneliness and emotional distress."
"I have no job, no friends and no girlfriend. All I do is play video games, hang with my dog and workout for an hour. I‚Äôm so bored with life. Worse part is I don‚Äôt wanna do anything. I don‚Äôt wanna socialize, don‚Äôt wanna go out, nothing really feels worthwhile and genuinely interesting. I‚Äôm almost 30 and life has lost all purpose. All I wait for is my next hour at the gym everyday.",True,"The post mentions having no job, no friends, and no girlfriend, which indicates a lack of social connections. The poster also mentions spending most of their time playing video games, hanging out with their dog, and working out, which suggests a lack of fulfillment and boredom in their life. The statement ""I don't wanna socialize, don't wanna go out"" further indicates a disinterest in engaging with others and a possible feeling of isolation. The statement ""All I wait for is my next hour at the gym everyday"" implies that the poster finds solace and purpose in this solitary activity, which may indicate a lack of meaningful interactions and potential loneliness."
"The title basically says it all. I'm 22, got into school about a year and a half ago and this semester isn't going well. I have a 3.33GPA at the moment but I can tell it's going to drop to a point where I'm not going to be able to recover. I have to work as well and the hours are killing me sometimes working until 1 in the morning. I'm tired all the time and dont even really know what I'm doing half the time. I know if I fail this semester or end up dropping out for a second time I'll lose it anyway. I dont want to be a worthless piece of shit anymore but I cant seem to grasp anything. I don't even know what to do anymore or how muc hbk longer itll take for me to do it but I know it's coming. I just need to vent beforehand because I know its coming",False,"While the post does express frustration, exhaustion, and a sense of worthlessness, it does not directly mention feelings of loneliness. The focus of the post is more on the difficulties faced in school and work, as well as the fear of failure. While the poster may be experiencing stress and overwhelm, there is no indication of a lack of social connection or longing for companionship."
"Im autistic, with disabilities and unable to go out on my own. I soend most my time alone. I have no family but care workers come a few hours a day to care for me. Sometimes its ok, other times like now I end up crying. The last visitor I have had, other than care staff was 24th December.... I get communication online some... But not to much... And its just not the same as soending time in person. That person has not messaged since. Im missing human contact. Im unsure who really is a friend and who is not. I am so lonely. I feel so unwanted... Any advice welcome",True,"The post mentions several indicators of loneliness. The poster mentions being autistic with disabilities and unable to go out on their own, leading to spending most of their time alone. They mention having care workers who come for a few hours a day, but this is not enough human contact. The post expresses a desire for in-person communication and a sense of missing human contact. The poster also mentions feeling unsure of who their true friends are and feeling unwanted. These feelings of isolation, longing for human connection, and uncertainty about friendships all contribute to a strong sense of loneliness."
"I don't want to work, I don't want to travel, I don't want to go back to college, learn new things, go out, meet people, date, exercise, cook, read books, write, eat, or anything else. I have nothing to live for and I don't think that's going to change. The only thing I can honestly say I want to do is to be dead.",True,"The post expresses a lack of motivation and interest in various activities, such as work, travel, education, socializing, and personal hobbies. The poster states that they have nothing to live for and express a desire to be dead. These statements suggest a deep sense of despair and hopelessness, which are common indicators of loneliness and a lack of meaningful connections with others. The post also mentions that the person does not believe this situation will change, further highlighting their feelings of loneliness and isolation."
"I have phases where I feel nothing but my existance, of which I dont want. I will be lucky if I get nore than 5 replies and thats bumping the number up.",True,"The post mentions feeling nothing but their existence, which suggests a sense of emptiness and lack of fulfillment. The statement ""of which I don't want"" implies a desire for something more than just existing, indicating a potential feeling of loneliness or isolation. The mention of being lucky to receive more than 5 replies and bumping up the number suggests a craving for social interaction and connection. Overall, the post expresses a sense of longing for deeper emotional connections and a potential experience of loneliness."
I deserve to suffer for everything I have done. I hope I continue to feel pain so I can make up for the shit I caused.,False,"The post does not directly mention feelings of loneliness. The focus of the post is on self-punishment and feeling pain as a form of atonement for past actions. While the post suggests negative emotions and a sense of guilt, it does not provide evidence of loneliness."
"My sadness has been dragging me for weeks and today, I'm too lazy to do the things I normally do. Even the things that I want to do. I wasn't able to go to school today because it was really hard to get out of my bed. I'm not even in the mood to play games. Every minor thing that bums me out affects me drastically. I haven't tried going to the hospital regarding my mental health and I am not sure if this is all just in my head or I really have depression.",False,"The post expresses sadness, laziness, and a lack of motivation, which could be indicators of loneliness. The poster mentions not wanting to do the things they normally do and not being in the mood for anything, which suggests a disinterest in activities that could potentially provide social connection. However, the post also mentions being unsure if all of this is just in their head or if they really have depression, which indicates that there may be other factors contributing to their emotional state. Without more explicit mention of feelings of loneliness or isolation, it is difficult to definitively label the poster as suffering from loneliness."
"So I started therapy a couple weeks ago, and I just dont feel like it works at all. My mother drives me 30-45 minutes away, for me to sit in a couch in front of a professional, while I only say one-word sentences. My therapist suggested journaling. She said she would read them if I let her, so maybe I say it on paper and give it to her tomorrow, and hopefully I can get this mess sorted out.",True,"The post mentions starting therapy, feeling like it's not working, and struggling to communicate with the therapist. These feelings of dissatisfaction with therapy can be indicative of loneliness, as therapy is often sought out as a means of support and connection. The mention of the mother driving the poster to therapy suggests a lack of independence or social support, which can contribute to feelings of loneliness. The idea of journaling and giving the entries to the therapist indicates a desire for connection and understanding, further suggesting a sense of loneliness."
It's so easy why didn't I do this when I was 13 I wish to be nothing like me,False,"While the post does express some degree of regret and dissatisfaction with oneself, it does not directly mention feelings of loneliness. It focuses more on a desire to be different and feel better about oneself. Loneliness is not explicitly mentioned or implied in this post."
"Everyone lies, everyone will backstab you in the end. Better off never saying anything.",False,"While the post expresses a lack of trust and a negative view of people, it does not directly mention feelings of loneliness. The focus is on the belief that everyone lies and will eventually betray the poster, rather than a deep sense of isolation or longing for companionship."
"Sometimes when I am overwhelmed with anxiety I go crazy. My mind cannot focus or complete any task and I act extremely irrationally. I crave to do something irrational, such as fuck an oxy addict, drink myself to oblivion or message my ex. I end up messaging people im close to, sharing too much information about myself and my mental state to them. wtf is this lmao",True,"The post mentions feeling overwhelmed with anxiety and acting irrationally, which suggests a state of distress. The poster expresses a craving to engage in destructive behaviors and mentions messaging people close to them and sharing personal information about their mental state. This behavior could be seen as a desperate attempt to seek connection or support, indicating a possible sense of loneliness. The closing statement 'wtf is this lmao' may indicate a mix of confusion, frustration, and a sense of isolation in dealing with their emotional state."
"For some reason my insecurities have been super intense lately as I lay here these words keep repeating. Fat, useless ,uneducated, LAZY I‚Äôve never felt this empty and emotionless, Today I didn‚Äôt even smile once all I could feel was I‚Äôm exhausted and kept staring off into blank space I don‚Äôt understand why My brain has decided I don‚Äôt deserve dopamine or Serotonin. What the fuck have I done to deserve to be this fucking empty I don‚Äôt even feel good enough to call myself hot I feel physically sick just thinking about someone else having to touch me. I haven‚Äôt wanted to drink alcohol so bad until today my past addictions or vices I should say are trying to creep inside me again the only reason why I think I‚Äôm strong enough to say no to it is because I have someone important to me keeping me very grounded.",True,"The post expresses intense insecurities, feeling empty and emotionless, and a lack of self-worth. The poster mentions feeling exhausted and staring off into blank space, indicating a lack of motivation or interest in their surroundings. The statement ""I don't even feel good enough to call myself hot"" suggests a negative body image and low self-esteem. The poster also mentions past addictions and vices, indicating a struggle with negative coping mechanisms. However, they mention having someone important who keeps them grounded, suggesting that they do have some level of social support. Overall, the post indicates a deep sense of loneliness and internal turmoil."
"Anybody else? I'm an aspiring screenwriter and I write my best stuff when I'm in the dark places my depression takes me. I stopped seeing my therapist and stopped taking my medication (sertraline) because I'm scared I'll never get to go to that place again and my writing will suffer because of it. It's ruining my life but it's helping me make a better one for myself. It's the weirdest fucking thing. I guess I could be take my medication like a good little boy, give up on ambition and go work in retail like everybody else I know. But I'm stubborn. I need somebody to talk to. For those wondering: male, 23, recovered alcoholic (nearly 5 years sober), depression began at 18.",True,"The post mentions the poster's depression and how it takes them to dark places, which implies feelings of loneliness and despair. They express that writing in those dark places helps them create their best work, but it is ruining their life at the same time. This conflicting statement suggests that the poster may feel isolated and alone in their struggles with depression. They also mention stopping therapy and medication out of fear that they will lose their ability to access those dark places and that it will affect their writing. This indicates a lack of support and a desire for someone to talk to. The closing sentence, where they mention being stubborn and needing someone to talk to, further emphasizes their feelings of loneliness and the need for companionship."
"I'm on a mobile and first time posting, long time lurker. So for that past two years I think I've been depressed, I've had to deal with a lot of losses. I thought and truly believed I was just 'tired' someone mentioned that I have zero motivation and zero interest in anything any more. I used to be the type that would rant and rave about the latest book, I couldn't tell you the last time I had an interest in a book. I work full time, come home and go to bed. I don't eat, I barley have a conversation with my family anymore and have 1 friend who I see once or twice a month. Other then that I lay in bed, in the dark and cry. I'm ready to get help, I don't want another year to pass me by, I want my old self back. Can anyone help with how I can speak to my doctor to about this, how do I open up? I've never actually said these things out loud as I have no one to speak to Thank you in advance for any help I can get!",True,"The post mentions feeling depressed, dealing with losses, and having no motivation or interest in anything. The poster also mentions no longer engaging in activities they used to enjoy, such as reading books, and having minimal social interaction with family and friends. They describe spending majority of their time in bed, crying, and feeling ready to get help. The statement 'I have no one to speak to' indicates a lack of emotional support and companionship, which contributes to feelings of loneliness. The poster specifically asks for help in speaking to their doctor, indicating a desire for someone to listen and support them. The overall tone of the post is one of sadness, isolation, and a longing for their old self, which suggests a deep sense of loneliness."
"my heart is beating so fast and i feel so worried and anxious, i feel suffocated and feel that im so lonely and i have no one, i cant stop thinking. what is wrong with me, am i going to have mental illeness? or what is that?",True,"The post mentions feelings of worry, anxiety, suffocation, and loneliness. The poster specifically states ""I feel so lonely and I have no one."" This indicates a deep sense of loneliness and a lack of social support. The mention of ""can't stop thinking"" suggests that the poster's loneliness is causing them to ruminate on their thoughts, possibly exacerbating their feelings of loneliness. The mention of wondering if they will have a mental illness also suggests a potential struggle with mental health, which can contribute to feelings of loneliness."
"I want to talk to someone, anyone, with a desperate fervour. The subject doesn't matter, as long as the person is interested in talking to me. I honestly can't remember a time when I *didn't* feel so alone, but lately it seems to have gotten even worse. Even people whom I once thought my friends seem to have lost any interest in me. I want to talk to *someone.* But I also can't tell anyone about this, because I worry that they will only speak to me out of pity or a misguided sympathy. I do not want either of those, I can not stand the mere thought of them. All I want, is to be genuinely liked. But I feel like I don't *have* anything to be liked for: I'm not funny, I'm not smart, I'm not charming, I can't even listen to people that well. Who would ever *want* to befriend me?",True,"The post expresses a desperate longing for someone to talk to, emphasizing the feeling of loneliness. The poster mentions feeling alone all the time and feeling even worse lately, suggesting a deep and persistent sense of loneliness. They also mention that even friends seem to have lost interest in them, further highlighting feelings of isolation and disconnection. The poster expresses a fear of being pitied or sympathized with, indicating a desire for genuine connection and friendship. They also express self-doubt and a lack of confidence, questioning why anyone would want to befriend them, which further contributes to feelings of loneliness."
"My mom is a crazy psychotic bitch who can barely take care of herself. I can't tell you how many times I've overheard my mom talking bad about me to others, calling me weird, a freak, etc. all because, well, I don't know why she doesn't like me. But, a good mother would accept her son any way that he is. My older brother is a narcissistic, arrogant asshole who I can't spend more than 3 minutes talking to before my head wants to explode because he does't actually listen to anything I ever say and still treats me like I'm 10. But guess fucking what? He's the favorite of my family. My grandpa and grandma, though they would never admit, clearly favorite him quite a lot compared to my sister, cousins and myself. Every time I go to a family dinner it's anything but family time because a huge argument always occurs at the table, which causes my grandma or aunt to get upset and cry. I don't know why they always have to argue over something. Also, I'm going to art school in the fall and nobody takes my art passion at all serious because I'm not choosing to follow the same typical conventional path as everyone else and become a lawyer/doctor/teacher or something similar. Seriously, when I bring it up it's almost like a joke to them. Long story short, once I graduate High School (I'm 18 and a Senior) I'm moving out of my house and into an apartment with some friends and will be dissociating myself from them for the most part, not that most of them will actually care.",True,"The post portrays a sense of isolation and rejection within the poster's family. The poster describes their mother and brother in negative terms, highlighting their inability to connect and feel understood by them. The mention of arguments at family dinners and favoritism from the grandparents further emphasizes the lack of family support and acceptance. Additionally, the poster mentions pursuing a non-conventional path and feeling that their passion for art is not taken seriously by their family, suggesting a lack of understanding and validation. The decision to move out and dissociate from their family also indicates a desire to seek independence and distance from a potentially toxic environment. These factors contribute to a sense of loneliness and disconnection from the poster's family."
So I don't know if I am in love or not. I can't concentrate on anything right now like only thing that interrupt me is that I star to think about that girl. Although I can never go into relation with her she is my cousin( my other grandma's daughters daughter) I don't know if it's legal to marry your cousin or other shot like that. I very confused. I am pretty sure she has a boyfriend. But even if she never had a boyfriend going into relation would still be impossible. She won't agree to go into relation. I don't want to force her or say to her anything because I don't want make this awkward or make us stop having conversation for the rest of our life. I feel very weird now please help me.,True,"The post expresses confusion, inability to concentrate, and feelings of being weird, which are often associated with feelings of loneliness. The poster mentions thinking about a specific person (their cousin) and mentions that they cannot pursue a relationship with them due to various reasons. This suggests a desire for connection and companionship, but also a sense of longing and frustration due to the barriers that prevent them from pursuing that relationship. Overall, the post indicates a state of emotional turmoil and longing for connection, which are indicative of loneliness."
"**Looks :** Average **Personality :** Stone **Health :** Have to calculate what I eat in order to not rip my asshole apart **Studies :** Studying a long as fuck course with grueling hours. Regretting getting into it. But now no turning back. I'd enjoy it, or be less stressed about it if not for monstrous lecturers. Every morning I wake up thinking what will I get chewed out for today **Future :** Bleak. Specially job-wise. Relationships also have been forced so far, in my sad attempts to be a normal person. Marriage and kids don't look like its happening. In my culture this is undesirable. I'm the weirdo **Religion :** Have to fake it. There is no freedom of religion where I am from. Sometimes normal people things make me feel conflicted. In the west its OK for casual sex, drinks etc. Here people do it too, even if they believe in God. Funny thing is, I'm the one with faith issues and yet I'm the one feeling guilty even thinking about these things. **Mentality :** I can't bring myself to compromise. I can't be happy if I can't make others happy or proud of me. But doing what makes me happy most likely would make people (family mostly) detest me. **Age :** Not getting any younger. Wasting my youth in pursuit of a grueling career. Never had any fun. People think I'm weird. I wish I were deleted.",False,"The post expresses feelings of frustration, regret, and conflict, but does not directly mention loneliness. The poster discusses their studies, future prospects, relationships, and cultural and religious conflicts, but there is no explicit mention of feeling lonely or isolated. While the post does mention feeling like a ""weirdo"" and wishing to be deleted, these statements may indicate feelings of being misunderstood or out of place rather than loneliness. Additionally, the poster mentions the importance of making others happy and being proud of themselves, suggesting a desire for social connection and validation."
"I don't have the strength or really the means to do it right. I just want instant death when I least expect it. I don't feel like I'm supposed to be alive, every day is completely miserable. Most days have always been at the very least not good. The months are just passing by now, I haven't had a real friend in years. My girlfriend lives hundreds of miles away and it feels like she doesn't care anymore about me because of how I am. I don't even blame her. I'm ready to die, it's just so hard to do so. Every day I look at suicide methods and and it's the same fucking articles and posts. It's almost funny. I stopped taking my useless antidepressants because I was tired of being asexual, now I have these brain zaps and it's so weak. I just laugh or cry for no reason at times. All there is in this house is yelling. A simple chore feels sisyphean, why bother? I'm 18 now but I don't feel like I have had any kind of childhood or teenagehood. Where did it go? I'm supposed to be happy about college or something. that's what they tell me. i'm tired of typing, fuck this",True,"The post expresses a deep sense of hopelessness and despair. The poster mentions not having the strength or means to end their life, indicating a desire for escape from their current state. They express feeling like they are not supposed to be alive and that every day is miserable, with most days not being good. The lack of real friends and the distance from their girlfriend contribute to feelings of isolation and loneliness. The mention of looking up suicide methods and feeling tired of being on antidepressants suggests a struggle with mental health. The poster also mentions feeling disconnected from their own age group and not having a happy or fulfilling childhood or teenagehood. The statement ""I'm supposed to be happy about college or something"" suggests a societal expectation for happiness that the poster feels unable to fulfill. Overall, the post conveys a deep sense of loneliness and despair, with the poster feeling isolated and disconnected from others."
"I hate myself, i hate everything I am. I wish I didn't. Or maybe I really don't. Maybe I just can't take the negative thoughts, the pain, the apathy, the endless battle you can never win anymore. I feel like I'm worthless, like I mean nothing to anyone. I'm always trying to live up to impossible expectations from a person that doesn't exist. I hurt, and hurt, and hurt and hurt so much that my heart may as well explode and nothing changes. I go to bed, I wake up the next day and repeat that for however long I get to till I'm back here. Knowing that there will never be a point where I don't come back here till the day I die. Why don't I get to be normal? Why don't I get to be happy without the looming sadness and anger? What did I do to deserve this? Is it because I exist? Not letting me live wasn't enough punishment. I had to be cursed to live a life where I wake up everyday hating myself more and more and more till the white noise becomes a ringing that becomes banging in my head screaming ""YOU ARE WORTHLESS"" in a mask of my own voice. I just want to be free of this curse.",True,"The post expresses deep feelings of self-hatred, worthlessness, and frustration. The phrases ""I feel like I'm worthless, like I mean nothing to anyone"" and ""I go to bed, I wake up the next day and repeat that for however long I get to till I'm back here"" indicate a sense of isolation and despair. The poster also mentions wanting to be ""normal"" and ""happy without the looming sadness and anger,"" suggesting a desire for companionship and relief from their emotional pain. The repetitive nature of their thoughts and the feeling of being cursed further highlight the loneliness and despair they are experiencing."
"When I see people, I'm just disgusted by them. Things like relationships feel vain and empty. I'm losing my friends and I can't handle it and all I've done is shut down. This is a bad product of my year of nihilism.",True,"The post expresses feelings of disgust towards people and describes relationships as vain and empty. This suggests a general sense of dissatisfaction and disconnection from others. The statement ""I'm losing my friends and I can't handle it"" indicates a loss of social connections and a difficulty in coping with this loss. The post also mentions shutting down, which suggests a withdrawal from social interactions. The reference to nihilism indicates a negative worldview and a potential underlying sense of loneliness and detachment from others."
"So I got a psychosis and it really sucked, it was the scariest experience in my life by far. I've googled the way people get help with the psychosis etc. But it's basically meds... I hate meds so much. I also haven't slept much yet, I can't sleep cause I keep hearing things which is driving me crazy..",False,"While the post does mention experiencing a psychosis and the fear associated with it, it does not directly mention feelings of loneliness. The main focus of the post is on the experience of having a psychosis, the dislike for medication, and the difficulty sleeping due to hallucinations. Loneliness is not a prominent theme in this post."
"I'm starting to loath people to such an extent that I will become fucking dangerous, mark my words. I hate myself the most, but after that? Every single other goddamn person. I loath their success. I loath their intelligence. I loath their stupid fucking children and I loath their fucking grandparents. Hate is all I have left. My life has always been a complete waste. It always will be. The hedonist in me says to bring retribution.",True,"The post expresses intense hatred towards people in general, including their success, intelligence, and even their family members. The statement ""Hate is all I have left"" indicates a sense of isolation and bitterness towards others. The poster also mentions feeling like their life has always been a waste, further emphasizing feelings of loneliness and despair. The mention of wanting to bring retribution suggests a desire for some form of external validation or revenge, which can be seen as a way to alleviate feelings of loneliness and inadequacy."
"Indubitably, I am not worth anything as a being, contrary to the belief of all redditors who will reply to this, I have never once done anything correct in my life, all I have ever succeeded in has been to be hurtful and disrespectful to others and taking others for granted. All I breed is catastrophe. I am not at all talented or skilled at anything in particular, I am below average in every concept known to man. I have no motivation nor intention to progress in my life. I seem to be an inconvenience, an unpleasant burden towards society. I'd say my existence is more so comparable to a tumor, I am not productive and only produce negative effects on others that unfortunately have the unbearable pain that comes from interaction with someone like me. Entrapped in this body, I dream of going into eternal sleep, a great rest that lasts to the end of time. I do not have any interest in anything anymore, daily politics bore me a great deal and I'm not at all intrigued by life at all. I don't see a reason to not follow through with it when I have no intrinsic value and no drive nor intent to live at all.",True,"The post expresses feelings of worthlessness, self-blame, and a lack of motivation or interest in life. The poster mentions being hurtful and disrespectful to others and feeling like an unpleasant burden on society, which suggests a sense of disconnection and isolation from others. The statement ""I am not productive and only produce negative effects on others"" further reinforces the feeling of loneliness and the belief that they have nothing to offer to others. The desire for eternal sleep and lack of interest in anything indicate a deep level of despair and solitude."
"Yesterday my mom took me to a disney event with free tickets (I'm 21) and said I could invite two friends. I invited two girls, 21 and 18 and they're really pretty. They both have boyfriends and even on the photos they posted of the 3 of us together some guys said that they were both hot, but conveniently left me out of that. I have anorexia and my mom took some pics of us all hanging out. Today she said ""look at those pictures. you look like a 12 year old with two babysitters. they're beautiful and look at you. i don't care if you have to deal with your sad thoughts and shit that sucks but you're an embarrassment to me and antisocial your friends seem to have more fun with each other than with you, you're antisocial i wouldn't wanna be your friend."" I'm really at my wits end. I wish I could sleep the pain away, but it never stops. It will never stop.",True,"The post mentions feeling embarrassed and humiliated by the comments and actions of others. The poster's mother also makes hurtful comments about their appearance and social skills, further contributing to feelings of loneliness and low self-worth. The statement ""I wish I could sleep the pain away, but it never stops"" suggests a deep sense of emotional pain and hopelessness. The post expresses a desire for the pain to end and emphasizes the poster's feelings of isolation and lack of connection with others."
i'm so scared and i'm scared to tell anyone. once i open up they all just run away. it's hard to be awake while i'm in such big pain. i'm so scared i wish i could go back in time. 2018 already fucking sucks but it doesn't really even matter because time is a made up concept and my suffering won't stop :),True,"The post mentions feeling scared and expressing a fear of telling anyone. The statement 'once I open up they all just run away' suggests a pattern of rejection or abandonment when trying to share emotions with others. The mention of being in big pain and wishing to go back in time indicates a deep sense of despair and hopelessness. The closing statement 'my suffering won't stop' emphasizes the ongoing emotional pain and lack of respite, suggesting a profound loneliness and isolation."
"Aight, so I‚Äôm 15 and I completely fucked everything up and need help and don‚Äôt know what to do. I spend all my time in my room, the only time I leave is to go to go to school or smoke weed/take acid and md. I‚Äôm scared to talk to anyone, when someone I‚Äôm friends with talks with one of there I just leave cause I‚Äôm 2 nervous to talk. My best friends have given up on me, they tell me fuck off cause they don‚Äôt want to be around me. My parents have given up, I told them I wanted to go to therapy when I was 13 and they told me it was a waste of time. I don‚Äôt feel emotions, I haven‚Äôt felt happy/sad in about a year. I‚Äôm not scared of death anymore, I can‚Äôt sleep and I don‚Äôt know what 2 do. Every decision I make makes it all worst. What can I do to make it better cause currently all I can think is suicide.",True,"The post exhibits several indicators of loneliness. The poster mentions spending all their time in their room, only leaving to go to school or engage in substance use. This suggests a lack of social engagement and isolation. The individual expresses fear of talking to others and being too nervous to interact with friends. They mention that their best friends have given up on them, indicating a loss of social support. The poster also mentions their parents dismissing their request for therapy, which may contribute to their sense of hopelessness and loneliness. The statement about not feeling emotions and contemplating suicide further highlights their deep distress and lack of connection with others. Overall, the post reveals a profound sense of isolation and loneliness."
"I'm kind of an introvert or whatever, I like having my alone time to just be. I have been in the service industry in one capacity or another my whole working life, so being around people is a thing I can do, be sociable or charming or whatever, but so frequently I start to feel shitty while I'm alone. I feel bad about decisions I make, feelings I have, the place I am in life. I want someone to talk to and tell me I'm not a fuck up, but I don't want to admit things to people I know. I have a wonderful girlfriend, who is understanding and kind and non judgmental, but I don't know what to say to her, or anyone really. Frequently I can just shove the bad feelings away, but somehow I feel like ignoring them isn't healthy, but embracing/acknowledging them feels like crap too. I don't know. I'm just tired of it.",True,"The post mentions feeling ""shitty"" while alone and feeling bad about decisions, emotions, and their current life situation. The poster expresses a desire for someone to talk to and validate their feelings, but also mentions not wanting to admit things to people they know. This suggests a lack of social support or someone to confide in, contributing to feelings of loneliness. The mention of having a wonderful girlfriend who is understanding and nonjudgmental indicates that they do have some level of social connection, but the hesitancy to open up to her or anyone else suggests a difficulty in expressing their emotions and seeking support. The closing statement of being tired of it further emphasizes the emotional strain caused by this loneliness."
you say you want me to be real with you and that I can talk to you about anything but at the same time you keep saying quit being so negative and bringing the mood down,True,"The post expresses a conflict between the desire to be open and honest with someone, and their response of telling the poster to stop being negative. This suggests a feeling of disconnect and a lack of understanding from the other person. The poster expresses a desire for support and a safe space to talk about anything, but feels shut down and discouraged from expressing negative emotions. This contradiction can lead to feelings of loneliness and a sense of not being heard or understood."
"I'm a lonely person but right now I don't have any friends or at least anyone I hang out with or talk to on a regular basis. I'm unemployed and living with my mom. So it feels like I couldn't hide those facts and I don't think any girl would be able to ignore all the red flags. That and I haven't dated anyone recently and my dating experience at the age of 33 is pretty spotty. Never been in a relationship either. Right now I feel like I need to focus on getting a job and getting back in shape because I've fallen off the wagon a bit. Also, I probably should try to get into some sort of activity where I could make some friends. Although, it feels like no one wants to make new friends the older you get. But I suppose I have to try anyway. Does that sound like a decent plan?",True,"The post clearly expresses feelings of loneliness, mentioning not having any friends or anyone to hang out with or talk to on a regular basis. The poster also mentions being unemployed, which may contribute to a sense of isolation and lack of social connection. They express a desire to hide these facts, suggesting a fear of judgment or rejection. The mention of not having dated anyone recently and lacking dating experience at the age of 33 further emphasizes a lack of romantic companionship and potentially reinforces feelings of loneliness. The poster acknowledges the need to focus on getting a job and getting back in shape, as well as the importance of trying to join activities to make new friends. This indicates a willingness to take proactive steps to combat their loneliness, further highlighting their feelings of isolation. Overall, the post portrays a deep sense of loneliness and a desire to change their circumstances."
And still not feel loved,True,"The post explicitly states ""And still not feel loved,"" indicating a lack of emotional fulfillment and a sense of loneliness. It suggests that despite the circumstances or interactions the poster may have, they still do not experience love or connection from others. This statement highlights a deep emotional need for companionship and suggests that the poster is suffering from loneliness."
"I want to talk to somebody. I don‚Äôt have any friends anymore and my parents ‚Äúhate the new me.‚Äù I don‚Äôt show up to school half of the time and I don‚Äôt have any friends to sit with at lunch. I don‚Äôt even cry anymore. There's no reason to go on, but I‚Äôm too much of a pussy to kill myself. My self esteem is so low I‚Äôm scared to even post this. Hope others can relate.",True,"The post clearly expresses feelings of loneliness and social isolation. The poster states that they don't have any friends anymore and that their parents ""hate the new me."" They mention not showing up to school and not having anyone to sit with at lunch, further emphasizing their lack of social connection. The statement ""There's no reason to go on, but I'm too much of a pussy to kill myself"" indicates deep despair and thoughts of suicide, which can be indicative of loneliness and hopelessness. The comment about having low self-esteem and feeling scared to even post this suggests a lack of support and validation from others, contributing to their feelings of loneliness. The closing sentence ""Hope others can relate"" implies a desire for understanding and connection with others who may be going through similar experiences. Overall, the post demonstrates a strong sense of loneliness and emotional distress."
"But I can't pretend anymore to be happy. I can't keep bottling this. I just want it to be okay and allowed to feel what I feel. But people don't want to be around the sad girl, it's draining or depressing. Everyone just leaves an open invitation but nobody actually says they want me there. It's like there too afraid to reject me. I don't know how much longer I can take the social isolation.",True,"The post expresses the feeling of not being able to pretend to be happy anymore and the desire to feel allowed to feel sad. The poster mentions that people don't want to be around the sad girl and that no one actually says they want the poster there. The statement ""It's like they're too afraid to reject me"" suggests a fear of rejection and a perception of social isolation. The mention of ""social isolation"" at the end of the post indicates a deep sense of loneliness and the struggle to cope with it."
"It's 1AM here and I have a lot going on in my head so I can't really be bothered to sleep anytime soon. I'd appreciate it if anyone would be interested in chatting with me just to pass the time and help distract myself from my thoughts. Feel free to hit me up, I don't bite :)",True,"The post mentions feeling unable to sleep due to having a lot going on in their head. This suggests that the poster may be feeling overwhelmed or anxious, which can contribute to feelings of loneliness. The poster explicitly states a desire for someone to chat with them to pass the time and distract themselves from their thoughts. This desire for social interaction and companionship indicates a potential experience of loneliness. The closing sentence 'Feel free to hit me up, I don't bite :) suggests a willingness to engage with others and a longing for connection."
Im trying not to kms right now because my best friends birthday is in 5 days and i dont want to do that to her... i feel so out of place in this world. does anyone want to talk? im 16 f and i just need somebody to talk to who i won‚Äôt scare.,True,"The post mentions feeling out of place in the world and expresses a desire to not engage in self-harm because of the upcoming best friend's birthday. The statement ""does anyone want to talk?"" indicates a longing for companionship and someone to talk to. The poster specifically mentions not wanting to scare the person they talk to, which suggests that they may be feeling isolated or misunderstood, possibly contributing to feelings of loneliness."
"Can‚Äôt make anyone happy anymore, what‚Äôs the point? None of my friends care despite me reaching out and my fianc√©e is fed up with my depressive shit. Don‚Äôt even think he wants to marry me any more. I can tell he resents me. I can‚Äôt fix the things that are wrong with me. Why bother with anything? Don‚Äôt wanna upset my family so I‚Äôll just keep trecking on I guess. Just needed to vent cause I don‚Äôt have any real people to talk to.",True,"The post expresses a deep sense of hopelessness, stating that the poster cannot make anyone happy anymore and that there is no point in trying. The mention of reaching out to friends and not receiving caring or support indicates a lack of social connection and potentially feelings of isolation. The poster also expresses concern that their fiancé may no longer want to marry them and feels that they cannot fix the issues that are wrong with them. The statement ""Don't wanna upset my family so I'll just keep trekking on I guess"" suggests a sense of resignation and the feeling that they have no one to turn to for support. Overall, the post conveys a strong sense of loneliness and despair."
"granted they leave you incredibly exhausted after smiling and being cheerful the entire day but hey, at least your unhelpful family can get off of your business. To be honest i almost had a ""slip"" a couple of times but nothing more than that. Here's to a new year and more holidays filled with fake smiles and plastic personalities.",False,"The post mentions feeling exhausted and having to put on a happy facade, which can be indicators of loneliness. However, the poster also mentions having family around, albeit unhelpful, which suggests some level of social connection. The focus of the post is more on frustration with family and the need to pretend, rather than a deep sense of loneliness. Therefore, the label ""No"" is assigned."
"I got the news that one of my mates I went to school with when I was studying abroad recently passed and I can't quite process it. I can't say I was close to him but it's just I've never had a friend die. I am close with someone who was close to him and she seems devastated. It feels weird, feels weird to say he has passed. I'm confused and shocked. Idk",True,"The post mentions receiving news about the passing of a schoolmate, and expresses confusion, shock, and a sense of not being able to process the information. While the poster does mention not being close to the person who passed, they also mention feeling weird about it and being affected by the devastation of someone close to them. These emotions indicate a sense of loss and potentially a feeling of isolation in trying to navigate these unfamiliar emotions and experiences. The closing statement 'Idk' suggests a state of uncertainty and perhaps a lack of support or guidance in dealing with these feelings."
"I just want to end it. It‚Äôs all I‚Äôve been thinking about for the past few days. I have no friends and no one will ever truly care about me. I haven‚Äôt been able to stop crying and the pain has just become unbearable. I just want it to go away. My parents and boyfriend push me to keep going and to try everyday to be happy but I just can‚Äôt fucking do it anymore. They don‚Äôt understand how hard it is. I just want it to go away. I don‚Äôt want to study and have a good job, I don‚Äôt want to live. No life will ever make up for the pain I feel. I don‚Äôt actually have the courage to go and that makes me even more pathetic.",True,"The post expresses a deep sense of sadness, hopelessness, and despair. The poster states that they have been thinking about ending their life and feeling intense emotional pain. They mention not having any friends and feeling as though no one truly cares about them. They express frustration towards their parents and boyfriend for not understanding their struggles and feeling unable to find happiness. The statement ""No life will ever make up for the pain I feel"" further emphasizes their sense of loneliness and despair. The post overall indicates a high level of loneliness and a strong desire for the pain to go away."
"i‚Äôve always been the type to be super unmotivated when doing things whether it‚Äôs my ‚Äúhobbies‚Äù or school and super introverted and not confident at all, but last year i joined a pageant and it really brought my confidence up for a while. I‚Äôm going to sound super conceited when i say this but during practice and rehearsals, the other girls were always asking me for advice on their walk and poses and saying that for sure i would win something. during the competition on nye i didn‚Äôt make any mistakes with choreography and a few judges even came over and told me i was their number one pick for queen. there were 12 girls in the competition and 6 awards total. in the end i didn‚Äôt win anything.... once again i‚Äôm going to sound so conceited but i personally felt super confident and i thought there was no way i would not get anything. but lo and behold i didn‚Äôt win a single thing. I basically have solid evidence that 4/6 of the winners had hella connections and sponsors and that‚Äôs why they won. but still... it just feels like i‚Äôve wasted so much time and effort on something that was rigged in the first place. i was thinking that it would be like ‚Äúnew year new me i might actually work harder for some things because winning would be proof that something can come out of it if i try hard enough‚Äù.... but now my confidence is at an all time low and idk what to do.... sorry just felt like ranting a bit sigh",False,"The post mentions feeling unmotivated, introverted, and lacking confidence, but it also mentions joining a pageant and experiencing a boost in confidence during practice and rehearsals. The poster mentions receiving praise and positive feedback from others, which suggests some level of social interaction and connection. While the poster expresses disappointment and frustration about not winning in the end, there is not a clear indication of loneliness. The focus of the post is more on feeling let down and questioning the fairness of the competition, rather than feelings of isolation or longing for companionship."
"I just needed to post to let this out. I‚Äôm at my lowest point in life. I am embarrassingly behind in my bills. I‚Äôve let my home be turned into a hovel because I cannot find the motivation to clean. I don‚Äôt even invite my family to my home anymore because I‚Äôm too ashamed. I feel stagnant at work. I have no personal life to speak of, and the few friends I do have I constantly disappoint by neglecting and avoiding them. The last few weeks I‚Äôve had to force myself to get out of bed or even shower. I‚Äôm not going to kill myself because I know what it would do to my family, but I feel so hopeless. I have no one to turn to. I‚Äôve been dealing with depression all of my life so I understand the ebbs and flows, but I can‚Äôt help this feeling of self-loathing as I sit here without doing anything to change my situation. I‚Äôm afraid, lonely, and empty. I have no particular ask. Nothing can be done by anyone else, but I had to get this out.",True,"The post expresses a deep sense of loneliness throughout. The poster mentions feeling at their lowest point in life, being behind on bills, neglecting and avoiding friends, and feeling stagnant at work. The post also mentions feeling ashamed, not inviting family over, and feeling empty and self-loathing. These emotions and experiences reflect a lack of social connection and support, indicating a strong sense of loneliness. The poster explicitly states that they have no one to turn to and feel afraid and hopeless. The post overall conveys a deep sense of despair and isolation, highlighting the presence of loneliness."
The only thing im good at is skipping breakfast and dinner soo i can just get more drunk for the day and drink my sad useless ass to sleep haha. Just got fired from my line cook job at chilis cuhs i suck so bad only there 2 weeks guess im a pile of shit. I cant wait to get paid tomorrow so i can buy some mezcal and drink myself to sleep for the next week. Why am i still here,True,"The post expresses feelings of low self-worth, sadness, and the need to cope with alcohol. The statement ""The only thing I'm good at is skipping breakfast and dinner soo I can just get more drunk"" indicates a negative mindset and reliance on alcohol as a coping mechanism. The mention of getting fired from a job and feeling like ""a pile of shit"" further highlights a sense of failure and worthlessness. Additionally, the statement ""Why am I still here"" suggests a feeling of hopelessness and questioning one's purpose in life. Overall, the post reflects deep emotional distress and a lack of fulfillment, indicating a sense of loneliness."
"I feel like if I was my non-depressed self, I would be able to get myself out of the situation that's making me depressed.",False,"The post mentions feeling depressed, but it does not mention feelings of loneliness. The focus is on the frustration of not being able to overcome the situation that is causing the depression. While loneliness can contribute to feelings of depression, it is not directly expressed in this post."
"The person i loved was always there for me.. sacrificed her own time for me if i needed her..i was only a slefish stoner that smoked everyday.. at the end of our relationship i was taking the time we were spending together for granted.. long story short she ended up doing some mean things.. and after that i fucked up even more and nailed the coffin shut.. i hate myself everyday for doing the things i did.. spontaneous actions with obvious consequences i ignored.. i wake up and i go to sleep crying pretty much every night.. i have this really strange feeling when i wake up, almost like a tingling eapecially in my hands.. i have some fun moments but the negatives always outway the positives and seems forever lasting.. i dont feel like seeing what the future holds because everything always seems to turn out to be nevative no matter what...",True,"The post mentions the person the poster loved being there for them and sacrificing their own time, indicating a sense of companionship and support. The poster recognizes that they took this person for granted and acknowledges their own mistakes and regret, expressing self-hatred and crying every night. The statement about feeling a strange tingling sensation, especially in their hands, could be a physical manifestation of emotional distress or anxiety. The overall tone of the post is one of sadness, self-blame, and a pessimistic view of the future, which all contribute to a sense of deep loneliness and despair."
"So my depression is *very* treatment-resistant. I've lost track of how many different meds and med combos I've tried. Recently it was suggested that I try TMS (Transcranial Magnetic Stimulation), which has been proven to be effective for depression like mine. My psychiatrist referred me to the doctor who does it, but I've been putting off actually making the appointment because I'm scared. You know how sometimes people don't like taking meds because they make them feel like they're not themselves anymore; like they make them feel numb or empty? It's sort of like that, except in reverse. I've had my depression for well over a decade, more than half my life, and I literally can't imagine what it'd be like if it actually got better. Would I still feel like me? I know that things would improve, obviously, but change is scary, and in a bizarre way, my depression is comfortable. It's been a constant for most of my life and I don't know who I'd be without it. TL;DR- I'm scared to try something that could work because I don't know who I'd be without my depression.",False,"This post does not directly express feelings of loneliness. The poster discusses their depression and the fear of trying a new treatment. While they mention being scared and uncertain about the potential changes that could occur if their depression improves, this does not necessarily indicate loneliness. The focus of the post is more on the fear of change and the uncertainty of one's identity without depression."
"I feel that I‚Äôve ran out of options today after my appointment with my shrink. I know there‚Äôs always the option of seeing another shrink but I‚Äôm not sure at all that I can summon the courage to do so. It took years and years of suffering to finally push me over the edge to see a shrink. To be fair, my shrink didn‚Äôt say or do anything out of line. She was courteous and patient, as usual. However as I sat there, I just felt very pointless. I‚Äôve felt like this all my life, what‚Äôs there to change it? What‚Äôs there to look to look forward to? I wish I could die.",True,"The post mentions feeling like they've run out of options and feeling pointless. The poster mentions their appointment with their shrink, indicating that they have sought professional help for their emotional struggles. However, they express doubts about being able to summon the courage to see another shrink and feeling like there is no point in trying to change their circumstances. They mention feeling this way all their life and expressing a wish to die. These statements indicate deep sadness, hopelessness, and a lack of connection or purpose, suggesting loneliness."
"Fuck canada student loan. You have received confirmation of enrollment yet you continue to take my money three months in a row. And when I call in to deal with it you cant even give me any information because your shit system is down. You vile scum will not be getting another cent that I dont have. I am done. Fuck this country and fuck me for being a stupid fucking idiot and taking out a loan from you pricks. Edit: Those pricks went beyond my overdraft authorization and the money was returned... but now I still have no fucking idea why they told me that I would not have anymore monthly payments in the first place and I have no idea if this will keep happening. The most useless people in the fucking world... if this happens again, I am pretty much fucked.",False,"The post expresses frustration, anger, and annoyance towards the Canada student loan system, but it does not directly mention feelings of loneliness. The focus of the post is on the incompetence of the system and the negative consequences it has on the poster's financial situation. There is no indication of longing for social connection or a deep sense of isolation."
"Ive never felt so alone. Everything I do pales in comparison to others, my life just feels stale and bland. Especially with relationships... 19 and never had anyone attracted to me! I feel like a loser. I am not really good at anything either, I practice but I just never see myself improving, sports, losing weight, drawing, being social-- They just don't work for me. So ive just given up on doing anything. It won't matter Nobody cares about me anyway, I just am alone. Last night I sat up and scrolled around on Facebook and saw all these people partying and these couples kissing and it just upset me for the whole day. Now I realize how much I don't really matter.",True,"The post expresses feelings of loneliness and a lack of self-worth throughout. The poster states that they have never felt so alone and that everything they do pales in comparison to others, making their life feel stale and bland. They specifically mention their lack of success in relationships, feeling like a loser, and not being good at anything they try. The statement ""Nobody cares about me anyway, I just am alone"" further emphasizes their feelings of isolation. The poster's mention of being upset after seeing others partying and in relationships on Facebook highlights their longing for social connection and further contributes to their sense of loneliness. The closing statement ""Now I realize how much I don't really matter"" shows a deep sense of despair and a lack of self-value, which is commonly associated with loneliness."
"My boyfriend seems to have random days where he just wakes up feeling depressed. He says he doesn‚Äôt care about anything, even things he is normally very involved with or excited to do. I don‚Äôt think he is suicidal, but it‚Äôs still concerning and it‚Äôs hard to say what‚Äôs going on in his head since he won‚Äôt talk to me about it. I have once or twice suggested that he talk to someone about it or seek help, but because it‚Äôs not an every day thing and I don‚Äôt want to push him, I avoid trying to pressure him too much. I don‚Äôt know what causes it or what I can do to help, or if there‚Äôs even anything I CAN do to help him. Looking for thoughts/suggestions on how to handle the situation when he‚Äôs having bad days. Thanks in advance!",True,"The post mentions that the poster's boyfriend has random days where he wakes up feeling depressed and doesn't care about anything, even things he is normally excited about. This indicates a change in his behavior and mood, which can be isolating for the poster. The statement that the boyfriend won't talk about it suggests a lack of communication and possibly a sense of emotional distance between the poster and their boyfriend. The poster also expresses concern and a desire to help, indicating a longing for connection and support in navigating this situation. Overall, the post demonstrates feelings of loneliness and a need for advice and guidance in handling the boyfriend's bad days."
"I'm not talking about someone saying ""Its all just in your head."" I mean how do you stop someone from flat out denying the existence of depression and anxiety. My girlfriend's parents believe that depression and anxiety are merely excuses to be lazy. Unfortunately, my girlfriend has been diagnosed with both, and when things get bad, her parents actually are a road block to getting better. Her mother actually slightly understands, and lets her take antidepressants (which she hasn't actually been on the last few months because she is too anxious to go to the pharmacy) but when things go bad, she is on the brink of suicide, and her parents will yell at her for sleeping late, or taking too long in the bathroom, and it only makes things worse. I only want the best for her, and I think getting her parents to understand her situation may help.",True,"The post discusses the frustration of dealing with someone who denies the existence of depression and anxiety. The poster mentions their girlfriend being diagnosed with both conditions and the negative impact her parents have on her mental health. The mention of the girlfriend being on the brink of suicide and her parents yelling at her adds to the seriousness of the situation. The poster expresses a desire for her parents to understand the girlfriend's situation, indicating a need for support and empathy. The overall tone of the post suggests a feeling of helplessness and desperation, which are common emotions experienced by individuals who feel lonely in their struggles with mental health."
"I'm exhausted, I have been for years. If I'm not exhausted it's because I'm running on adrenaline. For years I've been trying, I try at work, I try with my friends &amp; I try when I'm on my own. It's exhausting trying with little progress, often regressing back to a state of depression. I'm so tired of people getting bored of me, sometimes it takes a week, sometimes a month, sometimes a year. Eventually everyone gets bored (and the few who aren't bored of me, they are always so busy). Don't get me wrong, I do have a bunch of brilliant friends, who are fantastic to hang out with. I do genuinely believe they enjoy my company, but when I'm down and want to talk to them they don't want to know. They push me away when I need them most. I really want a long hug, not just a quick one to say hello or goodbye. Even better to snuggle up in front of a movie with someone and just for an hour or so feel embraced and less broken. And yet I constantly feel detached from all of this, I get moments where I feel like I am inside this body but not connected to it. I feel distant from all those around me. Then theres the confidence issue, I've always had some problems with confidence. Sure I'm great at being outwardly confident should I be at work sorting problems out, or in charge of a bunch of people whist running an event. I can take the lead when I have to. But on a relational level my confidence lacks so much, be it with friends or romantically.",True,"The post expresses feelings of exhaustion, trying but making little progress, and regressing into a state of depression. The poster mentions feeling tired of people getting bored of them and feeling pushed away when they need support. They express a strong desire for connection, longing for a long hug and snuggling up with someone to feel embraced and less broken. The post also mentions feeling detached and distant from others, as well as lacking confidence in relationships. These emotions and experiences indicate a deep sense of loneliness and longing for meaningful connections with others."
"i‚Äôm always the one getting put down, bullied, or given a hard time in this household. i do a lot around the house, i‚Äôm motivated, and i‚Äôm trying my best. i‚Äôm always the one being given shit. my sisters bully me. they call me names and put me down and when i try to stand up for myself i‚Äôm being called rude or disrespectful. i hate everyone and i want to leave. I‚Äôm trying to be nice as possible to everyone but it‚Äôs like none of my efforts are good enough. Everyone here in this house is lazy as fuck. I‚Äôm so tired of being the one whos targeted. i dont understand and it‚Äôs making me suicidal",True,"The post expresses a deep sense of being put down, bullied, and given a hard time by family members. The poster mentions doing a lot around the house and trying their best, indicating a longing for recognition and appreciation for their efforts. The statements 'my sisters bully me', 'they call me names and put me down' suggest a lack of support and understanding from family members, contributing to feelings of isolation and loneliness. The closing sentence 'it's making me suicidal' indicates a profound level of despair and emotional pain, highlighting the significant impact that the poster's experiences are having on their mental well-being."
"I met this guy 2 years ago with whom I became best friend (although honestly I probably fell in love with him). He got back with his ex last year and since then I've just been spiralling down. When we're together, he keeps texting with his bf, and we barely have interesting conversations (we used to always hang out together and talk about everything). He keeps saying that he's my best friend, and he keeps saying that I'm very special to him, but he doesn't really act that way. Their relationship is long-distance and when he's with his boyfriend he barely texts me. I tried distancing myself, but he's scared he's gonna lose me so he doesn't give me a lot of space. I spent last January-March severely depressed and ended up seeing a therapist. I managed to get out of the darkness, but these days I've been faltering. Especially since he's with him now for NYE and I'm stuck with my parents and I don't expect myself having a good time... Lately we haven't spoke much and I was getting him out of my mind, but he sent me a picture of a gift his boyfriend gave him yesterday and my heart has been turned around. I feel like there's a hole, and yet everything is very heavy... I'm getting the same feeling I had when I was depressed. I keep getting the feeling I should simply ""break up"" with him, just tell him to go away, but when I think about that I start choking up and my chest just gets heavier. Sorry this post is sort of messy and all over the place, I just needed to vent... It's hard, very hard. Happy new year to you all, let's hope 2017 will be better",True,"The post mentions feeling in love with the guy they became best friends with, suggesting a desire for romantic connection and intimate companionship. The poster also expresses feelings of frustration and sadness due to the friend's lack of attention and interest in their conversations. The mention of depression, seeing a therapist, and feeling a heavy heart all indicate a deeper emotional struggle and potential loneliness. The poster also mentions feeling stuck with their parents and not expecting to have a good time, further emphasizing a sense of isolation and longing for a different social situation. The closing statement 'It's hard, very hard' expresses a general feeling of difficulty and suggests a sense of loneliness and emotional heaviness."
I think about killing myself nearly everyday and I don‚Äôt think I can deal with it anymore,True,"The post expresses thoughts of suicide and feeling overwhelmed, which are common signs of loneliness. The statement ""I don't think I can deal with it anymore"" suggests a lack of support and a feeling of isolation. The mention of thinking about suicide every day indicates that the poster may not have a strong social network or anyone to turn to for help, further emphasizing their loneliness."
"She told me she would have married me. I thought I needed to gender transition. It all fell to pieces. I don't need to get back together with her. I just wish I knew how she was doing. I wish I could see her and tell her that with some time, I understand what she was going through. But she's the sensitive type and I think contacting her would upset her. So I can't. Pathetic, I know.",True,"The post mentions the person being told by someone that they would have married them, which suggests a significant emotional connection. The statement 'It all fell to pieces' indicates that something went wrong in their relationship, leading to a sense of loss. The poster expresses a desire to know how the person is doing and a longing to see and communicate with them, but fears upsetting them. This longing for connection and the inability to reach out due to fear contribute to a sense of loneliness. The closing statement 'Pathetic, I know' suggests self-deprecation and further emphasizes the emotional impact of their situation."
"The only good thing in my life is my girlfriend, her whole family (super religious and conservative) and friends hate me and do everything to stop her from being with me, including telling her they have seen me with other girls, a lie of course (her own mother did that). I was an addict, I did cocaine, crack, benzos. Now I just smoke weed and take LSD occasionally (it actually helps me a lot), also I have tattoos so... the whole combo for them to hate. School sucks obviously, I can't concentrate, I disassociate, I feel worthless and tired all the time. I can't take anxiolytics because of addiction so my head is always full of shit that I can't control, sometimes my paranoia is almost like schizophrenia. Forgive my english and thanks for taking the time to read it.",True,"The post mentions that the poster's girlfriend's family and friends hate them and do everything to stop them from being together. This implies a lack of social support and possibly isolation from the girlfriend's social circle. The poster also mentions being an addict, which can contribute to feelings of loneliness and isolation. The struggles with school, inability to concentrate, feelings of worthlessness, and constant fatigue further indicate a sense of loneliness and despair. The mention of paranoia and difficulty controlling thoughts suggests a potential mental health issue, which can also contribute to feelings of loneliness. Overall, the post expresses a lack of social connection, support, and a deep sense of loneliness and despair."
"Commute, work, commute, sleep. That‚Äôs pretty much my life right now. I feel tired every day can‚Äôt get anything done in my personal life. I can‚Äôt even game or watch anime anymore I‚Äôm so damn tired. Couple that with very intense loneliness that I‚Äôve felt my whole life (22M never had a girlfriend) and you have me. I‚Äôve found that throughout my life people just lose interest in me and always end up leaving. It‚Äôs always just a matter of time.. I mean it‚Äôs understandable as all I do is sleep and work I guess. Honestly I can‚Äôt take it anymore I just want something to change, whatever the hell it may be. I want to feel connected with someone... I want all these things that I can‚Äôt have because I just can‚Äôt bring myself to get them",True,"The post expresses feelings of tiredness, difficulty in getting things done in their personal life, and the inability to engage in activities they enjoy, such as gaming and watching anime. These statements suggest a lack of fulfillment and a sense of emptiness in their daily routine, which can contribute to loneliness. The poster also mentions intense loneliness that they have felt their whole life, as well as never having had a girlfriend. They express a pattern of people losing interest in them and leaving, which can contribute to a deep sense of loneliness and isolation. The desire to feel connected with someone and the frustration of not being able to change their circumstances further highlight their feelings of loneliness."
I don‚Äôt like people. I have isolated myself from the outside world for over six years now. I don‚Äôt want to have long conversations with no one. I just need the strongest meds I can get to combat my issues. Before I try something illegal which I have been tempting to use for some time now. Is there a way for me to achieve this without having to see a psychologist? Sorry if I‚Äôm coming off a certain way. I‚Äôm just tired and need help.,True,"The post clearly mentions isolating oneself from the outside world for over six years and not wanting to have long conversations with anyone. This indicates a strong preference for solitude and a lack of desire for social interaction. The mention of needing the strongest medications and considering illegal substances suggests a desperation for relief from their issues, which may stem from a deep sense of loneliness and despair. The poster expresses a need for help and mentions being tired, further emphasizing their emotional struggle and potential loneliness. The question about finding a way to achieve relief without seeing a psychologist implies an aversion to seeking professional help, possibly due to a discomfort with opening up to others, which can also contribute to feelings of loneliness."
"Why im i still alive Why im i still alive Why im i still alive Why im i still alive Why im i still alive Why im i still alive Why im i still alive Why im i still alive ? another year has passed and i feel like im in the exact same place as before and everybody seems so happy and im just here thinking the same stuff still getting nothing done and i wonder if this even makes sense? am i happy, am i feeling awful? both? i dont know... but i know that im stuck",True,"The repetitive statement 'Why am I still alive' suggests feelings of hopelessness and despair. The poster mentions feeling stuck and not making progress, which indicates a lack of fulfillment or purpose in life. The mention of others being happy while the poster is feeling stuck further emphasizes a sense of isolation and loneliness. The confusion about their own emotions and the statement 'I don't know' indicates a lack of understanding or clarity, which can contribute to feelings of loneliness and disconnection."
Im afraid. The suicide scale is true. Its gets progressively worse and you dont even realize it. I was at 1 contemplating death and that was it. Now as i live i keep moving farther into the scale. Not existing is all i long for. Its all i think about. Its all i desire. Ive written 2 goodbye notes. I constantly open up the lid of pills and acting as if ill swallow them. Yesterday and today i have been making nooses with a thin belt and putting it around my neck. I squeeze so hard to simulate what its like. When i do i can feel the pressure in the top sides of my head. I can feel the rush and fear. I stopped giving a shit about everything and my attention is mainly death. Someone please comfort me. I am afraid.,True,"The post expresses feelings of fear, contemplating death, and a desire to not exist. The poster mentions being on a suicide scale and moving farther into it, indicating a worsening state of mind. They further describe engaging in harmful behaviors such as writing goodbye notes and simulating hanging themselves, demonstrating a deep sense of despair and hopelessness. The plea for comfort and fear expressed in the closing sentence further supports the presence of loneliness, as the poster is reaching out for emotional support and connection."
"The stress, the boredom, anxiety, adhd, the feeling of not want to do anythinf at all. I cant take it anymore and i cant escape. I lost all my friend, i lost my life i just dont know what to do now.",True,"The post mentions feelings of stress, boredom, anxiety, and ADHD, which indicates emotional distress. The statement 'I can't take it anymore' suggests a sense of overwhelm and hopelessness. The post also mentions losing all their friends and feeling like they've lost their life, which indicates a lack of social connection and support. The statement 'I just don't know what to do now' further emphasizes the feelings of loneliness and uncertainty. Overall, the post expresses a deep sense of despair and isolation, indicating that the poster suffers from loneliness."
"College has been the worst experience for me. I started out at a community college and then transferred to a small city college in my town that I commute to. First of all, I hated both schools generally. I had always wanted to go off to college but couldn't afford it. Anyway, I have taken only a couple classes each semester because my depression started almost immediately when I first began school. Now it's two years later, I have nothing but general courses, I thought I'd try computer science and hated it...So I'm back where I started. And everyone I went to high school with are graduating now which makes me feel so much worse. I still don't even know what I want to major in. And I really don't want to stay here for two or three more years to finish a degree. Can anyone relate?",True,"The post mentions several factors that contribute to loneliness. The poster expresses a dislike for both community college and the small city college they transferred to, indicating a lack of connection and enjoyment in their educational environment. The mention of depression starting almost immediately when they began school suggests a significant emotional burden that likely contributes to feelings of loneliness. The statement ""everyone I went to high school with are graduating now, which makes me feel so much worse"" indicates a sense of isolation and falling behind compared to their peers. The poster also expresses uncertainty and dissatisfaction with their academic path, adding to the overall feelings of loneliness and frustration. The closing question ""Can anyone relate?"" suggests a desire for connection and understanding from others who may be in a similar situation."
"I know it‚Äôs better to see an expert rather than stranger on the internet but I‚Äôve been to 2 therapist and they haven‚Äôt helped. I‚Äôm 23, male, fit and healthy, come from a good upper middle class family who support me well and I really have no hard struggles to deal with. Despite all this since about the age of 10 I‚Äôve wished I was never born and would rather be dead. Really the only thing keeping me from suicide is that I don‚Äôt want to put my family/ loved ones through that pain. This may be decent enough to keep me alive but still isn‚Äôt much of a viewpoint to live from, there are times I resent my family because I have to endure the pain and stress of life just because of them. I would just much rather be dead than go through the stress of living and working for the rest of my life, call it depression or laziness or whatever but it‚Äôs just my viewpoint in life and I can‚Äôt shake it. Does anyone out there have a similar mentality and have ever thought or been told anything to truly shift them out of that mindset? Therapy has never done anything to help me shift out of this and I almost feel like it‚Äôs too much of a therapist to be able to do so.",True,"The post expresses feelings of wanting to die, resentment towards family, and a general lack of motivation or desire to live. The poster mentions going to therapy multiple times without any improvement, indicating a sense of hopelessness and lack of support. The statement ""I would just much rather be dead than go through the stress of living"" and the mention of suicide show a deeply somber and lonely outlook on life. Despite having a supportive family, the poster still feels isolated and unable to overcome these feelings."
When I‚Äôm asleep I can‚Äôt feel like I‚Äôm drowning like I constantly feel I am. I feel so empty and lost on a daily basis and just hide behind a fake smile. I don‚Äôt have the drive anymore. I feel so alone in this world. Don‚Äôt have anyone to talk to or anything.. I‚Äôve asked my ‚Äúfriends‚Äù if they wanted to go to six flags cause I have a season pass and can get people in super cheap Or free and they all just dust me off. It‚Äôs sucks.,True,"The post expresses feelings of emptiness, being lost, and constantly feeling like drowning. The poster mentions hiding behind a fake smile and losing their drive, indicating a lack of fulfillment and a sense of loneliness. They also explicitly state feeling alone in the world and not having anyone to talk to. The mention of reaching out to friends and being brushed off reinforces the feeling of being unwanted and isolated. Overall, the post conveys a deep sense of loneliness and disconnection from others."
"So I went to therapy twice last week with my first therapist. I was upfront with her that I wanted therapy in addition to possible medication (my anxiety is unbearable at times and my depression has gotten a lot worse lately). She said she doesn't believe in meds and won't refer me to a psychiatrist, but I can't self refer to any psychiatrists because the wait times in my area are so extreme that they only accept referrals for adult patients. I feel really comfy with her as a person and we've started to build a good rapport, but I've been struggling with intense anxiety since I was a child and depression for over a decade. I'm not formally diagnosed but I work in mental health care and I know what anxiety and depression disorders look like. I want therapy and I want to be psychiatrically evaluated and supported too. So should I try to switch therapists to someone who has a more similar medical philosophy to my own or stick it out with this one that I like so far (besides her refusal to help me get in meds)? I don't have a lot of people I can get support from for a decision like this so i appreciate any help or advice you guys have.",True,"The post expresses a sense of frustration and helplessness due to the poster's struggles with anxiety and depression. They mention going to therapy and wanting additional support through medication, but their therapist does not believe in medication and refuses to refer them to a psychiatrist. This situation highlights the poster's desire for psychiatric evaluation and support, suggesting that they are lacking the support they need to manage their mental health issues. They also mention not having many people to turn to for support, indicating a potential lack of social connection and potential feelings of loneliness. Overall, the post indicates a sense of isolation and a need for both therapeutic and medical support, suggesting that the poster may suffer from loneliness."
"Being asked this question always makes me feel so awkward. I can tell the truth and let them know that I feel like a piece of shit, just like the last time they asked me. But that makes me feel whiny and melodramatic and no one really cares that much anyway. Or I can lie and just say ""I'm good"", but I know that I'm not telling the truth and that feels bad.",True,"The post expresses feelings of awkwardness and being asked a certain question. The poster mentions feeling like a ""piece of shit"" and not wanting to come across as whiny or melodramatic. These self-deprecating thoughts and the hesitation to express true feelings suggest a lack of self-worth and potential loneliness. The statement ""no one really cares that much anyway"" further emphasizes a sense of isolation and a belief that their feelings are not valued by others. The overall tone of the post conveys a deep internal struggle and a need for validation and understanding, which are common experiences for someone who is lonely."
I‚Äôm having a quarter life crisis again. I hate my introverted and shy personality. And my depression and anxiety don‚Äôt help. I have quit a lot of things because of that mix and I haven‚Äôt accomplished the things I want to accomplish coz of it. I hate myself. I hate my life. I hope I wake up dead tomorrow. Happy new year!,True,"The post mentions having a quarter life crisis, hating their introverted and shy personality, and struggling with depression and anxiety. These statements indicate a sense of self-disgust and dissatisfaction with their current state. The poster mentions quitting a lot of things and not being able to accomplish their goals due to these factors, which suggests a lack of fulfillment and a feeling of being stuck. The statement ""I hope I wake up dead tomorrow"" indicates a high level of despair and hopelessness. These emotions and thoughts are often associated with loneliness, as the person may feel isolated and disconnected from others."
"It's 5:12 PM central time. I've been in bed, in the dark all day long and I can't get up. I mean, yes, obviously I've gotten up to pee, but then it's straight back to bed. It's birthday depression all over again. Laying around knowing that it's another year and I'm not in a better position that I was in last year, and I genuinely dislike so much about myself. I'm stuck here, feeling miserable, and knowing I have to go out tonight and be social so I don't end up sitting here alone, probably drinking by myself and inevitably hurting myself. Fuck. Whatever. This is obnoxious and I just needed to vent. We'll get through this bullshit. It's just another day. Fuck.",True,"The post mentions feeling stuck in bed all day and not being able to get up, which suggests a lack of motivation and energy. The mention of birthday depression and feeling miserable about oneself indicates low self-esteem and sadness. The poster expresses a need to go out and be social to avoid being alone and potentially engaging in harmful behavior. The use of profanity and strong negative emotions further emphasize the poster's feelings of loneliness and frustration."
"Every day when I wake up, I feel nothing. When I try to do something I can't even get close to what I was trying to do because I give up so easily, Everybody thinks I'm ok but in reality I feel worthless. The fact that life keeps going downhill for me just makes it worse. I want to disappear Everytime I try to conquer this feeling of worthlessness just doesn't work and actually makes it worse. I have nothing. No job or income, no one to love, no properties, and close friends I've had just keep turning their backs on me and making me feel worse as if I never meant anything to them. I just want it to end. I don't want to live anymore, my life has no meaning, nobody listens to me and the ones that do don't understand it or give the old ""you shouldn't feel like that"". I don't think I will make it through this new year, not that most people would actually care enough to even notice if I'm gone I want this suffering to end, I'm slipping deeper and deeper into the thought of ending it all. I can't do this anymore, nothing motivates me, no one seems to care enough. What's the point of living?",True,"The post expresses feelings of emptiness and worthlessness, as well as a desire to disappear and end one's life. The poster mentions feeling like they have nothing, no job or income, no one to love, and no properties. They also mention that close friends have turned their backs on them, making them feel worse. The poster mentions wanting the suffering to end and slipping deeper into thoughts of ending it all. These strong negative emotions, combined with the lack of social connections and a sense of despair, indicate that the poster is experiencing deep loneliness. The statement ""not that most people would actually care enough to even notice if I'm gone"" further highlights the poster's belief that they are not valued or cared for by others, intensifying the sense of loneliness."
"I‚Äôm so over it. I‚Äôm so over everything. I‚Äôve been getting worse in my isolation, but it yields better results for the world and myself for me to be alone. Maybe i‚Äôll go insane, but what does it matter. My boyfriend does not love me, none of them ever have. My best friend does not like me that much. I have so much wrong with me physically and mentally, if society wasnt so accomodating to idiots like myself i‚Äôd be dead. I should be dead. My boss thinks i‚Äôm racist because i‚Äôm terrible at communicating something. Once i loose that job, i‚Äôll have to deal with my dad, who is bad enough as it is to deal with when i do have a job. Loud noises make me panic, i dont trust anyone, i like to deprive myself of sleep.. if i was anywhere else i‚Äôd be dying slowly. Or maybe someone would of come along and put me out of my misery. But i dont feel complete without the misery, i dont like to inflict it on others unlike people i know, i just dont feel like myself unless i‚Äôm depressed and suffering. I feel greedy if i‚Äôm not unhappy. I listen to everyone, but no one listens to me. When they do, i over do it because i guess i‚Äôm just selfish and thats all they see of me. So when i ever open up again, they roll their eyes and leave. God my head hurts. The virus just needs to wipe me out.",True,"The post expresses feelings of isolation, self-deprecation, and a desire for death. The poster mentions being alone and getting worse in their isolation, indicating a lack of social connections. They mention that their boyfriend does not love them and their best friend does not like them that much, suggesting a lack of emotional support from important relationships. They also mention having physical and mental health issues, feeling misunderstood by their boss, and having to deal with a difficult father. These factors contribute to a deep sense of loneliness and a belief that they would be better off dead. The statement ""I feel greedy if I'm not unhappy"" suggests a mindset of associating their identity with suffering and unhappiness. Overall, the post demonstrates a profound sense of loneliness and despair."
"And no, the big rock doesn't fucking break the chest ending my disgusting endless painful life, it stays there laughing at me when I'm crying.",True,"The post describes a deep sense of pain, frustration, and hopelessness. The language used suggests a strong emotional state, including the description of their life as ""disgusting"" and ""endless painful."" The mention of the rock laughing at them while they are crying suggests feelings of isolation and despair. The overall tone and content of the post indicate a sense of loneliness and inner turmoil."
\*glasses clink* Cheers! ~_^ Happy new year.,False,"The post does not express any emotions related to loneliness. The poster is cheerful and happy, expressing excitement for the new year. There is no indication of feeling alone or desiring companionship."
"I've just been prescribed Citalopram 20mg - started treatment today. I do like a drink on the evenings, just to help me relax a bit but I'm aware that's a product of whatever's going on and I'm going to reel it in. Not drink on the evenings and wind myself down some other way. Although, with that being said I love to spend time with my friends and normally we drink a fair amount - go home then go to bed kinda deal. Would it still be okay to get a bit wavy and let my hair down every now and then whilst on the meds?",False,"The post mentions being prescribed medication for mental health and expressing a desire to change their drinking habits. The poster also mentions enjoying spending time with friends and drinking together. Although the post does not directly mention loneliness, it does suggest that the person may be using alcohol as a way to cope with whatever is going on. Wanting to still ""get a bit wavy"" and let their hair down while on medication could indicate a desire for some sort of escape or distraction. While this may not be a definitive indication of loneliness, it does suggest that the person may be seeking ways to cope with their emotions and find some sort of social connection through their friendship and drinking activities."
"Throwaway, because all my friends and such know my account. I know they care, and that's what hurts me the most. My head has always been a conflicting cloud of thoughts. I keep thinking if I were to die, maybe everybody would be happier. Maybe I'll stop being such a fuck up. Maybe everybody would think of me as this better version of myself after I'm gone. I'm young, and I know there's so much ahead for me, that maybe one day things will get better. But it's been so incredibly hard, and I don't think I can do it anymore. My stay at the psych ward made me behind in school, it made me feel selfish for wanting to work on myself, that I was causing pain for others. I sometimes think that maybe if I was gone, people wouldn't need to worry anymore. I wouldn't need to go chat to certain people to feel better. I wouldn't stay in bed and cry all day about how much I just want to disappear. I've been thinking about hanging myself, but after reading about how much it gets fucked up, I'm starting to think of a different method. I don't know. I just feel as if today is going to be my last.",True,"The post describes feelings of hopelessness, self-doubt, and thoughts of suicide. The poster mentions feeling hurt by the fact that their friends care about them, suggesting a lack of understanding or support from those around them. The statement ""maybe if I was gone, people wouldn't need to worry anymore"" indicates a deep sense of loneliness and a belief that their absence would alleviate the burden they feel they place on others. The mention of staying in bed and crying all day, as well as thoughts of disappearing, further emphasize the poster's feelings of isolation and despair. The closing sentence, ""I just feel as if today is going to be my last,"" suggests a sense of impending doom and a lack of hope for the future. Overall, the post expresses a deep sense of loneliness and desperation."
"I‚Äôm crying my eyes off and it‚Äôs really pathetic. It‚Äôs only day two of the new year and I spent the first day in bed. I really just need courage to kill myself, it‚Äôs so hard to keep up a front and try to be positive about a future I can‚Äôt picture. I‚Äôm so tired. How many more such years to come? Wouldn‚Äôt it be easier to just let go? I really hate the innate instinct to survive, if not for that I could just end my life already. I‚Äôm just really sad and really tired of being sad.",True,"The post mentions crying, spending the first day of the new year in bed, and expressing a desire to end their life. These are strong indicators of deep sadness, hopelessness, and loneliness. The poster mentions not being able to picture a positive future and feeling tired of being sad, which further emphasizes their emotional state. The statement 'I really hate the innate instinct to survive' suggests a lack of motivation to continue living, indicating a strong feeling of loneliness and despair."
"Usually don't like having a relationship, Never really trusted having a significant other, They always leave holes in my heart, Thought I found someone who wouldn't, Let that someone into my life, Spend time with them, Became happy, Then they gave a stupid fucking reason, and left me in the gutter...",True,"The post expresses feelings of distrust and reluctance towards having relationships. The statement 'They always leave holes in my heart' suggests that the poster has experienced repeated emotional pain and disappointment in past relationships. The post mentions finding someone who the poster thought wouldn't leave, spending time with them, and becoming happy. The use of the phrase 'left me in the gutter' conveys a sense of abandonment and despair. The overall tone of the post indicates a deep sense of loneliness and the emotional impact of being left by someone the poster cared about."
"I'm always tired but I can never sleep. When I finally do sleep, I can finally be at peace and then I wake up to this shitty feeling. When I was a kid, I used to joke around with my mom every time she tried dragging me out of bed, ""I wanna sleep forever."" She told me not to joke around about it but at the time I didn't understand the implications. But I mean it now. I never wanna wake up.",True,"The post mentions feeling tired but unable to sleep, which can be a sign of insomnia or sleep disturbances commonly associated with loneliness. The poster also expresses a desire to sleep forever, indicating a feeling of hopelessness and potentially a wish to escape from their current reality. The statement ""I never wanna wake up"" suggests a deep level of sadness and disconnection from life, further indicating loneliness."
"Im about to graduate and I feel 0 desire to go to college and find a career or anything. What's the point? To while my time away because everyone else is doing it? Lol. Thanks, but no thanks. I'd much rather just not exist. This shits boring and dumb af.",False,"The post expresses a lack of desire to go to college and find a career, and a sense of boredom and frustration towards these activities. However, it does not directly mention feelings of loneliness or social isolation. The statement ""I'd much rather just not exist"" suggests some level of dissatisfaction with life, but it does not necessarily indicate loneliness. The overall tone of the post is more focused on disinterest and frustration rather than a deep sense of loneliness."
"I just need to vent out. I have no friends to talk with, my family doesn‚Äôt care or are too busy to care, and those people I message are too centered in themselves to notice. I‚Äôve been feeling down, really down and sad. No matter what I do nor how many funny memes I see I cannot bring myself to be cheered up.",True,"The post mentions that the poster has no friends to talk to and feels like their family doesn't care or are too busy to care. This suggests a lack of social support and connection, which can contribute to feelings of loneliness. The poster also mentions that the people they message are centered in themselves and don't notice their feelings, indicating a lack of emotional support and understanding from others. The statement ""I've been feeling down, really down and sad"" expresses the depth of their negative emotions and further highlights their loneliness. The mention of trying to cheer themselves up with funny memes but being unable to suggests that the poster is seeking external sources of happiness but is not successful, which can reinforce feelings of isolation and loneliness."
Everyone thinks im a joke,False,"The post simply states that everyone thinks the poster is a joke, without mentioning any specific emotions or feelings of loneliness. While feeling like a joke may be disheartening, it does not necessarily equate to loneliness."
"damn, at least some fcking alcohol would have made this shitty, depressing-ass night a little easier. that's what everyone else is doing anyway, getting black-out drunk. but instead, in all my sober consciousness, i got to watch a bunch of happy excited people with bright eyes out in times square kissing each other and doing anything at all in their lives at midnight tonight.",False,"The post expresses frustration and disappointment, but doesn't directly mention feelings of loneliness. The focus is more on the poster's desire for alcohol to make the night easier and their observation of other people in Times Square enjoying themselves. While the poster may feel left out or envious of others, there isn't a strong indication of deep loneliness in this post."
I'm still able to do daily tasks but my minds all ways blank when I do them when I do think it's usually a long thought about deppressing stuff or it's quick thoughts. Sometimes I get the urge to choke myself with my hands and one time I scratched myself very hard and the next day a scab formed where I scratched. I don't feel depressed except when I have long thoughts but I know when your depressed you sometimes don't feel anything.,True,The post mentions having a mind that is always blank and only capable of thinking about depressing stuff. This indicates a lack of mental stimulation and possibly a sense of loneliness or isolation. The mention of self-harm behaviors like scratching oneself and the urge to choke oneself suggest feelings of distress and frustration that are often associated with loneliness and a lack of emotional support. The poster's mention of not feeling depressed except during long thoughts and the acknowledgment that depression can cause a lack of feeling also suggests a possible connection between their emotions and loneliness.
She's in too much pain. Keeping her alive is only for me at this point. It's unfair to her. She's my only friend and I have no clue what to do.,True,"The post mentions that the poster's friend is in a lot of pain and that keeping her alive is only for the poster's sake. This indicates a deep concern for the friend's well-being and a sense of responsibility towards her. The statement ""She's my only friend and I have no clue what to do"" suggests a lack of social support and a feeling of being unsure or lost. The combination of concern for the friend's pain and the feeling of being alone contribute to a sense of loneliness."
"Whenever I‚Äôm not 100% distracted, I end up thinking about my mood, and at this point, I will automatically tell myself and reinforce that I am in fact depressed and not truly having fun, even if it is questionable. I can‚Äôt even tell if I‚Äôm having fun. It‚Äôs like if I‚Äôm enjoying myself heaps, like laughing with friends or watching cute animals, and realise that I‚Äôm having fun, and that thought triggers myself to say to myself that I will never be happy and this is a fleeting moment, and that thought itself acts as ‚Äòevidence that I‚Äôm depressed‚Äô which goes back into the cycle of negativity which de-purifies whatever enjoyment I‚Äôm feeling. Plus, I honestly don‚Äôt remember what true happiness or pleasure feels like, like what am I looking for to know they‚Äôre working?",True,"The post mentions constantly thinking about one's mood and self-reinforcing the belief that they are depressed. The poster also mentions not being able to tell if they are truly having fun and how thoughts of never being happy and experiencing fleeting moments of enjoyment trigger negativity. The statement 'I honestly don't remember what true happiness or pleasure feels like' suggests a long-term absence of happiness and pleasure, which can contribute to feelings of loneliness and a lack of fulfillment. The overall focus of the post is on the cycle of negativity and the struggle to experience genuine happiness, indicating a potential sense of loneliness."
anybody know any sites or location to go for help with seeing a lot of trauma and that the has PTSD from 9/11 as well that are easy get to and join in nyc Brooklyn,True,"The post mentions needing help with seeing a lot of trauma and having PTSD from 9/11. These experiences indicate that the poster has been through significant emotional and psychological distress. Seeking help and support from others suggests a desire for connection and a recognition of the need for companionship in order to cope with their trauma. The mention of specific locations in NYC also implies a search for local resources, further highlighting the need for support in their immediate environment."
"One person wished me a merry Christmas. one person wished me a happy new year. one person called to see if I was doing anything. He is literally my only friend. He knows I am depressed, but I don't think he realizes how much better he made me feel just by calling. I just wanted to say that if you know someone who is depressed/lonely, call them and let them know you care, it would mean a lot to them.",True,"The post mentions that only one person wished the poster a Merry Christmas and a Happy New Year, and only one person called to see if the poster was doing anything. This indicates a lack of social interaction and support from others, highlighting potential feelings of loneliness. The poster also mentions being depressed and how much better they felt just by receiving a call from their only friend. This suggests a deep longing for connection and the positive impact that even a small gesture of care can have on someone who is lonely. The closing statement emphasizes the importance of reaching out to those who are depressed or lonely, further indicating the personal significance of this issue to the poster."
Just had a close friend completely block me and as the title suggests he was a furry. He recently came out as a furry and I was fine with it but recently he started hanging out with his furry friends and just up and blocked me today. One of his new friends might be a pedophile anyways and they were talking about meeting up to go to a con but you know what screw him. So yes I am now depressed as he was my only friend.,True,"The post clearly expresses feelings of sadness and depression, which are often associated with loneliness. The poster mentions being completely blocked by a close friend and feeling betrayed by their actions. The statement ""he was my only friend"" indicates a lack of social connections and reliance on this friendship for companionship. The post also hints at a bigger issue, with concerns about one of the friend's new acquaintances potentially being a pedophile. This situation further contributes to feelings of loneliness and isolation, as the poster has lost their only friend and may not feel safe or supported in their social circle."
"For my most of my life I wanted to be a musician. My best friend and I were in a band together and we were building something. However, as I entered my mid-20s and entered a serious relationship, I felt competing priorities and wanted to potentially pursue career paths that had more stability and less time away for things like touring. Since then, I've been locked in paralysis for over a year about I should be doing with my life. I feel a lot of regret about leaving the music path, yet don't feel confident enough to rejoin it either. Similarly, I feel hopeless attempting to commit myself to another path that will make me fulfilled. The more I think about things and analyze them, the more my brain takes me down a dangerous path of regret, anxiety, and despair. Any words of encouragement of solidarity would be greatly appreciated. Thanks.",False,"The post does mention feelings of regret, anxiety, and despair, but it does not directly mention feelings of loneliness. The poster mentions being in a serious relationship and having a best friend, which suggests they have some level of social connection. The focus of the post is more on feeling paralyzed about career choices and seeking encouragement and solidarity, rather than a deep sense of loneliness."
I‚Äôm such a fucking retard. I deserve to die. I hope that I‚Äôll die. It‚Äôs all too fucking much.,False,"The post expresses feelings of self-hatred, hopelessness, and overwhelm, but it does not directly mention loneliness. Loneliness is the feeling of being alone and lacking social connection, which is not explicitly stated in this post. The focus is more on the individual's self-perceived flaws and desire to end their own life. While these emotions are concerning and warrant attention, they do not indicate loneliness specifically."
I'm a fucking burden on everyone. Idk why there's still like 5 people that care. I wish they didn't so I could just fucking die already,True,"The post expresses feelings of being a burden on others and wishing to die, which suggests a deep sense of loneliness and despair. The statement 'Idk why there's still like 5 people that care' indicates that the poster feels like they have a limited number of people who care about them, further emphasizing their loneliness. The use of explicit language ('fucking burden', 'fucking die') conveys a strong emotional intensity and desperation."
"The start of a new year is supposed to represent a new beginning, right? A reset button on life? Well, wasn't it great when I realized I would be welcoming it with a wonderful little episode of depression! I think it was my first episode in a month or so. I feel lonely and unloved, like I could say nothing to everyone I know and they would never think to talk to me or start any conversations. It doesn't help that I'm 19 and have basically zero dating experience. Why am I even trying?",True,"The post mentions experiencing a new episode of depression, feeling lonely and unloved, and having no dating experience at 19. These statements indicate a profound sense of loneliness and a lack of social connection. The poster expresses feeling like they could say nothing to everyone they know and that no one would initiate conversations with them, which further emphasizes their feelings of isolation. The closing question 'Why am I even trying?' suggests a sense of hopelessness and a struggle to find purpose or motivation in their current circumstances. Overall, the post reveals a deep emotional distress and a strong indication of loneliness."
"I‚Äôve mentioned it a couple times on here lately, but my depression has been ruining most parts of my life, including job performance. I‚Äôve got a meeting in the morning with my bosses about my poor performance and I think I‚Äôll be fired. Does anyone have any similar experiences? How did you handle it? How would you begin to explain to your boss the toll depression takes on you and your performance. My meeting is at 8am tomorrow morning and I‚Äôm desperate to talk to people with similar experiences. Thank you so much. **Update:** Thank you everyone for your support, kind words, and sharing your own experiences. I had the meeting today. I have to admit I broke down a bit, had trouble getting sentences out, but I tried my best to explain how depression was affecting me and my job performance. They were very kind and understanding, but still said I need to either resign or they will have to start the termination process. Long story short: It‚Äôs over, I failed again.",True,"The post mentions the poster's depression and how it has been negatively affecting their job performance. This suggests a sense of isolation and struggle with their mental health. The poster also expresses a desperate need to talk to people with similar experiences, indicating a desire for connection and validation. The update further emphasizes the feelings of loneliness and failure, as the poster shares that they broke down during the meeting and ultimately failed to keep their job. Overall, the post conveys a deep sense of loneliness and isolation due to the impact of depression on the poster's life."
"My depression is catching up to me... again... right when I think I'm doing alright, the drowning begins again. I'm tired of running around in circles to get away from my demons only to end up consumed by them anyway.... My life has been constant ups and downs, from abusive parents and partners, to self sabotage and circumstances out of my control that almost ruined my life... When am I going to stop being punished....? I'm a good person.. I try to be... why do I keep getting handed sour lemons when I try so hard to be happy and make good lemonade?",True,"The post mentions depression, feeling tired, and being consumed by demons. The statement 'My life has been constant ups and downs' suggests a feeling of consistent struggle and hardship. The mention of abusive parents and partners, as well as self-sabotage and difficult circumstances, imply a lack of healthy relationships and support systems. The poster expresses a sense of punishment and questions their own worthiness of happiness. This suggests feelings of isolation and loneliness, as well as a longing for a more positive and fulfilling life."
"All day I just want to die, but I'm to lazy to even die. The only thing that makes me live and fell alive is a friend of mine. She is the best womam I've ever seen, I love her so much that I can't explain... I love her so much that I can't even think in death and I wouldn't forgive myself for making her cry.",True,"The post expresses a desire to die and laziness towards taking action, indicating a deep sadness and lack of motivation. However, it also mentions a friend who brings joy and a sense of being alive. The statement ""The only thing that makes me live and feel alive is a friend of mine"" suggests a reliance on this friend for emotional support and a sense of connection. The poster also mentions loving this friend so much that they cannot even think about death and would not want to make her cry, highlighting the importance of this relationship in their life. While there are moments of despair expressed in the post, the presence and significance of the friend suggest that the poster is not suffering from loneliness."
"I want someone to hit me and make it look like an accident. That way, my family can claim the insurance and I would be finally free. Win win. All I could think of everyday is to wish I‚Äôd be in an accident and die right away. I‚Äôm too weak yet to kill my own self, but I‚Äôm mustering all my courage - my family can‚Äôt claim the insurance though. Any takers to hit me with your car?",True,"The post expresses a desire for someone to hit the poster and make it look like an accident so that their family can claim insurance. This suggests a feeling of hopelessness and a desire to escape from their current situation. The post also mentions thinking about wishing to be in an accident and die every day, indicating a deep sense of despair. The statement 'I'm too weak yet to kill my own self' suggests a struggle with mental health and a lack of support or connection with others. Overall, the post conveys feelings of loneliness, desperation, and a desire for a way out of their current circumstances."
"I love my mum, she‚Äôs my mum for gods sake, but when I went to do something, she saw I was on here. Don‚Äôt get me wrong, it‚Äôs my fault for leaving my phone on the desk, but I‚Äôve tried all I can. My mums put me in therapy but that‚Äôs not helping at all. I just don‚Äôt want to seem like I‚Äôm not okay because, for the past month, everyone walks on egg shells with me. I want to die, I haven‚Äôt got a reason to live other than ruin my life. I‚Äôve been told that I matter but the words don‚Äôt mean anything when I‚Äôve been told that I‚Äôm worthless and should give up. I‚Äôve had to lie to my mum because I‚Äôve been close to suicide multiple times. I turn 18 this year as well so then I‚Äôll be out of the support of my parents. I feel lost. I want my mum to think I‚Äôm happy, yet, I‚Äôm so fucking suicidal I‚Äôve lost so many people. I might as well be dead if I keep pushing people away",True,"The post expresses feelings of deep sadness, hopelessness, and a desire to die. The poster mentions their mother seeing them on the internet and putting them in therapy, suggesting possible disconnection or misunderstanding between the poster and their mother. The statement ""I haven't got a reason to live other than ruin my life"" implies a lack of purpose or meaning and a sense of worthlessness. The poster mentions being close to suicide multiple times and feeling lost. They express a desire for their mother to think they're happy, indicating a need for validation and support. The statement ""I've lost so many people. I might as well be dead if I keep pushing people away"" suggests feelings of loneliness and isolation, as well as a fear of losing more relationships. Overall, the post conveys a deep sense of loneliness, despair, and a lack of social support."
"I guess that's just about it. I'm in the deepest depression I've ever been in my long-ish life. Been through a devastating medical issues, three close friends died recently, lost my job and my health care and the fucking holidays are shit. Mostly my friends leave me alone, but a few have actually gotten angry at me for not paying attention to them. They say, ""Let me know if there's anything I can do to help."" and when I say, ""Buy my meds,"" they say no. ""Help me clean my house."" they say they can't. Etc. When they keep blathering this shallow bullshit at me, demanding my attention and then get mad when I remind them that I already told them how to help and they said no. I just step away. But I feel like I should have something to say to them that sets them straight. Wondering if anyone else has dealt with anything like this. Thanks.",True,"The post mentions being in the deepest depression the poster has ever experienced, which indicates a significant emotional distress. The poster also mentions going through devastating medical issues, the recent deaths of three close friends, losing their job and healthcare, and feeling that the holidays are terrible. These factors contribute to a sense of overwhelming loss and despair. The poster also mentions that most of their friends leave them alone, but a few have gotten angry at them for not paying attention to them. This suggests a lack of social support and understanding from their friends, which can contribute to feelings of loneliness. The poster expresses frustration and anger towards their friends for not offering practical help when they ask for it, which further emphasizes their feelings of loneliness and disappointment. Overall, the post reflects a deep sense of sadness, isolation, and a lack of support, suggesting that the poster is suffering from loneliness."
"Posted on this /r/sexuality and I want to post it here since this subreddit is more active. -- I am a male and I'm 19, I go to college. I have never been happy and content in my life, severe depression that's been on for 4+ years is one of the root causes. Depressed because I have no intimate interactions with females, who I am absolutely attracted to. Three ago I started experiencing thoughts that I would truly find happiness if I were born a female and I don't really know how I find solute in that thought - maybe because of my limited experience with women, but I do not know for sure. I lost my virginity after two days of my 18th birthday to a hooker and I didn't even get to finish. I've only hooked up with one girl when I was 17 and that included only making out and that was it, apart from those two experiences I have other sexual experience whatsoever. I need some help to understand my own self and why I feel this way, maybe it's because I need to get more experience with women? (Which is another problem.) Reddit please help",True,"The post expresses feelings of unhappiness, depression, and a lack of intimate interactions with females. The poster mentions severe depression that has been ongoing for over 4 years, which suggests a prolonged period of loneliness and dissatisfaction with their social and romantic life. They also mention feeling happier if they were born a female, indicating a desire for a different identity and potentially wishing for a different social experience. The poster's limited sexual experiences and the mention of needing help to understand themselves further emphasize their feelings of loneliness and frustration."
"Because sometimes that happens to me, and I‚Äôm wondering if it‚Äôs just a me thing, or...",False,"The post does not provide enough information to determine if the poster suffers from loneliness. The poster mentions that something happens to them sometimes, but does not specify what that something is. Without more context or information about the emotions expressed, it is difficult to conclude whether or not the poster is experiencing loneliness."
"How can I be so fucking stupid that I manage to fuck everything up? I was dating a girl, and then we broke up because I‚Äôm such a problematic fuck that she just pretends I don‚Äôt even exist anymore, and me, a stupid cunt thinks that one day I‚Äôll feel fine and loved again haha! I really don‚Äôt wanna do anything anymore, my parents hate me, all my friends are running away from me and those who aren‚Äôt doing it are lovely and I really appreciate it... but I don‚Äôt wanna have to go to a place where everyone hates me and they don‚Äôt even bother telling that I‚Äôm going to be the next one to suicide in that fucking school... I deserve it don‚Äôt I? I‚Äôm such a possessive narcissist cunt... maybe I should just accept that this thing isn‚Äôt for me... I should kill myself",True,"The post expresses feelings of worthlessness, self-hatred, and a desire to end one's life. The poster mentions a broken relationship, feeling abandoned by friends, and the belief that everyone hates them. These experiences contribute to a sense of loneliness and isolation. The statement ""I don't wanna have to go to a place where everyone hates me"" suggests a lack of social support and a fear of facing rejection in a school environment. The closing sentence, ""I should kill myself,"" indicates a deep despair and a feeling of being overwhelmed by their circumstances."
"I was with a group of friends last night, and another friend started talking to another friend about how many girls secretly liked him and stuff. It was crazy, because no one has ever talked to me about things like that. Then, on the way to the pub, a group of girls basically called me unattractive. Funny how girls are never shy about calling me ugly, but they're apparently too shy to ""approach me"". I never get signals, I've had shit luck on dating sites, no one ever approaches me, no one has ever had a crush on me, and my family are the only people that call me handsome. Nothing tells me that I'm ugly based on how girls treat me versus how they treat other guys. Yes. I lift and dress well, too.",True,"The post expresses feelings of inadequacy and rejection when it comes to romantic relationships. The poster mentions being in a group of friends where conversations about attraction and secret admirers were happening, but no one has ever talked to them about such things. They also mention being called unattractive by a group of girls, highlighting the negative experiences they have had when it comes to their appearance and how they are perceived by others. The mention of ""no one ever approaches me"" and ""no one has ever had a crush on me"" emphasizes their feelings of isolation and lack of romantic interest from others. The reference to their family being the only ones who call them handsome suggests a lack of validation and compliments from individuals outside of their immediate family. The closing sentence ""Nothing tells me that I'm ugly based on how girls treat me versus how they treat other guys"" further highlights their deep sense of loneliness and longing for romantic connection."
"I was told Highschool is supposed to be the best year of my life because of all the girls and opportunities to date. but nobody likes me. every girl I've tried to get with has just used me and manipulated me to make themselves feel good, then threw me aside. I've never hugged a girl, or held anyone's hand, or kissed anyone. I feel like it's all my fault but I give girls my all when I like them. But they don't care. Is it because I don't do sports? Because I'm so depressed I stay up till 4 every morning crying myself to sleep? I don't get it This last girl left me shattered. I can't do anything but cry. I know I post here like everyday... but I don't know how else to cope.",True,"The post expresses feelings of loneliness and despair, as well as a sense of frustration and confusion. The poster mentions that nobody likes them and that every girl they have tried to pursue has used and manipulated them, leaving them feeling discarded. The poster also mentions never having physical contact with anyone and feeling like it is their fault. Additionally, they mention staying up until 4 am every morning crying themselves to sleep, which suggests a deep emotional distress. The closing sentence, ""I know I post here like everyday... but I don't know how else to cope,"" indicates that the person is seeking support and comfort from an online community because they do not have other coping mechanisms or people to turn to. The combination of these factors suggests a strong sense of loneliness and longing for connection."
I'm done with people telling me that things will get better when it clearly won't. I'm still alone as always everyone around me is happy and it's pissing me off hearing that I'll find somebody someday. The friends that I have I haven't seen in along time looking back on it I feel that they were only friends with me to make themselves feel better. It really feels like there is no point no matter how much I workout and stay fit I don't feel HAPPY no matter what hobbies I pick up I still feel empty. And yet everyone keeps telling me to keep TRYING I dont do think I can try any harder. I take meds and I don't feel any better I'm always in a dark place and I'm sick emotionally lying to myself some people are destined to have a crap life and I'm proof of this. I was born a loser and I'll die a loser no amput of self improvement is able to fix that.,True,"The post expresses feelings of frustration, anger, loneliness, and hopelessness. The poster mentions being alone and feeling like everyone around them is happy, which emphasizes their sense of isolation. They also mention not feeling happy no matter what they do or how much they try, suggesting a deep-seated feeling of emptiness and discontent. The statement 'some people are destined to have a crap life and I'm proof of this' highlights their negative self-perception and belief that their life will never improve. Overall, the post conveys a strong sense of loneliness and despair."
"Bit of a selfish rant I suppose...been suffering with depression and anxiety for quite some time and currently am taking meds and starting counselling next week which has been arranged by my employer. Tuesday was the first day back to work after the Christmas holidays and I couldn‚Äôt face going in so I told them I was working from home which was fine. Then this morning came around and I laid in bed for a good 2 hours before convincing myself to take a sick day and be alone with my thoughts (working from home wasn‚Äôt an option today) I‚Äôve been home all day just dotting between Reddit, naps and the Xbox recharging my batteries but everyone close to me has tried to contact me to see that I‚Äôm ok and ask if I want to be visited. I‚Äôve had 5 concerned messages so far including coworkers, my manager and my mother all asking what they can do to help and I just want to say ‚Äòleave me alone‚Äô but can‚Äôt be rude or ungrateful even though it‚Äôs making me feel worse.",True,"The post mentions suffering from depression and anxiety for quite some time, taking medication, and starting counseling. These are all indicators of mental health struggles that can contribute to feelings of loneliness. The poster mentions not being able to face going to work and deciding to take a sick day to be alone with their thoughts, indicating a preference for solitude. The fact that everyone close to them has tried to contact them and offer support suggests that they have people who care about them, but the poster's desire to be left alone and feeling worse as a result suggests a deep sense of loneliness and difficulty in expressing their needs to others."
"I'll try to be as transparent as possible without revealing too much. I am a high school senior, about to graduate in \~3 months. It feels like my life has been defined by the pressure to get good grades; and while I have done decently well in that regard, it has come at the expense at my social life and a lot of other things I value. I used to love the sport I played; now it feels like a burden to even show up to practice. I feel the same way about the other extracurricular activities I'm involved in. I've been rejected to several colleges/programs already, some of which I thought I had a decent shot at getting into. Occasionally, I have what I think are real suicidal impulses, but I know that I'm too much of a fucking pussy to do anything about it. The closer and closer I get to graduation, the lower my work ethic stoops, and the worse I feel about the utterly pathetic excuse of a human being that I now am. The reason why I'm confused is because occasionally, I have moments where I enjoy myself. Where I enjoy life. It feels like I'm bobbling on a line between despair and hope and I'm not sure whether that makes me truly depressed/suicidal.",True,"The post mentions feeling overwhelmed by academic pressure and as a result, the poster states that their social life and other valued activities have suffered. This suggests a lack of fulfillment and potential loneliness from not being able to engage in activities they enjoy. The mention of feeling like a ""pathetic excuse of a human being"" and having suicidal impulses indicates a deep level of sadness and despair. However, the poster also mentions having moments where they enjoy themselves and feel hopeful. This suggests that while they may be experiencing some depressive symptoms, they are not consistently feeling lonely or devoid of any positive emotions."
"And you start to notice people you know dont really listen to you anymore. When you cant keep up the ""im fine"" charade and realize that you have nobody to turn to. Maybe you never have. This is my life obviously but this is also a shout to others who feel the same way. Hello my fellow invisible ones. Dont give up, it only makes it worse and nobody will save you anyway.",True,"The post mentions feeling like people don't really listen to the poster anymore and being unable to keep up the facade of pretending to be fine. This indicates a lack of meaningful connections and a sense of isolation. The statement ""realize that you have nobody to turn to"" highlights the loneliness and the feeling of not having anyone for support. The line ""Hello my fellow invisible ones"" suggests a reaching out to others who may also feel invisible and lonely. The encouragement to not give up and the statement ""nobody will save you anyway"" further emphasizes the deep sense of loneliness and despair in the poster's words."
"I've made a whole google doc sheet about how I'm going to kill myself and it looks pretty good with 31 ways in the list. I don't have any emotional support around, my mum would just give me silent treatment when I say how I feel. I get anxiety attacks often a lot of times and it's really hard for me to open up around here. Should've just stayed in college than come at the wrong place (ie. Here). When I get any idea of my own, they'd shut it down or give no response. I don't know if I'm even going to survive in any corporate workplace.",True,"The post mentions making a detailed plan for suicide, expressing feelings of not having emotional support, and experiencing anxiety attacks. The poster also mentions difficulty in opening up and feeling shut down by others. This indicates a deep sense of loneliness and lack of support. The statement 'Should've just stayed in college than come at the wrong place' suggests a feeling of being out of place and not fitting in, which can contribute to loneliness and isolation. The closing sentence 'I don't know if I'm even going to survive in any corporate workplace' further emphasizes a sense of hopelessness and isolation."
"Well, my title says it all. If I had a choice, I would sleep and hang out all day by myself. I have a cousin in town who wanted to meet me at a local art expo and I made up an excuse as to why I cannot meet him for lunch. I can tell he was disappointed and I feel lousy about it. My mom passed away 6 months ago (cancer), my dad lives in a memory care facility (dementia), I got divorced in September and I am estranged from my crazy brother (for good reason). Anyway, I‚Äôm just...not in the mood to make small talk, talk about my deceased mother and walk around an art show. I feel like a terrible person for not being able to meet these social obligations. Am I terrible? Anyone else feel similarly? Help, please.",True,"The post expresses a desire to spend time alone and a lack of motivation to engage in social activities, such as meeting the cousin at a local art expo. The poster also shares personal hardships, such as the passing of their mother, the dad living in a facility, estrangement from their brother, and going through a divorce. The mention of feeling like a terrible person for not meeting social obligations and seeking help and validation suggests a sense of loneliness and a need for support. The combination of wanting to be alone, experiencing multiple difficult life events, and feeling guilty for not being able to fulfill social obligations points to a strong possibility of loneliness."
"I try hard to be friendly and kind and hide my depression but nobody seems to care about me at all. I get ditched regularly and friends flake on me all the time or replace me. Anyone romantically interested in me rapidly realizes I'm boring, but I try hard to compensate by looking out for them and being nice so they will be willing to give me a chance. I really have a lot of love to give but it feels like the universe doesn't want me. It's like it's saying give up, cant you see we don't want you here? I feel like my desire to die is forced on me because I see how life could be beautiful but it's like I don't fit in it correctly. It hurts cause I'm wasting my time and everyone else's too",True,"The post mentions feeling lonely and uncared for, as well as experiencing regular instances of being ditched and replaced by friends. The poster expresses a desire to be accepted and loved, but feels inadequate and boring to others. The statement 'I really have a lot of love to give but it feels like the universe doesn't want me' suggests a profound sense of rejection and loneliness. The mention of a desire to die, feeling like they don't fit in, and wasting their own and others' time further emphasizes the deep emotional pain and isolation that the poster is experiencing."
"This has not been a good year for me, and has not been for a great amount of people, there is a great stigma towards 2016 as being a shitty year, but how many people actually lost something this year? Yeah celebrities died, blah blah, I'm not being apathetic, they were good people, but how many people actually cared about them? Every single time some big name dies, people fill their facebook statuses talking about how x was a big inspiration for them, how x helped them greatly, thing is, most people didn't give a flying fuck about them in the first place, but virality hit them and they didn't want to feel left out of it, facebook is nothing but a big viral circus for the ego, pseudo friends and ads. I'm tired of being told my depression is chemical inbalance or some other bs, I love life, but I'm tired of being pointed as the culprit because for sure I'm trying, how many times I messaged facebook ""friends"" and they were downer as fuck, only replying with fillers or excuses, nobody wants to hang out, most people don't want to really connect anymore, they want to live out their digital identities in real life, real socialization is basically dead, everyone is racing towards who's got the ""better"" social condition, who's got more likes? who's got more photos? I'm not exaggerating, instead of a simple gathering, hanging out, doing fun stuff, chat about life, everyone now hangs out to chat about other people, chat about material crap, chat about bs, chat about how they got fucked x amount of girls, or how they achieved y stuff, really fuck off with this crap, everyone likes to conversate about mundane crap, people don't want to exchange ideias, they wanna show off.",True,"The post expresses a deep sense of sadness, frustration, and disillusionment with social connections. The poster mentions that this year has not been good for them and questions how many people actually lost something this year. This suggests a feeling of isolation and a lack of support from others. The poster also expresses frustration with the superficiality of social media and the lack of genuine connection in society. They mention messaging ""friends"" on Facebook who were unresponsive or dismissive, indicating a lack of meaningful connections. The statement ""nobody wants to hang out, most people don't want to really connect anymore"" further emphasizes their feelings of loneliness. The post's tone is filled with anger and bitterness, highlighting the emotional impact of not being able to find true companionship."
"28F. My husband wanted to move from West coast to the East coast. Here we are 5 months later. I hate my job and most coworkers. I met a coworker I loved but she ended up leaving and now I have nothing to look forward to at work. I eat in my car I'd rather eat by myself than with gossiping, whining women. My husband has always been a people person so hes made friends pretty quick. There's days were hes out and I'm sitting home alone. So alone. I cry in secret. I keep things to myself idk where I've gotten the idea that I need to be strong and crying is weakness. I tried talking to my husband last night and I was having a hard time talking. He ended up leaving and just sleeping in the livingroom which didnt help this situation. I miss my mom I miss my sister I really fuckin miss my friends. God do I miss thier hugs so damn much I miss my job it was an amazing job with great pay and my coworkers were my friends I miss our little home I miss my car Lucy I miss the weather I just want a hug",True,"The post expresses feelings of loneliness on multiple levels. The poster mentions hating their job and disliking most coworkers, highlighting a lack of positive social connections in the workplace. The poster also mentions missing a coworker they loved and the lack of anything to look forward to at work, further emphasizing the loss of companionship. The statement ""there's days where he's out and I'm sitting home alone. So alone"" reveals a sense of isolation and longing for company. The poster also mentions crying in secret and keeping things to themselves, indicating a lack of emotional support and potential feelings of isolation within their marriage. The longing for family, friends, and human touch such as hugs further reinforces the sense of loneliness expressed in the post."
Fuck everything I‚Äôve worked so hard and prayed so much and it‚Äôs all still going so bad. I don‚Äôt know what to do anymore I can‚Äôt even wake up without crying I hate this,False,"While the post does express frustration, sadness, and a sense of hopelessness, it does not directly mention feelings of loneliness. The poster mentions working hard, praying, and feeling emotional, but there is no indication of a lack of social connection or isolation. The focus of the post is more on the difficulties and challenges the poster is facing, rather than a deep sense of loneliness."
"Hi guys i really really want to die but every time i want to do it i think about all the people who would be sad about me killing myself. I'm 23 *5 ft 7 * Receding hair * Gotten ugly (used to be very handsome and have women constantly flirt with me) * I got fired from my job * I've destroyed my brain through abusing internet/video games - can no longer think anymore. * I've blown all my money on gambling and prostitutes * I have a terrible OCD/body dismorphia problem that makes me obsessed with working out / eating healthy (to the point that it is damaging my life + * This has made me lost the majority of my friends) * I've never had a gf * i'm also pretty bad socially, often quiet and shy (Social anxiety) I want to just kill myself Everyday I have thoughts saying just do it, do it, i want to die. Just do it. But it's so hard for me. e.g. i have a 13 year old cousin (Single child) who looks up to me and thinks i'm the boss. If i kill myself how would he feel? what am i supposed to do?",True,"The post expresses a deep desire to die and mentions various negative experiences and challenges in the poster's life, such as losing a job, financial troubles, physical appearance concerns, obsessive-compulsive disorder, loss of friends, and social anxiety. The poster also mentions feeling lonely and isolated, as they have never had a girlfriend, struggle socially, and feel disconnected from others. Additionally, the mention of the poster's 13-year-old cousin looking up to them and feeling a sense of responsibility towards the cousin suggests that the poster may feel a lack of support and may not have someone to turn to for help in their current state of despair. Overall, the post reflects deep emotional pain, hopelessness, and a desire to end their life, indicating a strong sense of loneliness."
"I was given the disclaimer before starting (50mg, 3 weeks ago) that this wasn‚Äôt going to fix every issue in my life, but I‚Äôve been feeling so tired, unhappy and unmotivated. Is there anything I can do in terms of self help?",True,"The post mentions feeling tired, unhappy, and unmotivated. These emotions can be indicators of loneliness, as individuals who are lonely often experience feelings of fatigue, sadness, and lack of motivation. The poster also mentions seeking self-help, which suggests a desire to improve their current emotional state and potentially address feelings of loneliness."
"Tried tons of SSRI's and Tri-cyclics in my previous bouts of MDD. Last bout of MDD (2002) pristiq + Wellbutrin kicked it's ass. This bout pristiq + Wellbutrin didn't work. We've rotated a bunch of adjuncts in and out with pristiq. Currently taking pristiq + lamotreigene + latuda. Been on this regimen for 3months. That plus a round of TMS and Talk therapy with a psychologist has not broken this round of MDD. I'm definitely changing regimens, have an appointment with psychologist tomorrow morning. What am I going to change to... I'm thinking it's time to change to something completely different - an MAOI. Thoughts? Anyone been down this road? Other major symptoms of my depression: Lack of energy, trouble sleeping (taking temazepam for this problem), lack of enjoyment... Do the newer reversible MAOI's have the same dietary restrictions?",True,"The post mentions previous bouts of major depressive disorder (MDD) and the poster's current struggle with MDD. These mental health issues are often associated with feelings of loneliness and isolation. The mention of trying different medications and therapies indicates a long-standing struggle with depression, which can also contribute to feelings of loneliness. The poster describes symptoms of depression, such as lack of energy, trouble sleeping, and lack of enjoyment, which are commonly associated with feelings of loneliness. The question about MAOI and dietary restrictions does not directly relate to loneliness, but the overall content of the post suggests a deep sense of isolation and struggle."
I‚Äôm depressed and I don‚Äôt want to live anymore I always feel ignored I told my ‚Äúcrush‚Äù that I liked her and I got rejected and now the person I hate likes her I already made a plan to kill myself and I‚Äôm going to do it next week my family is sick in the head and there never close to me the all spread through out Canada I‚Äôm pretty sure I have a mental illness and it seems like my friend group is getting smaller and smaller by the hour I have nothing to live for and I life seems to get crazier and crazier by the day everyone around me seems so happy and it‚Äôs seems like I‚Äôm the only one suffering I need help major help if I go to counseling they will only tell me lies that I‚Äôm good enough even though that I‚Äôm nothing no one will miss me and this is my final call for help,True,"The post expresses feelings of depression, hopelessness, and a desire to end one's life. The poster mentions feeling ignored, being rejected by their crush and the person they dislike now showing interest in their crush. They also mention feeling like their friend group is getting smaller and smaller and feeling that everyone around them is happy while they are suffering. The post reflects a deep sense of loneliness and a lack of social support. The statement ""I have nothing to live for"" and ""no one will miss me"" further emphasizes the feelings of isolation and despair. The closing sentence ""this is my final call for help"" indicates a cry for assistance and highlights the seriousness of the poster's loneliness and mental health struggles."
In scrubs waiting for the Psychiatrist. Haven‚Äôt been able to eat or sleep for 2 days after my trauma from 28 years ago was triggered. Not sure what the Psychiatrist will do for me. I still have no appetite. Hoping that I can get something to get me to sleep. Pray for me.,False,"While the post mentions being unable to eat or sleep and feeling triggered by a trauma, it does not directly mention feelings of loneliness. The focus of the post is on the poster's current state of distress and their hope for relief from a psychiatrist. Although the person may be experiencing emotional turmoil, loneliness is not the primary emotion expressed in this post."
I really don't know what to do all I want to do right now is just sit alone with no one around me and just cry like why does life have to be this terrible why and why did this have to happen to me why am I only so dumb so stupid and just useless I don't want to be like this i hate it but i don't know what to do,True,"The post expresses a strong desire to be alone and cry, indicating a longing for solitude and a sense of isolation. The poster questions why life is so terrible and why these things are happening to them, suggesting feelings of hopelessness and despair. The self-criticism and questioning of their own intelligence and worthiness further highlight a sense of loneliness and low self-esteem. The closing statement, ""I don't want to be like this i hate it but i don't know what to do"", conveys frustration and a lack of understanding or direction, further contributing to a feeling of loneliness."
You guys ever watch a cartoon like adventure Time and fall extremely deep into the stories and realize that the stories that the show tells are more interesting than your life... Or that the characters have more personality. Like is it just me? I fall in love with the plot and I'm emotionally drained but in a good way but then at the end I just wanna die thinking how sick it'd be to not be alive or just be in somewhere where I'm appreciated and have friends.,True,"The post mentions watching a cartoon and becoming emotionally invested in the stories and characters. The poster expresses a sense of disconnect between their own life and the stories portrayed in the cartoon, suggesting a dissatisfaction with their own experiences. The statement 'I just wanna die thinking how sick it'd be to not be alive or just be in somewhere where I'm appreciated and have friends' indicates a desire for a different reality where they feel valued and have companionship. This longing for connection and feelings of not being appreciated contribute to a sense of loneliness."
"Maybe I Should post this to suicidal watch or whatever. But I prefer you people. Like why should I work my ass for minum wage, Why should I eat healthy If I dont enjoy it because i feel better drinking whiskey and eating pizza all day. Why the fuck should I be polite to people that I dont give a fuck too even my own family. Everyone Is fake. Hi how are you. Like you give fuck or they do. Just get straight to the point mate. haha Like why the fuck am I forced to live a never ending nightmare. Or ur mum would be sad etc why the fuck arnt they happy that i am dead. Don't they want me to end my suffering. I cant live much longer like this its rotting my brain. I started cuting my self and u know what it actually feels good. Hopefully in the future i can take it a step further and actually kill myself. Sorry the rant but why the should i be here im not going to make a differnce i have no hobbies I dont enjoy anything so why the fuck am i still here... I legit appreicate all the people that volunteer there the people that need rewarding yet most of them are struggling with dead end jobs legit.I just want to die its that simple but im scared of the pain why isnt there a easy solution. sorry for the rant and gramamr blah blah blah haha hope u peeople have a good new year unlike me :^)))))))))))) go get wasted people :)",True,"The post expresses feelings of hopelessness, frustration, and a desire to die. The poster mentions feeling forced to live a never-ending nightmare, feeling that no one cares about them, and not finding enjoyment in anything. The mention of self-harm and the desire to take it a step further indicate a high level of despair. The closing sentence, 'I just want to die its that simple but im scared of the pain why isnt there an easy solution,' further indicates a deep sense of hopelessness and loneliness."
I tried to kill myself multiple times since 2015 And I haven't been successful. Oh well... Another year to suffer through this hell,True,"The post mentions multiple suicide attempts since 2015 and a sense of resignation towards another year of suffering. These statements indicate a deep and persistent emotional pain, which can contribute to feelings of loneliness. The mention of suffering and the lack of success in ending one's life suggest a lack of support or connection, further emphasizing the potential loneliness experienced by the poster."
"I live several hours from home. Just found out my mom's cancer is back and she will be gone within a year or two most likely. I want to leave this shitty town and go back home but ugh, fucking job interviews, the last thing I want to do right now. Aside from that, I have no friends, no social life, I'm almost 30. My youth is behind me and I never took advantage of it while I had it. I am miserable. Today I sat in my room and did nothing, like every other day off. Tomorrow I go to work and will be miserable for 8 hours, and hoping that they fire me so I can finally have an easy way out of here. All so pointless.",True,"The post expresses feelings of sadness, hopelessness, and a lack of social connection, indicating a sense of loneliness. The poster mentions living several hours away from home and finding out about their mother's cancer, which likely contributes to their feelings of isolation. The statement 'I have no friends, no social life' further emphasizes the lack of companionship and connection the poster feels. The mention of being almost 30 and feeling like they wasted their youth adds to the sense of regret and loneliness. The post also mentions spending days off alone in their room and feeling miserable, indicating a lack of meaningful social interactions. The hope to be fired from work suggests a desire to escape their current situation, which could also stem from feelings of loneliness and dissatisfaction with their life. Overall, the post exhibits multiple signs of loneliness and emotional distress."
"My mom relies on marijuana and other pain relieving drugs to get through her day. She takes her frustrations out on me. Calls me lazy and other names daily. I fucking try my best, and its hard. Why does no-one understand!. She's gonna be so fucking upset when i kill myself, or will she? Life would be so much better for her. I wanna give up. Im exhausted.",True,"The post expresses feelings of frustration, exhaustion, and a desire to give up. The poster mentions their mom relying on drugs and taking out her frustrations on them, which indicates a lack of support and understanding in their relationship. The statement 'Why does no one understand!' suggests a sense of isolation and loneliness, as the poster feels unheard and unsupported by those around them. The mention of contemplating suicide and questioning whether their mom would be upset further highlights the deep emotional pain and loneliness that the poster is experiencing."
"Honestly it‚Äôs just constant exhaustion and pain and stress, it‚Äôs too much for me to handle. I can‚Äôt handle this drag we call life, going to school every morning, going home and studying, dealing with my father, it‚Äôs all just too much. I can‚Äôt do it on my own but I can‚Äôt ask others to save me either, well there isn‚Äôt really one that exists sadly. I guess I‚Äôll just be alone for some more years : (.",True,"The post expresses feelings of exhaustion, pain, stress, and being overwhelmed. The poster mentions struggling to handle life, going to school, studying, and dealing with their father. They express a belief that they cannot do it on their own and that there is no one to save them. The statement 'I guess I'll just be alone for some more years' indicates a sense of resignation and acceptance of being alone. These feelings of overwhelm and the lack of support contribute to a sense of loneliness and isolation. The use of the sad face emoticon at the end further emphasizes the poster's sadness and longing for companionship."
"All of us on here are probably feeling alone and lonely and depressed and like everyone else out there is having an awesome time except us, so why don't we have our own ""party""? (In a way). Let's get to know each other! What is something really funny to you guys? It can be a joke/a meme/a video/a story of yours/whatever. Let's help each other feel less alone.",True,"The post directly mentions feeling alone, lonely, and depressed, which are clear indicators of loneliness. The poster also expresses the belief that everyone else is having a great time except for them, further emphasizing their sense of isolation. The suggestion to have a ""party"" and get to know each other is an attempt to combat the loneliness and connect with others who may be feeling the same way. The poster's desire to help each other feel less alone demonstrates their longing for companionship and support."
"god im so fucking disappointed in my inability to draw decently or good at all. everything i make isnt horrendous but its so fucking basic and unremarkable in every way imaginable and it just fucking hurts to be so feeble at a """"""skill"""""""" ive been """"""""""""honing"""""""""""" for my entire life what a useless fucking hobby",False,"The post expresses frustration, disappointment, and self-criticism towards the poster's drawing abilities. However, it does not directly mention feelings of loneliness. The focus of the post is more on the poster's perceived lack of talent and frustration with their hobby, rather than a sense of isolation or longing for companionship."
"I don‚Äôt know when I will pass. I don‚Äôt know how many people will know or care. I only want this to say to my parents and siblings and all relatives: I‚Äôm sorry. I‚Äôm greatly sorry. I will miss you all. But, I cannot continue the journey. I wasn‚Äôt blessed with looks, brains, talents, or really anything. My passions fizzle out and every ounce of optimism is but a coping tool for misery. I cannot continue down this road. All of those who pass me by, I know I wasn‚Äôt worth your time, but just know how blessed you are. With looks, brains, talents. Deep down maybe it is just a series of self inflicted devilish mistakes in manipulation and childhood traumas of sexual and psychological bias. I blame myself wholeheartedly for all my actions and I blame myself for the actions made against me. I am a wretch. I am terrible. The only thing I can die with is hoping to meet a loving God. Or perhaps that I was a lonely god. One who created a world from loneliness. One who dreamt it all up. But, with all the suffering and pain and lost desires, God may have forsaken me. And if this is just a Dream then i made one terrible dream. I dont really want to die. But I need to. It‚Äôs time I must be going. Mom, everytime you see anything that reminds you of me. Know that I‚Äôm sorry. I‚Äôm truly sorry. With love, Another",True,"The post expresses a deep sense of sadness, self-blame, and hopelessness. The poster mentions not knowing when they will pass and apologizes to their parents and relatives, indicating a feeling of disconnect or lack of support from loved ones. They also mention not feeling blessed with looks, brains, talents, or anything, suggesting low self-esteem and a lack of self-worth. The statement ""I know I wasn't worth your time"" indicates a belief that others do not value or care about them. The mention of childhood traumas and feeling manipulated further supports a sense of loneliness and isolation. The closing lines about hoping to meet a loving God or being a lonely god who created a world from loneliness highlight a desire for connection and meaning. The overall tone of the post and the strong expressions of sadness and despair indicate a deep sense of loneliness."
"i have had a rough 2016, i have had a lot of problems at home and at college. life is feeling really heavy and i question the purpose of my life too often for a 20 year old. i don't have the feeling that i have enough friends who care or real friends at all. life for me is just a day to day battle with myself. i really need someone who wants to talk about me and them. i have been seeing a therapist for a half year but quit because of a feeling of insufficient help. also i have been taking medication (serlain) but i don't take anymore, should restart though.",True,"The post expresses feelings of having a rough year, having problems at home and college, and questioning the purpose of life. The poster mentions not feeling like they have enough friends who care or any real friends at all. This indicates a lack of social connection and potential feelings of loneliness. The statement 'life for me is just a day to day battle with myself' suggests internal struggle and isolation. The poster also mentions seeing a therapist but quitting due to feeling insufficient help, indicating a lack of support and potentially contributing to feelings of loneliness. Furthermore, the mention of taking medication but not taking it anymore suggests potential struggles with mental health, which can also contribute to feelings of loneliness. Overall, the post displays a sense of emotional distress, isolation, and yearning for someone to talk to, indicating a strong possibility of loneliness."
"Most of the time it‚Äôs the opposite, but sometimes, when I get really depressed, I want to have sex or pleasure myself as much as I possibly can. I just feel worse afterwards, but I always do it. Don‚Äôt know why it‚Äôs like that sometimes. Perplexes me. Anyone have a similar experience? Just wanted to share.",False,"While the post mentions feeling depressed and seeking sexual pleasure as a coping mechanism, it does not directly express feelings of loneliness. The focus of the post is more on the confusion and desire for validation through sexual activity, rather than a deep sense of isolation and lack of companionship."
"On his deathbed in the hospital, he pointed at me, shaking his head and said, ""You're no good."" That was 9 years ago? I've always thought that it was all nonsense, I don't believe in the whole 'dying person's prophecies' as my family calls it. But now that I'm in my early 20s, still plagued with depression, and having a mindset of not wanting to work... I'm starting to worry that I'm starting to turn out as the 'no good' person my grandpa said that I'll become. I know fate is our own to carve, I don't want to get into the whole determinism VS free-will debate but I believe that we should all be responsible for our choices. And right now, although I'm still employed, I have seriously considered quitting several times, and what's my reason? I'm tired of work. Real tired of working. My only consolation is that I'm thrifty and sensible. BUT, my dad spends a lot thanks to his illnesses, cigarettes, lottery and luxurious meals, EVEN THOUGH WE'RE POOR. Sigh... Life is a meaningless trudge, we all die some day, so why can't I die soon? Maybe if I know that I'll die soon, I could quit my job and not worry about saving for retirement! Wishful thinking... If you've read so far, thank you for your time. I hope I get some replies.",True,"The post expresses feelings of depression, worry, and a sense of hopelessness. The mention of the poster's grandpa's dying statement 'You're no good' and the worry that they are starting to turn out as the 'no good' person indicates a lack of self-worth and possibly feelings of loneliness and isolation. The mention of the poster's dad's excessive spending and the feeling of being trapped in a meaningless and tiring life further contributes to their sense of despair. The closing sentence 'I hope I get some replies' suggests a longing for connection and support, indicating that the poster may be experiencing loneliness."
"Hey anyone that would like to offer some advice, I just turned 16, a little backstory to help understand me My relationship with my dad is dysfunctional, (he‚Äôs really like bipolar and makes everything my fault somehow) I have pretty much had to stand up and fend for myself all my life, the only person that did those things and helped me out (grandad) died 3 or 4 years ago. I actually go to pretty good school, pretty talented in athletics (football mostly), I don‚Äôt have very much money like 98% of the other kids in y school, and because of the amount of wealthy kids teachers are always making kids feel guilty for being white, so even tho sell drugs to help pay for myself, my moms rent, bills and tho we live in a violent neighborhood and I‚Äôm part of that crime my mom still tries to tell me I‚Äôm just a preppy kid (cuz of my school I guess, and she doesn‚Äôt kno where I get the money from) Everyone acts I‚Äôm supposed to feel guilty and get that everyday, I‚Äôm pretty funny guy and really talented football player but like I said the rich kids won‚Äôt have over the broke boy but we‚Äôll sure be friends with him at school!! All these tests have told me I have severe anxiety and am moderately or severely depressed. I just don‚Äôt kno what to do, I feel really shitty for a lot of my life and can‚Äôt sleep at night, idk if there‚Äôs anything I can do about my situations that I guess are the cause of my ‚Äúmental problems‚Äù",True,"The post expresses feelings of loneliness and sadness through various aspects of the poster's life. The poster mentions a dysfunctional relationship with their father and feeling like everything is their fault. They also mention the loss of their grandfather, who was the only person that helped them and cared for them. The poster talks about not having much money and feeling guilty for being white, which suggests a lack of acceptance and belonging. They mention selling drugs to survive and being part of a violent neighborhood, indicating a lack of safety and support. The poster also mentions feeling guilty and isolated at school, despite being talented and funny. They mention struggling with severe anxiety and depression, further highlighting their emotional pain and loneliness. The overall tone of the post suggests a deep sense of despair and a lack of hope for their situation, indicative of loneliness."
"I always wear my earphones when I first wake up, when I eat my breakfast, and before going to bed. basically all of the time. I think my music is my escape from all of this bullshit in life. Btw I listen to bands like: Thy Art Is Murder, Suicide Silence, Make Them Suffer, The Amity Affliction, and Infant Annihilator.",True,"The post mentions always wearing earphones and using music as an escape from the difficulties in life. This suggests a desire to isolate oneself and disconnect from others, which can be indicative of loneliness. Additionally, the mentioned bands and music genres often contain dark or heavy themes, which may reflect a sense of inner turmoil and emotional struggle. Although the post does not explicitly state a feeling of loneliness, the behaviors and preferences described suggest a potential lack of social connection and a reliance on music as a coping mechanism."
"Like I always self destruct and wanna fuck my life up. I'll blow up, fuck everything up and then once the smoke clears everything is fine. Then after a while I think I'm fine, like everything is cool no big deal. Nah bam I blow up again and fuck my life up. I don't do well with accountability for myself. Like when I work with a team or have to lead a team it gives me purpose. Without purpose it's just a matter of time when I fuck things up. In high school I took a blind shot hit and thought I was paralyzed when it was just a stinger. I wish that kid would've killed me.",True,"The post expresses a pattern of self-destructive behavior and feelings of frustration and self-hatred. The statement ""I blow up again and fuck my life up"" suggests a lack of control and dissatisfaction with oneself. The poster mentions that working with a team or having a purpose gives them a sense of meaning, implying a need for social connection and a sense of belonging. The closing sentence expresses a wish to have died, indicating deep emotional pain and potentially a sense of isolation. Overall, the post conveys a sense of loneliness and emotional turmoil."
"I'm a 15 year old kid, I've been putting up with lots of verbal and emotional abuse from my parents, just got screamed at again. Really done with this bullshit, I just want to die. I really want to just kill myself. I'm so fucking tired of being treated like shit. I'm going to do it, I hope they kill themselves after me.",True,"The post expresses feelings of being tired and wanting to die, as well as a strong desire to escape from the emotional and verbal abuse from the parents. The language used, such as ""I'm so fucking tired of being treated like shit"" and the statement ""I hope they kill themselves after me,"" indicates a deep sense of despair, hopelessness, and anger. These emotions are often associated with loneliness, as the individual may feel isolated and unsupported in their struggles. The mention of being a 15-year-old and enduring abuse from parents also suggests a lack of healthy relationships and a potential lack of social support, contributing to feelings of loneliness. The severity of the emotions and the reference to wanting to die indicate a need for immediate intervention and support."
"My school always leaves the roof door unlocked and recently i‚Äôve been thinking and wondering if its high enough. I just cant stand this life anymore because everything has been spiraling downhill like, me and my mom are on bad terms and she‚Äôs the only parental figure i have in my life. I also have very little connection to the world and in the end i‚Äôm just the root of everyone else‚Äôs problems. When my friends tell me they want to commit because of me i just say me too.Anyways, the only people i‚Äôd leave behind is the father i never knew. And plus my school is a hellhole so i feel it‚Äôd be best to go out where most of my problems started.",True,"The language used in this post suggests feelings of desperation and hopelessness. The poster mentions contemplating suicide, feeling like they are the root of everyone else's problems, and having little connection to the world. The statement ""I just can't stand this life anymore"" expresses a deep sense of loneliness and despair. The mention of being on bad terms with their only parental figure and feeling disconnected from friends further highlights the poster's lack of meaningful relationships and support. The post also suggests a desire to escape from their problems and expresses a negative view of their school environment. All of these factors indicate a strong sense of loneliness and isolation."
I‚Äôm sitting in the parking lot of my therapist‚Äôs office before my appointment. This is my last attempt at getting help before I decide to end things if I‚Äôm allowed to go home. I feel remorse that I will be leaving the people I love behind but that‚Äôs not enough for me want to be alive anymore. I‚Äôm sorry to my beloved. I‚Äôve tried so hard.,True,"The post mentions sitting in the parking lot of the therapist's office before an appointment, indicating that the poster is seeking help for their emotional state. The mention of this being their ""last attempt"" at getting help and contemplating ending things suggests a deep feeling of hopelessness and despair. The statement ""I feel remorse that I will be leaving the people I love behind but that's not enough for me want to be alive anymore"" indicates a lack of fulfillment and connection with loved ones, contributing to feelings of loneliness. The closing statement apologizing to the beloved and expressing the effort they have put in further emphasizes their emotional struggle."
"As I was trying to fall asleep, I started to hear weird things coming from outside my bedroom. I heard creaking noises, noises that resembled the washing machine, and noises that vaguely reminded me of what it sounds like when my mom has her TV on. My mom wasn't home at the time for any of this, though. I had my bathroom's fan turned on to help me sleep(I usually do that), and I kinda heard all the extra noises through the fan noise if that makes any sense. I guess my mind really is royally fucked.",False,"The post mentions hearing strange noises while trying to fall asleep and feeling that their mind is ""royally fucked."" While the post does indicate some unease and confusion, it does not directly express feelings of loneliness. The focus of the post is more on the strange noises and the poster's mental state, rather than a sense of isolation or longing for companionship."
"Right now im sitting at my desk at 2 in the morning with the love of my life sleeping in the next room. I should be happy, why am I not, nothing seems wrong. Schools going well, jobs good and yet I still end up feeling like im drowning. I normally can ignore it but sometimes it just gets too much and I end up like I am now crying at my desk with no real reason why. I don't even really know why I'm saying all this just feel the need to vent for some reason. I'm not looking for feedback and even if I was I don't know what it would be for. I'm just so confused",True,"The post mentions feeling like drowning, crying at the desk for no reason, and feeling confused. These emotions indicate a sense of sadness and despair. The poster mentions being with the love of their life and having things going well, but still feeling unhappy. This suggests a lack of fulfillment or deep connection despite external circumstances. The statement 'I don't even really know why I'm saying all this just feel the need to vent for some reason' implies a desire to express their emotions and seek support. Overall, the post reflects feelings of loneliness and confusion."
It‚Äôs just sad that there‚Äôs a bigger chance of me killing myself than things getting better this year.,True,"The post mentions the possibility of the poster killing themselves, which is a serious and extreme expression of loneliness and despair. The statement 'things getting better this year' implies a lack of hope for improvement in their current situation, further highlighting their loneliness and emotional distress."
"I really would like to die but being able to save or help people with my death. Like, i know i could just leave some note saying that i'm an organ donor but i really would like to have an opportunity to die saving someone or more than one person at the same time. God, i wish i could die a fucking hero, in the last moments of my miserable and pathetic existence i would be able to be the one who gave life to someone else. I've been a fucking useless piece of shit all my life, a fucking failure of a human being, and just the though of dying while being useful...shit, it almost makes me cry in thinking of the joy i think i would feel.",True,"The post expresses a deep sense of self-hatred and hopelessness, suggesting feelings of loneliness and despair. The poster mentions wanting to die and specifically wanting to die in a way that is selfless and beneficial to others. This desire to be a ""hero"" and give life to someone else indicates a lack of self-worth and a longing for purpose and connection. The mention of being a ""useless piece of shit"" and a ""failure of a human being"" further emphasizes the poster's feelings of loneliness and worthlessness. The closing sentence, ""it almost makes me cry in thinking of the joy I think I would feel,"" suggests that the poster is seeking some form of emotional release and validation through sacrificing themselves for others."
"Because I am so tired of this shit. I've tried to sit them down and explains syuff to them. It didn't work. Never works. They don't outright say that they're punishing me because I'm depressed, but the things I do or don't do because I'm depressed get punished. I have bad grades, I'm failing in almost everything. I'm trying but with depression is really hard. You know what I get for trying? My phone and videogames taken away. I can't fall asleep at night because of anxiety. You know what I get for having nightly panic attacks? Yelled at for ""staying up all night."" You know what I get for having trouble keeping my room clean? Grounded. Tommorow I'm losing my phone because my grades are bad. Ignore the fact that I'm trying, yeah let's only care about a damn letter of the alphabet because THAT makes more sense than a flippin living person! t(-_- )t I don't even like my phone that much. I'm not one of those people who are super addicted or nothing. But my phone is a coping mechanism. Without being able to vent or watch some relaxing video to calm me down I'm probably just gonna end up cutting myself. What should I do? Or should I just suck it up and deal with their butts for the next few years? Which, I don't know if I could survive the latter.",True,"The post mentions feelings of tiredness, depression, anxiety, and panic attacks. These emotions indicate a struggle with mental health and potentially a lack of support or understanding from others. The poster also mentions being punished for their actions or lack thereof, which implies a sense of isolation and rejection. The statement 'Without being able to vent or watch some relaxing video to calm me down I'm probably just gonna end up cutting myself' suggests a desperate need for coping mechanisms and a lack of healthy outlets for emotional release. Overall, the post demonstrates feelings of loneliness and a lack of support in dealing with mental health struggles."
"I got a great internship that will look good on my resume. I had my first day today and I honestly don't know how I will make it through the next four months. It wasn't terrible, but I don't really like the people I have to work wIth and I honestly don't even know if I can do the work. I am such an awkward person. And because of my depression I already feel tired without doing anything. How am I supposed to get through basically working a fulltime job? üò¢",False,"While the post mentions feeling awkward and expresses doubt about being able to do the work, it does not explicitly mention feelings of loneliness. The focus of the post is more on the individual's anxiety and uncertainty about their internship and their ability to handle a full-time job due to their depression. Loneliness is not a central theme in this post."
"I woke up early this morning in order to do research and perform a workout but ended up breaking down and crying instead. I feel like I‚Äôm slowly losing the mental fortitude to do most tasks that would supposedly ‚Äúimprove‚Äù my wellbeing. Does anyone know how I‚Äôm supposed to break through this. Every single thing I do is accompanied with a bad memory or thought that just discourages me from doing it and sends me into a depressed state. Please help me, I‚Äôm not sure how I‚Äôm supposed to do things anymore.",True,"the post does mention the poster breaking down and crying, feeling discouraged, and being in a depressed state. However, these feelings do not necessarily indicate loneliness. The post does not mention the poster lacking social connection or longing for companionship. It primarily focuses on the difficulty in performing tasks and the presence of negative thoughts and memories that discourage the poster."
"Goodbye I wish things could have gone differently, I hate every second of life. I hate every thought that I have, every breathe that I take and every piece of my life. I don‚Äôt want to suffer for the rest of my life, but I also don‚Äôt want others to suffer for my ‚Äúselfish‚Äù choice. I hated growing up, biasd, everyday insults for something that I didnt do. I hated going home and then going back to school feeling different and separated from everyone else. I rushed life, I didnt do anything important growing up, I had amazing friends that I love and who also are the reason that I‚Äôm still here. I was always told that I didnt know anything, and maybe I don‚Äôt, maybe this is a foolish choice, maybe theres a hell. I feel like my life is just going into a dead end. I hate college I dont even know what I want to do with my life, I feel like im wasting my time, but at the same time I feel like Im learning more about my self but why the fuck is it so hard? I have a chance to go the campus therapist, but for some reason i keep hesitating to call, its like I need someone to push me, but theres not going to be anyone, its just me alone in my dorm room. I just dont want to live anymore. I feel like Im worthless, I have zero value, I need someone. I feel almost like i‚Äôm only living for others..",True,"The post expresses feelings of deep sadness, self-hatred, and a desire to not live anymore. The poster mentions hating every second of life and every thought they have, indicating a profound sense of loneliness and despair. They mention feeling different and separated from everyone else, and being insulted and bullied. These experiences of isolation contribute to their feelings of worthlessness and the desire for someone to be there for them. The hesitation to call the campus therapist and the statement ""it's just me alone in my dorm room"" further emphasizes their loneliness and lack of support. The closing statement ""I feel almost like I'm only living for others"" suggests that the poster may feel obligated to continue living for the sake of others, rather than truly wanting to live for themselves."
"If I am unable to turn things around and make myself content, I will pull the trigger. The way I see it, if I cannot do it in a year, I will never be able to do it. I am tired of moving in circles. Either I start living, or I to on dying. I feel oddly relieved by this. Is anyone else doing something similar?",True,"The post mentions feeling unable to turn things around and make themselves content, and contemplating suicide if they cannot do so within a year. The statement 'Either I start living, or I go on dying' suggests a deep sense of hopelessness and despair. The poster expresses feeling relieved by this decision, which can indicate a lack of connection and support from others. The question at the end, asking if anyone else is doing something similar, suggests an attempt to seek validation or understanding from others, which can be a sign of loneliness."
"I have nobody to talk to. I find it hard to open to talk to people about things. Sometimes if someone asks me something, I can just see in their face that they are losing interest. People really don't give a shit what I have to say about anything. I can't talk to my family about anything because I haven't live near them for years and they don't hardly know anything about what is really going on in my life. Especially not with my depression. My SO has been pulling away from me and left me all alone last night because she didn't want to sit home with me and had already made plans with someone without me and didn't even mention anything until she was leaving. I sat home alone and drank myself sick until 3:45 when she finally came home. She didn't even say a word to me. Whenever I try to talk about things, it just ends up back in a circle and we have been in a weird rut for a long time. I have never felt so alone in my life and maybe not as low as this in a long time. I just needed to vent things. I am not looking forward to another year of shit like 2017. I have no motivation anymore. No goals, ambitions and no friends or family immediately close by for me to talk to. I don't know what to do about anything anymore",True,"The post clearly expresses feelings of loneliness and isolation. The poster mentions having nobody to talk to and finding it hard to open up to people. They also state that when they do try to talk to someone, they can see in their face that they are losing interest, suggesting a lack of meaningful connections. The poster mentions not being able to talk to their family about what is going on in their life and specifically mentions feeling alone and low. Their significant other has also been pulling away, leaving them alone and not even acknowledging their presence when they finally come home. The post ends with the statement that they have no motivation, goals, ambitions, or friends and family immediate close by to talk to. All of these factors contribute to a strong indication that the poster is experiencing loneliness."
Debt is high. Work sucks. I feel alone in the world. I have thought about suicide almost every day of my life for thirty years. But I never can find the courage to actually do it. And here I am circling the drain again. I just feel like all of the stress and all of the unhappiness and depression will be gone if I just .... cease. I spent this afternoon researching methods. I even did a performative thing with a belt around my neck. Turns tour it slips out of the doorjamb. I know how to tie a noose and a couple kinds of slipknot. But there is no good place for me here to tie off the other end of the rope. I don't know what I want. Do I want someone to stop me? Do I want someone to give me the psychological push I need to kill myself? I don't know. I am so unhappy. I don't want to deal with any of this anymore. I don't know if,True,"The post expresses feelings of deep unhappiness, loneliness, and thoughts of suicide. The statement ""I feel alone in the world"" indicates a lack of social connection and support. The poster also mentions researching methods of suicide and even attempting a performative act with a belt. These thoughts and behaviors are indicative of a profound sense of loneliness and despair. The poster questions whether they want someone to stop them or push them towards suicide, which further signifies their isolation and desperation for human connection. The overall tone of the post is one of deep unhappiness and a desire to escape from their current circumstances."
"I don't want to write a long story to don't make it boring for you. Let's just say that I don't think that i'm worth living here. Im tired of my own life. First I'm so ugly and don't tell me that everyone is beautiful because i literally am ugly. A lot of people told me that straight to myself. I care about my health but i can't do anything with my ugly face. Second i'm not good at anything and in school i'm the one to joke about. My friend left me week ago because i was boring for her. Its really hard for me because she was the only one who cared about me. I have a lot of passions and sens of humor but who actually cares? I have also difficult family. They arent loving and supporting me, because i don't want to do in my life what they wanted me to and im so hopeless. I want to kill my self couse no one needs me and i'm hurting here. I'm thinking about it for so long. I wanted to write it, maybe someone will notice me. I feel so lonely and hopeless. I know that you'll probably think that i'm complaining and i'm selfish and that i'm a kid that doesn't know anything about life. (couse i'm 16) . I also want to apologize for my english, because it's not my native language and i'm still learning. Sorry for taking your time and thanks for everything.",True,"The post expresses deep feelings of worthlessness, hopelessness, and a desire to end their life, which are all indicators of loneliness and despair. The poster mentions feeling ugly and being told that by others, which suggests a lack of social acceptance and self-esteem. They also mention being the target of jokes and being left by their only friend, highlighting a lack of social support. The difficult family dynamics further contribute to feelings of loneliness, as the poster feels unsupported and misunderstood. They express a desire for someone to notice them and apologize for taking up someone's time, indicating a longing for connection and validation. Overall, the post conveys a strong sense of loneliness, hopelessness, and despair."
Please answer. I have to make up my mind tonight because this is the only night I‚Äôm considering antidepressants,False,"The post specifically mentions considering taking antidepressants, which suggests that the poster may be struggling with their mental health. While antidepressants can be used to treat symptoms of loneliness, the post does not directly express feelings of loneliness. The focus is on making a decision about taking medication, rather than a deep sense of loneliness."
"I was bullied through out my school years, especially in high school. At the time I thought it was the darkest part of my life. I'm in my early 30s and now that I consider those times ""the good ol' days"" it really goes to show how low I've sank.",False,"While the post mentions being bullied during school, the focus is more on reflecting on those times as ""the good ol' days"" and feeling that the individual has sunk low since then. Although the post may indicate some level of sadness or self-reflection, it does not directly express feelings of loneliness. The post does not mention a lack of social connection or longing for companionship."
"I've got my date set and all, but it can't come soon enough. I didn't anticipate looking forward to it, but I genuinely can't wait. When I first set it, I frequently became nauseous and dizzy thinking about my impending mortality, but as I get closer and closer to the day, the less worried and more ready I feel. It's becoming difficult not to discuss it with others or bring it up during conversations, especially because it's on my mind 24/7, it's the most remarkable thing that will happen to me probably ever. This probably sounds like an egotistical rant ""I, I, I, me, me, me"", but I do not care, for too long my life has been dictated by other people and factors out of my control and in my last 15 days, I'm gonna fucking focus on myself, nobody and nothing else matters to me now (when have I ever mattered to them?)",False,"The post does not express feelings of loneliness. The poster mentions feeling anxious about their impending mortality and being preoccupied with thoughts of it, but there is no mention of a lack of social connection or a desire for companionship. The focus of the post is more on the individual's personal journey and desire to prioritize themselves, rather than a sense of loneliness."
"Who do I have? Help me in hell, my friend (my friend) I won't shed a tear Let them see me in pain again Hello, from the dark side in Does anybody here wanna be my friend? (my friend) Want it all to end Tell me when the fuck is it all gon‚Äô end? Voices in my head Telling me I'm gonna end up dead So save me, before I fall So save me, I don't wanna be alone So save me, before I fall So save me, I don‚Äôt wanna be alone",True,"The post explicitly mentions loneliness and a desire for companionship. The phrases ""Who do I have?"", ""Does anybody here wanna be my friend?"", and ""I don't wanna be alone"" all indicate a deep sense of loneliness and a longing for connection. The post also mentions being in pain and having voices in their head telling them they will end up dead, which suggests a significant level of emotional distress. Overall, the post conveys feelings of isolation and a desperate need for someone to save them from their loneliness."
