post,label,reason
RT @tz9kIej0IQY: There is always that girl that breaks up with her bf and takes pictures with every guy in the world to make him jealous lol,no mental disorder,"This post seems to be making a light-hearted observation about a certain behavior. While it mentions a break-up, there is no indication of distress or significant emotional impact that would suggest a mental disorder. It is more likely just a humorous comment about human behavior in relationships."
bakugou: sicc speech with semi-praise and terrible truthbombs on deku deku: i kinda would rather go back to being told to kill myself,no mental disorder,"This post does not indicate any symptoms of a mental disorder. While the statement ""I kinda would rather go back to being told to kill myself"" suggests negative emotions, there is no indication of any distress or symptoms that would suggest a mental disorder. It could simply be a statement made in the context of a fictional or entertainment-related conversation."
@wYWjc GMC also has tools to be selective about what killer/dishonest doctors they protect &amp; what doctors they persecute. Double standards!,no mental disorder,"The post is expressing frustration or dissatisfaction with the General Medical Council (GMC) and their handling of doctors. While the language used ('killer/dishonest doctors', 'double standards') is strong, it does not necessarily suggest the presence of a mental disorder. It is possible for someone to have strong opinions or grievances without having a mental disorder. There is no indication of any symptoms or distress that would warrant assigning a mental disorder label in this case."
"I'm planning on calling my next ex ""carrot"" so when I peel that 1st layer of skin off then slice it I will start frothing at the mouth.",no mental disorder,"While this post uses violent and gruesome imagery, there is no indication that it is related to any mental disorder. It could be seen as a dark or macabre sense of humor, but without further context or evidence of distress, it does not warrant a label of a mental disorder."
Please see my answer on @tGTZ to: How can I control the sensitivity to light that goes along with ... #migraine http://t.co/uX4RV:S2,no mental disorder,"The post is discussing a question about controlling sensitivity to light that accompanies migraines. While migraines can be debilitating and cause distress, they are a physical health condition and not necessarily indicative of a mental disorder. Therefore, there is no evidence to suggest the presence of any mental disorder in this post."
if it turns out colleges look at our twitters every senior will be lying on the floor in the fetal position with nowhere else to go,ptsd,"This post suggests a high level of anxiety or fear about the potential consequences of colleges looking at individuals' Twitter accounts. The mention of lying on the floor in the fetal position suggests a feeling of helplessness or being overwhelmed, which can be indicative of a trauma-related disorder like PTSD. It implies that the person may have experienced a past traumatic event that has heightened their fear response and triggered symptoms of PTSD."
RT @mOVzUsuUom: I've come to adore every little part of you and now I'm only waiting for you to do the same.,no mental disorder,"This post expresses admiration and a desire for reciprocation. There are no indications of distress, trauma, or symptoms of a mental disorder. The content seems to be focused on a romantic or personal connection rather than any mental health concerns."
"Scientologys biggest problem: denial. When we find a document about xenu and L Ron hubbards history, dont go operation Snow White on us",no mental disorder,"This post mentions Scientology, denial, and a document about Xenu and L Ron Hubbard's history. While these topics may be controversial and the use of ""operation Snow White"" may refer to a historical event related to Scientology, there is no clear indication of any mental disorder in this post. It is important to note that discussing controversial or sensitive topics does not necessarily indicate the presence of a mental disorder."
Just realised I'm the same distance from 30 as I am from being 18. Whats the least painful way to kill myself?,suicide or self-harm,The post explicitly mentions the desire to kill oneself and asks for information on the least painful method. This indicates a clear suicidal ideation and the presence of self-harm tendencies. The person may be experiencing intense emotional distress and may be in need of immediate support and intervention.
i’m either gonna kill myself or my therapist we’ll see how the night goes pic.twitter.com/LbFU4MP9zg,suicide or self-harm,The use of the phrase 'i'm either gonna kill myself or my therapist' is a clear indication of suicidal ideation or self-harm tendencies. The person is expressing a sense of hopelessness and a potential intention to harm themselves or someone else. This post raises serious concerns for their safety and well-being.
@mjbHDfqY4ZQ0Q thanks. you too. im guessing it'll be another like 20 years for me. screw all the cute couples i see daily,depression,"There are a few things that suggest depression as the most likely mental disorder label for this post: 

- The author mentions that it will be another ""like 20 years"" for them, which could suggest a prolonged sense of hopelessness or lack of optimism about their future. This is a common symptom of depression.
- The author expresses frustration and envy towards cute couples they see daily, which could suggest feelings of loneliness, isolation, and a lack of social support. Relationships and connections with others can be challenging for individuals with depression.
- The use of the phrase ""screw all the cute couples"" suggests a negative and resentful attitude towards others, which can be a reflection of the negative thought patterns and distorted thinking that are often associated with depression.
- The overall tone of the post conveys a sense of pessimism and dissatisfaction, which aligns with the depressive mood often experienced by individuals with depression.

Based on these factors, it is reasonable to assign the label of ""Depression"" to this post."
"RT @tgn1veCt5Ns2CQ: Lure u in with pineapples, pot, &amp; a pretty face and then outa nowhere just drop some ancient knowledge like u ain't Nev…",depression,"There are a few elements in this post that suggest depression as the most likely mental disorder label:

1. The use of phrases like ""Lure u in"" and ""drop some ancient knowledge"" could indicate a sense of disillusionment or disappointment. This could be reflective of a negative mindset commonly associated with depression.

2. The mention of being ""outa nowhere"" could indicate a feeling of being overwhelmed or caught off guard, which can also be associated with depressive symptoms.

3. The mention of a ""pretty face"" and the use of self-deprecating language like ""u ain't Nev…"" could suggest low self-esteem, which is often seen in individuals with depression.

While the post does not explicitly mention sadness, hopelessness, or other classic symptoms of depression, the combination of language and tone suggests that the author may be struggling with depressive tendencies."
viktig sak @Nina_Jensen retter søkjelyset mot i dagens @EkkoNRK Slutt å kast søppel og plast i havet!,no mental disorder,This post simply highlights an important environmental issue - the pollution of the ocean with garbage and plastic. There is no indication of any mental disorders or distress in this post. It is purely focused on raising awareness and advocating for change.
"My answer on @tGTZ to: What does he have? And what can i do to help him at home, besides sending him to the... http://t.co/vy~Y3KIH",ptsd,"The post mentions someone who needs help and the mention of ""sending him to"" suggests that the person may be considering or seeking professional help for the individual. This could imply that the person in question is dealing with some sort of mental health issue. Additionally, the mention of ""what does he have"" implies that there is some unknown or unidentified issue. Given that the person is looking for ways to help at home, it suggests that whatever the individual is dealing with may have an impact on their daily functioning. This aligns with symptoms commonly associated with PTSD, such as difficulty with interpersonal relationships, mood dysregulation, and impaired functioning."
can i kill myself yet,suicide or self-harm,"The post directly mentions the phrase ""can I kill myself yet,"" which is a clear expression of suicidal thoughts or self-harm tendencies. This statement indicates that the person is experiencing significant distress and may be contemplating self-harm or suicide. It is essential to take such statements seriously and seek help or support for the individual."
@xW6iKCLfex Now I want every member of the team to provide me with scientific proof &amp; reason why they wish to ignore professional report.,ptsd,"There is no indication of PTSD in this post. The post simply suggests that the author is demanding scientific proof and reasons from team members who wish to ignore a professional report. It does not mention any trauma, triggers, or symptoms typically associated with PTSD."
Might just drive around and look for Bruno a little more so my mind can rest enough for me to at least sit down,depression,"The use of the phrase ""so my mind can rest"" and the mention of needing to find Bruno suggest a restlessness or agitation that is often associated with depression. The person expresses a need for their mind to calm down in order to sit down, indicating some level of mental distress. This could be a manifestation of the negative affect and cognitive symptoms commonly experienced by individuals with depression."
when u work 18 hours and then sleep zero lol #baller #i #want # to #fucking Kill myself!,suicide or self-harm,"The use of the phrase ""Kill myself!"" at the end of the post clearly indicates a strong desire for self-harm or suicide. It suggests that the person is experiencing extreme distress and may be feeling overwhelmed or hopeless. The mention of working 18 hours and not getting any sleep could also suggest high levels of stress, which can contribute to suicidal ideation. Overall, the language used and the expression of wanting to harm oneself strongly indicate a tendency towards self-harm or suicide."
Merry Monday my Minions! It's Merry Minion Monday! - I know it has been a long time since I... your Future Grand... http://t.co/~WCKBshBED,no mental disorder,"The post seems to be a playful and lighthearted message, using terms like ""Merry Monday"" and ""Merry Minion Monday."" There is no indication of any distress or trauma-related content that would suggest the presence of a mental disorder like PTSD."
I will not be around to control Elizabeth's life as I work full time but have some very good friends and would pay them to help,no mental disorder,"This post indicates a practical solution to a potential problem of not being able to be around to control someone's life. While it may suggest a lack of trust in oneself to handle the situation, there is no indication of any distress or symptoms of a mental disorder."
i will never understand how girls wake up and get full glam ready for work. i work in 39 minutes and am still in bed.,no mental disorder,"This post does not display any symptoms or indications of mental disorders. It appears to be a light-hearted comment about the poster's own laziness or lack of motivation in getting ready for work. There is no mention of distress, low mood, or any other symptoms that would suggest a mental disorder."
I have a new dating prerequisite - Kinect sensor proves it can see the male anatomy extremely well http://t.co/2IOmuWx23r via @x71PxCSF2R,no mental disorder,"This post seems to be making a lighthearted joke about a dating prerequisite. While the use of the word 'prerequisite' could suggest some level of obsession or focus on certain criteria, there is no indication that it is causing distress or triggering any symptoms of a mental disorder. Therefore, the assigned label is no mental disorders."
I feel as miserable as I look. Can't wait to kill myself at work pic.twitter.com/cyXkn0ewBv,suicide or self-harm,"The post explicitly mentions feeling miserable and expressing a desire to kill oneself at work. This is a clear indication of suicidal thoughts and self-harm tendencies. The use of the phrase ""can't wait to"" suggests a high level of distress and a potential plan or intention to harm oneself. This post should be taken seriously as a cry for help and immediate intervention should be sought to ensure the safety and well-being of the individual."
I finally get a weapon in fortnite and I kill myself jupoing from a cliff,suicide or self-harm,"The phrase ""I kill myself"" suggests that the person is not only referring to their character in the game but also contemplating self-harm or suicide. The act of purposely jumping off a cliff in the game could be seen as a manifestation of their inner thoughts and struggles. This post shows potential signs of self-destructive behavior and should be a cause for concern."
"Damn, a giant piece of concrete just fell off a Zaha Hadid building gizmo.do/O8837yZ pic.twitter.com/kaOZk9ke4F",no mental disorder,There is no indication of any mental disorder in this post. It is simply a statement about a piece of concrete falling off a building. There is no mention of any emotional distress or symptoms that would suggest a mental disorder.
"If I am a mess then I apologize for every negative attribute Sometimes I don't choose it, nor desire it I would kill myself if I could",suicide or self-harm,"The use of phrases such as ""If I am a mess"" and ""I would kill myself if I could"" suggest that the person is experiencing feelings of being overwhelmed and possibly having suicidal thoughts. The statement about not choosing or desiring negative attributes could indicate a lack of control over their mental state and a desire to escape from it. This post strongly indicates a potential suicide or self-harm tendency."
“@tomwatson: @Rasiej @doctorow @form of civil disobedience that's here to stay forbes.com/sites/tomwatso…” @pussyriot,no mental disorder,"The post does not show any symptoms or indications of mental disorders. It appears to be a response to a tweet about civil disobedience, which does not necessarily suggest any psychological distress or mental health concerns."
"A little cocky?Good show! MT @pmharper: Like I said, #teamusa is good but #wearewinter. @BarackObama, I look forward to my two cases of beer",no mental disorder,"This post does not display any symptoms or indications of a mental disorder. The use of the phrase ""A little cocky?"" suggests a playful tone and the mention of looking forward to receiving cases of beer is likely just a lighthearted comment. There is no evidence of distress, depression, or trauma-related experiences in this post."
@dTvUIfFlVh what is not working is MH care and i at Leicester for the ISPS conference where professionals have the right idea,no mental disorder,"The post mentions that mental health care is not working, which could suggest a critique or dissatisfaction with the mental health system. However, there is no indication of any personal symptoms or experiences that would suggest the presence of a mental disorder. The mention of attending a conference about mental health professionals having the right idea implies an interest and engagement in mental health advocacy or education, but does not necessarily indicate a personal experience of PTSD or any other mental disorder."
Please see my answer on @tGTZ to: Negative preg. tests turned positive after a week ????!!!!! - It is essent... http://t.co/4CHSKgJx,no mental disorder,"The post is asking for advice or information regarding a specific topic, which is negative pregnancy tests turning positive after a week. There is no explicit mention or indication of any mental distress or symptoms related to a mental disorder. The post seems to be seeking knowledge or understanding rather than expressing any emotional or psychological difficulties. Therefore, it does not fit into any of the listed mental disorder labels."
@qOs9HMlP4 That's good. However my greatest criticism is lack of disregard of physical health in favour in respect of my daughter.,no mental disorder,"The post mentions a criticism of someone's disregard for physical health in relation to their daughter. While the statement may indicate a concern or frustration, there is no indication of significant distress or symptoms of a mental disorder."
me: im ready to kill myself *my mom takes me shopping* me: i will postpone my death bc i need to wear this new jeans in public first,suicide or self-harm,"The mention of wanting to kill oneself and the link between postponing one's death and the desire to wear new jeans in public suggests a clear suicidal ideation. The individual is expressing a desire to delay self-harm or suicide based on a superficial reason, implying that they are experiencing intense emotional distress and using the idea of material possessions or experiences as a temporary distraction or coping mechanism. This post strongly indicates a suicide or self-harm tendency and should be taken seriously."
it's acc such a shame that it's bright af and nice out but this addy got me feeling suicidal,suicide or self-harm,"The phrase ""this addy got me feeling suicidal"" indicates that the person is attributing their current feelings of suicidality to the use of a specific drug (addy). This suggests that the drug may be negatively affecting their mental health and inducing suicidal thoughts. The use of the word ""shame"" also implies a sense of guilt or self-blame, which can be common in individuals struggling with suicidal ideation. Therefore, the assigned label is suicide or self-harm tendency."
Fuck For Forest : du porno green pour sauver la planète - bit.ly/sFNplf via @Terrafemina - #lol,no mental disorder,"This post appears to be a tweet or retweet about a topic related to environmental conservation and pornography. There is no indication of any mental health concerns or symptoms present in the post. The use of explicit language or hashtags does not automatically suggest the presence of a mental disorder. Therefore, the label assigned would be ""No mental disorders."""
"In a few hours time, I have to make the drive North to Snowdonia for my working weekend. I have naff all packed, and am still awake. Pffft",no mental disorder,"This post simply mentions a lack of preparation and difficulty sleeping before a trip to Snowdonia. While the use of the phrase ""Pffft"" could suggest a dismissive or frustrated attitude, there is no indication of any significant distress or symptoms of a mental disorder."
This is starting to make me mad now like if we're not hurting or bothering you just shut the fuck up,no mental disorder,"The use of strong language and expressing frustration does not necessarily indicate a mental disorder. It is a normal human emotion and response to certain situations. While the person may be experiencing anger, there is no indication of prolonged or persistent symptoms of depression or any other mental disorder."
I feel like ima have to kill myself to get some attention and love around here and I'm game af,suicide or self-harm,"The post explicitly mentions feeling like they have to kill themselves to get attention and love, which suggests a strong inclination towards self-harm or suicide. The use of the phrase 'I'm game af' also indicates a level of seriousness towards these thoughts, making suicide or self-harm tendency the most appropriate label for this post."
when the depression gets so bad that it leads to a few small but important breakthroughs. thank you...? #sadorhappy #justtellme #whichisit,depression,"The post explicitly mentions depression as the cause of the individual's experiences. The mention of experiencing breakthroughs, feeling sad or happy, and asking for clarification suggests that the person is experiencing fluctuations in mood, which are common symptoms of depression. There are no mentions of trauma or triggers related to traumatic events, which are key indicators of PTSD."
RT @koYrUS3fIWUoF: people need to learn that being single is okay and you need to rely on yourself more than anyone else. love yourself fir…,depression,"The post suggests a focus on being single and relying on oneself, which can be indicative of low self-esteem or a lack of social support, potential signs of depression. The emphasis on the importance of self-love and relying on oneself more than anyone else may also suggest a struggle with self-worth and a desire for validation, which are common experiences in individuals with depression. Overall, while the post does not explicitly mention sadness or hopelessness, the underlying themes and emphasis on individuality and self-reliance suggest a possible connection to depression."
@tq7nhZNc but I think it's not that bigger difference really. you'd have to push them both to the limits to really see it.,no mental disorder,"This post does not show any explicit signs or symptoms of a mental disorder. It appears to be a response to a conversation about something, possibly a comparison between two things. There is no indication of distress, trauma, or any other symptoms that would suggest a mental disorder."
My parents have never hurt me the way they hurt me today to the point where i really want to kill myself,suicide or self-harm,"The post explicitly mentions wanting to kill oneself, indicating a clear suicidal ideation and self-harm tendency. The mention of the parents causing significant distress and harm exacerbates the severity of the situation and suggests a high risk for self-harm or suicide."
RT @js3xESPV1zB1: A good thing about dating a vegan is that you could kill 2 birds with 1 stone when you buy flowers because they're also a…,no mental disorder,"The post is making a lighthearted joke about dating a vegan and buying flowers, which does not indicate any distress or symptoms of a mental disorder."
RT @iDhfHwsckRw: Loving someone who doesn't love you back is like hugging a cactus. The tighter you hold on the more you get hurt.🌵,depression,"There are a few aspects of this post that suggest depression as the most likely mental disorder label: 
- The comparison of loving someone who doesn't love you back to hugging a cactus suggests a feeling of emotional pain and hurt. This imagery is often used to convey feelings of sadness and despair, which are common in depression.
- The mention of getting more hurt the tighter you hold on could indicate feelings of hopelessness and a sense of futility in trying to maintain a one-sided or unrequited love. These feelings are often associated with depression.
- The use of the metaphor and the overall tone of the post convey a sense of negative emotions and a lack of control over one's emotional experiences, which are also characteristic of depression."
my dad ungrounded me a week early because i didn't complain once about my month grounding.. too bad nobody ever wants to hangout 😂,depression,"There are a few things that suggest depression as the most likely mental disorder label for this post: 
- The mention of being grounded for a month suggests a negative behavior or consequence, which could contribute to feelings of sadness or worthlessness often seen in depression. 
- The mention of not complaining about the grounding could suggest a lack of energy or motivation to express emotions, which is common in individuals with depression. 
- The statement ""too bad nobody ever wants to hangout"" suggests feelings of social isolation and a lack of support, which can be common in individuals with depression who struggle with interpersonal relationships. 
Overall, the post conveys a sense of negative emotions, lack of social connection, and low motivation, which align with symptoms commonly associated with depression."
"Help, I have done it again. I have been here many times before. Hurt myself again today. And the worst part is there's no one else to blame.",depression,"This post contains several indicators of depression:

- The statement ""Help, I have done it again"" suggests a pattern of self-destructive behavior, which can be characteristic of individuals struggling with depression.
- The repetition of ""I have been here many times before"" implies a sense of hopelessness and a lack of progress or improvement, which are common experiences in depression.
- The mention of ""Hurt myself again today"" is a clear indication of self-harm, which is often associated with depression.
- The expression ""there's no one else to blame"" reflects self-blame and a feeling of isolation, which are also common in individuals with depression who tend to internalize their struggles and blame themselves for their difficulties.

Overall, the combination of self-destructive behavior, hopelessness, self-blame, and isolation strongly suggests a diagnosis of depression."
but these classes are literally making me suicidal. i havent even GONE to photog yet and i hate it.,suicide or self-harm,"The use of the phrase ""making me suicidal"" suggests that the person is experiencing thoughts of suicide as a result of their classes. Additionally, the emphasis on not having even gone to a particular class yet and already hating it indicates a significant level of distress and negative emotions. This combination of suicidal thoughts and strong negative emotions suggests a self-harm tendency or a risk for self-harm."
how are you feeling — suicidal https://curiouscat.me/wowonjae/post/212453463?t=1506713212 …,suicide or self-harm,"The direct answer from the person stating ""suicidal"" in response to the question about how they are feeling indicates a strong potential for suicidal ideation or self-harm tendencies. The person is explicitly stating their mental state and expressing thoughts of harming themselves. This statement warrants concern and immediate intervention to ensure the person's safety."
i wish i could kill myself start life over i hate myself so fucking much i hate what ive become im better off dead i just want to die,suicide or self-harm,"The explicit mention of wanting to kill oneself, starting life over, hating oneself, and wanting to die all suggest a strong presence of suicidal ideation and self-harm tendencies. The level of self-hatred and hopelessness expressed in this post is indicative of significant distress and a potential risk for self-harm or suicide."
Missing the Ravens play the Steelers Sunday cause I'll be working makes me want to kill myself.,suicide or self-harm,The post explicitly mentions wanting to kill oneself in response to missing a football game. This direct expression of suicidal thoughts suggests a strong inclination towards self-harm or suicide.
Can I honestly just kill myself? I feel so stupid and I feel like I don't deserve anything.,suicide or self-harm,"The post explicitly mentions wanting to kill oneself and feeling stupid and undeserving. These thoughts and feelings indicate a strong possibility of suicidal ideation and self-harm tendencies. The individual expresses a lack of self-worth and a desire to end their life, suggesting significant distress and the need for immediate support and intervention."
I tried to kill myself. But there wasn't enough spirit. It is necessary to be very strong person to decide on it,suicide or self-harm,"The explicit statement of ""I tried to kill myself"" indicates a clear suicidal tendency. The person also expresses that there wasn't enough spirit, suggesting a desire to end their life but lacking the means or determination to do so. The phrase ""It is necessary to be a very strong person to decide on it"" could imply that the person recognizes the gravity of their thoughts and the strength it takes to act on them. This overall post strongly suggests a self-harm or suicide tendency."
"RT @qlMcYBTFZX: Fuck it, I don't care care about October I am going Ireland whether my parents like it or not! @qQRFGt3ccvQpmzx @cdFksoT_Zx…",depression,"There are a few reasons to suggest depression as the assigned label for this post: 
- The use of profanity and the phrase ""I don't care"" suggests a level of apathy or indifference, which can be a symptom of depression.
- The mention of going to Ireland regardless of the parents' opinion can be seen as a form of rebellion or impulsivity, which can also be characteristic of depression.
- The lack of consideration for the parents' feelings and the potential disregard for their opinion can also indicate a lack of motivation or interest in interpersonal relationships, which can be associated with depression. Overall, this post reflects a negative and apathetic tone, suggesting that the person may be experiencing depressive symptoms."
Please see my answer on @tGTZ to: I took 12mg of klonopin for 3 days straight.I have a drugtest co... #drugtest http://t.co/sckeKot-,ptsd,"There is no mention or indication of any mental disorders in this post. It appears to be a question or request for advice about a drug test. There is no mention of any emotional distress, traumatic experiences, or symptoms related to mental health, therefore the assigned label would be ""No mental disorders."""
i said i'm not gonna kill myself but i'm doing it anyway pic.twitter.com/cUX5uuq5C9,suicide or self-harm,"The use of the phrase 'i'm not gonna kill myself but i'm doing it anyway' indicates a clear intention or plan to harm oneself. This suggests that the person is experiencing strong thoughts of suicide or self-harm, and may be at immediate risk. This post should be taken seriously and appropriate measures should be taken to ensure the person's safety."
Damn where is the trust?,no mental disorder,"There is no indication in this post that suggests the presence of any mental disorder. The statement ""Damn where is the trust?"" expresses frustration or disappointment but does not point towards any specific mental health issues."
"Damn, Bowie’s final album is amazing. The man was a true genius. (Yes, I am behind.)",no mental disorder,There is no indication of any mental disorders in this post. The author is expressing admiration for David Bowie's final album and referring to him as a genius. This is a simple statement of appreciation and does not suggest any distress or symptoms of a mental disorder.
Looking at this makes me want to kill myself https://twitter.com/therealasswolf/status/909617803895857154 …,suicide or self-harm,"The use of the phrase ""makes me want to kill myself"" indicates that the person is experiencing extreme distress or emotional pain that is leading to thoughts of self-harm or suicide. This kind of statement should always be taken seriously and warrants immediate attention and support."
"RT @gE6CCdwh9aHV: i think amanda bynes hit rock bottom worse than britney and lindsey combined, do her friends/family not say anything to h…",no mental disorder,"This post discusses Amanda Bynes hitting rock bottom and questions why her friends and family do not intervene. While it may suggest concern or curiosity about her well-being, there is no indication of any significant distress or symptoms of a mental disorder in the post."
en toen was ik wakker om 4u. shit happens. goedemorgen.,no mental disorder,There is no indication in this post that suggests the presence of any mental disorder. The post simply states that the person woke up at 4 am and acknowledges that sometimes unexpected things happen. This is a common experience and does not necessarily suggest any distress or symptoms of a mental disorder.
"Yeah I know, so much for lazing on the couch. But I wanna move homes! Has to be done. Stress relief too knowing I make progress.",no mental disorder,"The post mentions needing to move homes and finding it stressful, but there is no indication that this distress is causing significant impairment or triggering any symptoms of a mental disorder. The mention of stress relief through making progress suggests that the individual is actively taking steps to cope with the situation, which is a positive sign."
"I can't imagine not living, but I don't think my life is ""worth"" living. I'm just existing. & not well.",suicide or self-harm,"The use of phrases such as ""can't imagine not living"" and ""my life is not worth living"" indicate a sense of hopelessness and worthlessness, which is often associated with suicidal ideation. The statement ""I'm just existing, and not well"" suggests a feeling of emptiness and lack of fulfillment, which are common feelings in individuals who struggle with thoughts of self-harm or suicide. Overall, the language used in this post suggests a strong indication of a suicide or self-harm tendency."
The fact that Eric loves eating huge amounts of food and falling asleep immediately after as much as me is how I know it's real,no mental disorder,"The post mentions that the person and Eric share a love for eating huge amounts of food and falling asleep immediately after. While this may suggest a potential unhealthy relationship with food or a sedentary lifestyle, it does not provide any significant indicators of a mental disorder. The content of the post is more about a shared interest or behavior rather than indicating any distress or symptoms of a mental disorder."
"RT @njFHIIOMqr: @gHTP9Kbo5Wj I have had 3 NHS whistleblowers contact me this week, all reported poor care &amp; practice. 2 now sacked the othe…",ptsd,"The mention of whistleblowers reporting poor care and practice suggests that the poster may have witnessed or experienced traumatic events within the healthcare system. PTSD often occurs in response to experiencing or witnessing a traumatic event, and the mention of multiple whistleblowers contacting the poster implies a repeated exposure to distressing situations. The use of phrases like ""reported poor care"" and ""2 now sacked"" indicate that there may be ongoing stress and distress related to these experiences, which aligns with symptoms of PTSD."
RT @h4E1WREW0T: If Happy Ever After did exist I would still be holding you like this. All those fairy tales are full of shit. One more love…,depression,"There are a few things in this post that suggest depression as the most likely mental disorder label:

- The use of the phrase ""If Happy Ever After did exist"" suggests a sense of hopelessness or a belief that happiness is unattainable.
- The mention of fairy tales being ""full of shit"" implies a cynical or negative outlook on life, which can be indicative of depressive symptoms.
- The mention of ""one more love song"" could suggest feelings of longing, loneliness, or dissatisfaction with relationships, which are common in individuals with depression.
- The overall tone of the post is melancholic and expresses a lack of fulfillment or satisfaction in life, which aligns with depressive symptoms."
"I am more than a little pissed at the @mykreyos gang. You do not ship out regular buyers before backers (friends shipped, mine's not)",no mental disorder,"The post expresses frustration and anger towards a company for shipping out regular buyers before backers. While this may be a source of annoyance or disappointment, there is no indication of significant distress or symptoms of a mental disorder. The emotions expressed in this post are within the range of normal emotional responses to a frustrating situation."
"I mourn passing of Amb. Dick Holbrooke. He was a mountain of a man, ambitious, passionate, persuasive. Was client at Global HIV coalition",no mental disorder,"This post does not contain any indications of mental disorders. It is simply expressing mourning and admiration for Ambassador Dick Holbrooke. There are no mentions of distress, symptoms, or any psychological factors that would suggest the presence of a mental disorder."
"RT @t94EWLHFn: To all those ""real"" BJ PENN fans talking about him killing it now dissing him. YOU MAKE US SICK",no mental disorder,"This post expresses frustration and disgust towards people who are criticizing someone. While it may suggest some negative emotions, there is no indication that it is associated with any significant distress or symptoms of a mental disorder."
Om det inte blir en andra valomgång beräknas resultatet komma i slutet av april. #val #AfghanElections,no mental disorder,"The post is discussing the timing of election results in Afghanistan. There is no mention or indication of any mental health issues or distress in the post. Therefore, the assigned label is ""No mental disorders."""
"💿💿💿💿💿💿 in a few short months, you'll be 23 i would love a follow before then? i love you so much @vSALORIceZsHHG2 💿💿💿💿💿💿 x156",depression,"The excessive use of emojis (💿💿💿) and repeated requests for a follow suggest a form of validation seeking behavior, which is often seen in individuals with depression. The person also expresses their love for the person they are addressing multiple times, which could indicate a desire for connection and affection, another common characteristic of depression. The use of 'x156' at the end of the post could be seen as an attempt to overcompensate for the lack of physical affection, which is often a sign of depression. Overall, the content of the post, along with the repetitive and desperate nature of the requests, suggests that the person may be struggling with depression."
"New Kiev leaders really need to stop using same tedious ""Terrorists-we will crush you"" crap that they were supposed to have ousted. #Ukraine",no mental disorder,"This post expresses a political opinion and critique of the leadership in Kiev. While it may indicate frustration or dissatisfaction with the government's approach, there is no indication of any mental disorders. The content of the post is focused on political matters rather than personal emotional states or experiences."
So good when those slip through RT @Glinner: Dear God RT @jenlong: My mum is so pissed off about this. pic.twitter.com/eHaDWB1inw,no mental disorder,This post does not indicate any symptoms or behaviors associated with mental disorders. It is simply expressing agreement with something that has slipped through or annoyance with something that has upset the person's mother. There is no indication of any distress or significant impact on the person's mental well-being.
You're not real friends until you can be openly ugly around each other and then insult each other for it http://t.co/_4Nql5wF,no mental disorder,"This post depicts a lighthearted and joking interaction between friends. While they mention being ""openly ugly"" and insulting each other, it appears to be within the context of a playful and comfortable friendship dynamic. There are no indicators of significant distress or symptoms of a mental disorder."
RT @tLM1: Mikey designed his own booty shorts 😜 its on our webstore for the next 7 days if you want it !http://t.co/QUT_d:jUakk http://t.co/cUrp4uO6ffZn2X1QcKYoK78W2hl…,no mental disorder,"This post is promoting a product, specifically a pair of booty shorts designed by someone named Mikey. There is no indication of any distress or symptoms of a mental disorder in the post. It simply appears to be a promotional tweet for a product."
RT @vtID9tvGkY: Today is my third year anniversary of being the @uXG light heavyweight champion!!! I'll reward myself with a full day of ex…,no mental disorder,This post is celebrating an achievement and expressing excitement for a full day of exercise. There is no indication of any distress or symptoms of a mental disorder.
"If I am a mess then I apologize for every negative attribute Sometimes I don't choose it, nor desire it I would kill myself if I could",suicide or self-harm,"The statement ""I would kill myself if I could"" is a clear indication of the person having thoughts of self-harm or suicide. Expressing a desire to end one's own life is a serious red flag for potential suicidal tendencies. Additionally, the overall tone of the post suggests that the person is feeling overwhelmed and struggling with negative emotions. Together, these factors strongly suggest a potential suicide or self-harm tendency."
I’m genuinely gonna recreate her “I tried to kill myself in December” tweet if she does I’m not fucking around anymore,suicide or self-harm,"The mention of ""trying to kill myself"" and the threat to recreate someone else's suicidal tweet suggests a serious and immediate risk of self-harm or suicide. The language used (""I'm not fucking around anymore"") indicates a sense of desperation and lack of appropriate coping mechanisms. This post demonstrates a clear indication of suicide or self-harm tendency."
Stop talking shit about Kellins wife. He married her for a reason. He doesn't want annoying fan girls oh my god. Just get over it.,no mental disorder,"The post shows a defensive and protective tone towards Kellin's wife, suggesting that the person feels strongly about stopping negative comments towards her. While the use of strong language and frustration can indicate emotional distress, there is no clear indication of symptoms of a mental disorder, such as persistent anxiety, intrusive thoughts, or avoidance behaviors that are typically associated with PTSD."
I'm gonna kill myself and people won't even notice I'm gone. https://youtu.be/kO72wNwmPSc via @YouTube,suicide or self-harm,"The post explicitly mentions the intent to kill oneself, which is a clear indication of suicidal ideation. The statement about people not noticing their absence suggests a feeling of loneliness or lack of support, which can be associated with self-harm tendencies. The inclusion of a YouTube link may also indicate a desire for validation or attention, further supporting the assigned label of suicide or self-harm tendency."
Check out Dickie's tour diary - He will be updating it throughout the New Blood tour of North America... http://bit.ly/k01v3T,no mental disorder,"This post appears to be a promotion or announcement about someone's tour diary. It does not contain any content or language that suggests the presence of mental disorders such as suicidal tendencies, depression, or PTSD. Therefore, the label assigned would be ""No mental disorders."""
If details matter why do you oversimplify #genocide as just perp & victim? #CloudOfGenocide @dickinsonbeth re #IvoryCoast http://j.mp/erQTq1,no mental disorder,"The post is discussing the oversimplification of the concept of genocide, specifically in relation to the Ivory Coast. While it may be a sensitive topic, there is no indication of any mental disorders being present in the post. The content of the post appears to be a critique or discussion of a specific issue, rather than expressing any personal distress or symptoms of a mental disorder. Therefore, the assigned label is ""No mental disorders."""
"I went running again today. Only 2.5k again, but I'm happy with it. Also went to the gym and was told that I 'lift like a dude'. Nice :)",no mental disorder,"The post mentions going running and going to the gym, which suggests a healthy and active lifestyle. The comment about lifting like a dude may be seen as a positive and empowering statement. There is no indication of distress, trauma, or any symptoms of a mental disorder in this post."
"I love my job, I love my job, I love my job. I hate my job. It looks like a scene from a horror movie. http://t.co/Q6umG:p2OD",depression,"The repetition of the phrase ""I love my job"" followed by the statement ""I hate my job"" suggests a conflicted and negative attitude towards work. This inconsistency in emotions can be indicative of depression, as individuals with depression often experience fluctuating moods and negative thoughts. The description of the job as resembling a scene from a horror movie further supports the notion that the poster is experiencing feelings of unhappiness or dissatisfaction, which are typical symptoms of depression."
"@xDRPdyRKjPKXNEG that is stupid hot indeed! We got a max of 41. Then the sun hid behind some clouds for a while, oh sweet relief!",no mental disorder,"This post is simply a reaction to the heat and the relief of the sun going behind the clouds. There is no indication of any distress, trauma, or symptoms related to a mental disorder."
"Personally, I'm saving myself for that special sex robot programmed to kill me.",suicide or self-harm,"The mention of wanting a ""special sex robot programmed to kill me"" indicates a fascination or desire for self-destructive or harmful behaviors. This statement suggests a morbid or potentially dangerous mindset, which could be indicative of a suicidal or self-harm tendency. The use of humor or irony in this context does not negate the seriousness of the underlying thoughts or emotions being expressed."
"I'm beginning to lose interest in many people right now and I don't like it but I can't stop it, it just happens..",depression,"The statement ""I'm beginning to lose interest in many people right now and I don't like it but I can't stop it, it just happens"" suggests a loss of interest or pleasure in activities and social interactions, which is a common symptom of depression. The individual expresses that they do not like this change and feel helpless in stopping it, indicating a lack of control over their emotions and experiences. This sense of helplessness is often associated with depressive symptoms. Overall, the post indicates a negative shift in mood and a loss of interest, which aligns with the symptoms of depression."
"RT @nHZRur0UTMQnC: Retweet And Favorite If You're Apart Of The #DrugFamily, And #StonerBabes Follow Each Other And Spread The Love, Nudes, …",depression,"There are a few things that suggest depression as the most likely mental disorder label for this post:

- The use of the phrase ""Retweet And Favorite If You're Apart Of The #DrugFamily"" suggests a sense of belonging and seeking connection, which can be common in individuals with depression who may experience social isolation and a lack of support.
- The author mentions following each other and spreading love, which could be seen as a way to seek validation and affection, both of which can be common in people with depression.
- The mention of sharing nudes could potentially indicate risky behaviors or low self-esteem, which can also be associated with depression.
Overall, while this post does not explicitly mention feelings of sadness or hopelessness, the implicit cues and behaviors in the post suggest that the person who wrote it may be struggling with depression."
"NEW BLOG POST: ""You Don't Need Permission, Just Love"" - Have you ever quietly struggled with wanting to love God... http://t.co/5_GNwKJCyP",no mental disorder,"The post mentions struggling with wanting to love God, which could indicate some internal conflict or questioning, but there is no indication of distress or symptoms of a mental disorder. The post seems to be more about personal reflection and spirituality rather than a manifestation of a mental disorder."
I've been trying different diets since I was 12 and I finally found one that works. I'm taking control with Ana.,no mental disorder,"The post mentions trying different diets and finally finding one that works, and mentions ""taking control with Ana."" While ""Ana"" could potentially refer to anorexia nervosa, the post does not explicitly state that this person is engaging in disordered eating behavior or experiencing symptoms of an eating disorder. It is important not to jump to conclusions or make assumptions based solely on limited information."
My answer on @tGTZ to: I SUFFER FROM ANXIETY BUT LATELY I GET DIZZY BAD HEADACHES MY BLOOD PRESSURE... #anxiety http://t.co/rN9LafVZ,no mental disorder,"The post mentions suffering from anxiety and experiencing physical symptoms such as dizziness and bad headaches. While these symptoms can be associated with anxiety, there is no indication of any traumatic event or criteria for PTSD in the post. Without more information or explicit mention of trauma, it would be more appropriate to assign the label of no mental disorders in this case."
"if i had a night for each boy, and then 5sos on the weekends, would you guys read my lil drabbles???",depression,"There are a few things that suggest depression as the most likely mental disorder label for this post:

- The use of the phrase ""if i had a night for each boy"" suggests a desire for escapism or distraction, which can be common in individuals with depression who are looking for ways to cope with their negative emotions.

- The mention of 5sos (presumably referring to the band 5 Seconds of Summer) on the weekends could be seen as a form of seeking solace or comfort in their music, which can also be indicative of a depressed mood.

- The mention of ""lil drabbles"" suggests that the person may engage in creative writing or storytelling as a way to cope with their emotions. Writing can serve as a cathartic outlet for individuals with depression.

- Overall, the post implies a sense of seeking validation and connection by asking if others would read their drabbles. This can be a common behavior in individuals with depression who may feel isolated and in need of support or affirmation.

While this post does not explicitly mention feelings of sadness or hopelessness, the implicit messages and themes suggest a potential struggle with depression."
"At work we have a giant oven that's basically a closet. On an unrelated note, I've decided how to kill myself.",suicide or self-harm,"The post includes a mention of suicide and suggests that the person has a plan on how to do it. This indicates a strong potential for self-harm or suicide ideation, which is characteristic of individuals with suicide or self-harm tendencies. The mention of an unrelated note adds to the seriousness of the statement, as it suggests that the person may be experiencing significant distress or feelings of hopelessness."
Okay I'm just going to kill myself now,suicide or self-harm,"The explicit statement of ""I'm just going to kill myself now"" indicates a clear and immediate desire for self-harm or suicide. This statement should always be taken seriously, as it may indicate a person in crisis and in need of immediate help and intervention. The urgency and directness of the statement indicate a strong possibility of suicidal or self-harming tendencies."
"@l7lvYqa3rzjGkT Oh my god, about Anya/the finale in general. Watched it at this time last year and COULDN'T HANDLE LIFE FOR DAYS. Have fun!",no mental disorder,"This post mentions being unable to handle life for days after watching a television show finale. While this could suggest a strong emotional reaction, there is no indication that it is causing significant distress or triggering any symptoms of a mental disorder. It is important to differentiate between strong emotions or temporary reactions to certain events and the presence of a mental disorder. In this case, the post does not provide enough information to assign a mental disorder label."
Just vomited in the hallway of the school of music can’t wait to kill myself DEAD,suicide or self-harm,The use of phrases like 'can't wait to kill myself' and 'dead' indicate a strong sense of despair and thoughts of self-harm or suicide. The act of vomiting in public and expressing a lack of concern or anticipation for one's own life also points towards a potential mental health crisis. The overall tone of the post suggests a significant level of distress and a need for immediate support and intervention.
Oh my God I think my uncle Alan is home for his birthday..DO YOU KNOW WHAT THIS MEANS? SERIOUS DRINKING SESSION WITH THE FUNNIEST MAN EVER,no mental disorder,"While the person in the post is enthusiastic about their uncle coming home for his birthday and the prospect of having a drinking session, there is no indication of any distress, negative emotions, or symptoms of mental disorders. The use of all caps and exclamation marks suggest excitement rather than any underlying mental health concerns."
"To kill the one you love. If someone else will do it anyway, I'd rather do it myself. #AkameGaKill",suicide or self-harm,"The post explicitly mentions the desire to kill oneself, indicating a serious concern for self-harm or suicide. The hashtag #AkameGaKill suggests a potential influence from media that portrays violent or harmful behavior. Additionally, the phrase ""If someone else will do it anyway, I'd rather do it myself"" suggests a sense of hopelessness and a lack of value for one's own life. These factors combined indicate a significant risk for suicidal ideation or self-harm."
@IamPOISONIVORY ur fuckin epic. just sayin.,no mental disorder,"There is no indication of any mental disorders in this post. It is simply a compliment or expression of admiration towards the person mentioned. The language used (""ur fuckin epic"") is informal and could be seen as a positive and enthusiastic statement, but does not suggest any underlying mental health concerns."
Not following Alexy Navalny anymore as he spammed the fuck out of my twitter feed #spam #annoying #politics,no mental disorder,"This post does not show any indications of mental disorders. The person is expressing annoyance with someone spamming their Twitter feed with political content. While the language used may be strong, it is not uncommon for individuals to express frustration or annoyance with excessive or unwanted content online. This post does not suggest any significant distress or symptoms of a mental disorder."
RT @dLvRsvEI: @m0Q32vhX0Zo2qrv @rXJYCLumrSP Not at all...we are trying to Raise Awareness . We are the CHAMPIONS! (better c word!) http://thttp://t.co/CX48XuDLIDcUrp4uO6ffZn2X1QcKYoK78W2hl…,no mental disorder,"The post mentions raising awareness and identifies themselves as champions, which suggests a positive and proactive attitude. There is no indication of any distress or symptoms related to a mental disorder in this post."
I just sent the artwork for this month's Card Of The Month to the printers! I love this project. If you would... http://t.co/OGixTsxfSK,no mental disorder,There is no indication in this post of any symptoms or experiences that would suggest the presence of a mental disorder. The content of the post is focused on a personal project and does not contain any language or themes related to mental health or distress.
I’d rather kill myself than to commit suicide,suicide or self-harm,"The use of the phrase ""I'd rather kill myself"" indicates that the person is referring to the act of ending their own life. This suggests not only a desire for suicide but also a potential tendency towards self-harm. The statement implies a deep distress and hopelessness, which are often associated with suicidal thoughts and actions."
"RT @hEwLIbVvEe6: TO ALL THE PEOPLE REFRESHING RIGHT NOW, Y'ALL ARE TRUE 1D AFs AND Y'ALL DESERVE OTRAT VIP TICKETS OKAY",no mental disorder,"This post is expressing enthusiasm and excitement about potentially winning VIP tickets to a One Direction concert. While the use of capitalized letters and the phrase ""y'all deserve"" could suggest strong emotions, there is no indication of significant distress or symptoms of a mental disorder. It appears to be a simple expression of fandom and enthusiasm."
RT @k74HNBhcThnfIun: #ProudOfLouis Louis uses his whole fame and money for carity and to make a differance HOW CAN YOU NOT BE PROUND OF …,no mental disorder,"This post shows admiration and support for someone (Louis) who uses their fame and money for charity and making a difference. While the hashtag #ProudOfLouis suggests a positive sentiment, there is no indication of any symptoms or distress associated with a mental disorder."
"☀️ @vSALORIceZsHHG2 you are my light in the dark, my warmth in the cold, and my beauty within the ugliness of the world ☀️ x303",depression,"The use of phrases like ""my light in the dark,"" ""my warmth in the cold,"" and ""my beauty within the ugliness of the world"" suggest that the person is experiencing feelings of sadness, loneliness, and despair. The use of the sun emoji and the repetition of ""x303"" at the end of the post could be seen as an attempt to seek comfort and validation, which are common in individuals with depression. The person may be relying heavily on this specific individual for emotional support and positive emotions, indicating a potential dependency and lack of coping mechanisms. Overall, while this post does not explicitly state that the person is depressed, the language used and the intense emotional reliance on another person suggest that depression may be a likely mental disorder in this case."
RT @klh4yXX1K: free cookie dough when u buy an ouija board like what are u gonna bake cookies for satan http://t.co/taP_ao_Qkt,no mental disorder,"This post seems to be making a lighthearted joke about using cookie dough with an Ouija board. While the mention of Satan could potentially be seen as a dark or macabre reference, it is more likely meant to be funny or playful rather than indicative of any mental disorder. There is no explicit mention of sadness, hopelessness, or any other symptoms associated with depression."
"""Short of concrete plans about how to fight this, the ‘bomb the shit out of them’ guy is going to win.” politico.com/story/2015/11/…",no mental disorder,"This post does not display any symptoms or indicators of mental disorders. It is simply expressing a political sentiment and does not mention anything related to personal experiences, emotions, or psychological distress."
I write most of my songs about me trying not to kill myself so like maybe listen to my lyrics,suicide or self-harm,"The mention of writing songs about trying not to kill oneself is a clear indication of suicidal ideation and self-harm tendencies. By expressing that most of their songs are centered around this theme, it suggests that the person is struggling with thoughts of suicide and self-harm on a regular basis. The plea for listeners to pay attention to the lyrics further emphasizes the seriousness of their mental state and the need for support."
@ItsAlexKu @CalebJenkins17 fuck ya. Been a long time coming.,no mental disorder,"Although the response contains profanity, there is no indication of any mental disorder. It appears to be a simple expression of excitement or agreement, without any significant distress or symptomatology associated with mental disorders."
“@EmeelBishay: reut.rs/n3Q9je damn!” Really damn! We have to start learning Chinese!,no mental disorder,"There is no indication in this post that suggests any mental disorder. The use of ""damn"" and the mention of learning Chinese could imply surprise or frustration, but there is no clear sign of distress or symptoms related to a mental disorder."
"Because I always do feel like snapping at people when they call me ""girl"". Especially if they know me well enough to know better.",ptsd,"The mention of feeling like snapping at people when they call the person ""girl"" suggests a heightened sensitivity or irritability to certain triggers, which is common in individuals with PTSD. PTSD can cause individuals to have strong emotional or physical reactions to reminders of their traumatic experiences, and in this case, being called ""girl"" may be triggering for the person due to past traumatic experiences or associations."
"RT @wSmIue03: If Justin doesn't win this, I'm seriously gonna cry. All the real Beliebers worked SO hard for our boy... #mtvhottest Justin …",depression,"There are a few things that suggest depression as the most likely mental disorder label for this post:

- The use of the phrase 'gonna cry' suggests a strong emotional reaction, which could be indicative of depressive symptoms such as intense sadness or feelings of hopelessness.
- The author states that 'all the real Beliebers worked SO hard for our boy', implying a sense of investment and dedication to Justin Bieber. This intense attachment and emotional investment in a celebrity could be a sign of seeking connection and purpose, which can be common in individuals with depression.
- The use of the hashtag #mtvhottest shows a desire for Justin Bieber to win, indicating that the author may have placed a significant amount of importance on this outcome. This intense focus on a specific event or outcome can sometimes be a symptom of depression, as individuals may struggle to find joy or satisfaction in other areas of their life."
That Logic song on the radio makes me wanna kill myself,suicide or self-harm,The post explicitly states that a song on the radio makes the person want to kill themselves. This suggests that the individual is experiencing intense emotional distress and may be at risk for self-harm or suicide. The mention of a specific trigger (the Logic song) and the strong reaction it elicits indicates a potential suicidal or self-harm tendency.
"RT @ebaK5cibBy77Q: Drug accounts be like ""Weed and positive vibes bro"" Then they call anyone a piece of shit if they talk down about drug…",depression,"There are a few factors in this post that suggest the label of depression: 

1. The mention of drug accounts talking about ""Weed and positive vibes"", followed by calling someone a ""piece of shit"" for talking down about drugs. This could indicate a sense of irritability or sensitivity, which can be common in individuals with depression.

2. The use of derogatory language and the general negativity towards those who criticize drugs may be reflective of negative thinking patterns often associated with depression.

3. The underlying theme of seeking validation or defending drug use also aligns with the tendency of individuals with depression to seek external validation or use substances as a coping mechanism.

Overall, while the post itself does not explicitly mention feelings of sadness or hopelessness, the underlying tone and content suggest depressive tendencies."
Babykins wants to know when coughing bitch gets to Cardiff. It'll be either half past or 10 to. She had a good shag yesterday. He is eating.,no mental disorder,This post does not contain any explicit or implicit indicators of mental disorders. The content of the post seems to be nonsensical and does not provide any insight into the person's mental health or well-being.
@u2uk4qVUe @fp6YwtAOSsoC hmmm cant remember that 1 but my fav was my YEP smiley. Nodding with a cheeky grin. But I liked yeahnah too,no mental disorder,This post does not show any signs or symptoms of a mental disorder. It is simply a discussion about favorite emojis used on a social media platform.
I am now waiting to leave Cardiff. I've enjoyed rugby player perving and sossij munching with @fScvSV6JigcK7U. Mine was a squirter #winning,no mental disorder,"Although the post contains some suggestive or inappropriate language, there is no clear indication of any mental disorder. The use of sexual innuendos or references to enjoying certain activities does not automatically indicate the presence of a mental disorder. Without further information or context, it would be inappropriate to assign a mental disorder label based solely on this post."
.... Should I do some more of my project or continue doing nothing productive with myself? .... Hmm Ill go with my second option #whatevs,depression,"The post suggests a lack of motivation or interest in engaging in productive activities, which is a common symptom of depression. The use of the phrase ""continue doing nothing productive with myself"" implies a feeling of worthlessness or lack of purpose, which are also common symptoms of depression. The hesitation and uncertainty expressed through the use of ""hmm"" and ""#whatevs"" may indicate a lack of energy or motivation to make decisions, which can be associated with depression. Overall, these indicators suggest that the poster may be experiencing depression."
RT @gHaO8tKKCANcE: people wonder why the one direction fandom is so sassy and rude well we learned from the best #EMABiggestFans1D http://…,no mental disorder,This post is discussing fandom behavior and does not show any indication of mental distress or symptoms of a mental disorder. The use of the phrase 'sassy and rude' is likely referring to the behavior of the One Direction fandom and not the mental state of the poster.
"RT @p8y3v97zLwvIQ: The first few times I smoked weed I told myself I would only smoke it on special days - little did I know, every day is …",depression,"The post suggests that the person has started using weed as a coping mechanism or as a regular part of their daily life. This could indicate a possible symptom of depression, as individuals with depression often turn to substances or addictive behaviors as a way to self-medicate or numb their emotions. The statement ""every day is special"" could be seen as a cynical or negative perspective, which aligns with the negative cognitive patterns often seen in individuals with depression. Additionally, the post implies a loss of control or difficulty in adhering to self-imposed limits, which could be indicative of depressive tendencies."
that logic song actually wanna make me wanna kill myself ..,suicide or self-harm,"The use of the phrase ""wanna make me wanna kill myself"" indicates a strong emotional reaction and suggests that the person is struggling with suicidal thoughts or self-harm tendencies. The mention of a specific song as the trigger for these thoughts further supports the possibility of a mental health issue, as certain triggers can exacerbate or intensify existing struggles with suicidal ideation or self-harm behaviors."
"From a clever music startup bus card: Name + ""This idea is mostly mine and I am damn proud of it. They call me the CEO""",no mental disorder,This post does not exhibit any indications of mental disorders. It simply showcases the pride and confidence of someone in their role as a CEO. There is no suggestion of distress or symptoms that would align with any mental disorder.
RT @oejeJjkFphCYc: Today was a great day. 74% of the reason why it was so great was because it's a Friday!,no mental disorder,"The post simply states that the day was great, with a mention of it being Friday. There is no indication of any distress or symptoms of a mental disorder."
"My answer on @tGTZ to: Trying to find a doctor who moved to Seattle, Wa about 5 years ago. Performed Gamm... http://t.co/wERXJoaN",no mental disorder,"This post is a response to a question about trying to find a doctor who moved to Seattle. It does not mention any symptoms or experiences related to mental health or mental disorders. Therefore, there is no indication that the poster has any mental disorders based on this post."
I get threatened to get kicked out of heritage for stupid stuff all the time so if they don't get kicked out im gona raise hell,no mental disorder,"The post mentions feeling threatened to get kicked out of heritage for stupid reasons, but there is no mention of significant distress or symptoms strongly suggestive of a mental disorder. The response to potentially not being kicked out is to ""raise hell,"" which could be interpreted as a strong emotional reaction, but not necessarily indicative of a mental disorder."
just got added to a group chat with someone who has an android and i’m about to kill myself,suicide or self-harm,"The use of the phrase ""i'm about to kill myself"" explicitly suggests that the person is experiencing thoughts of self-harm or suicide. This kind of statement should always be taken seriously and immediate support or intervention should be sought."
paramore's new song doesnt sound like them BUT ITS STILL SO GOOD and the music video is way too cute http://t.co/W7SwWh9wp-,no mental disorder,This post is simply expressing enjoyment and enthusiasm for a new song and music video. There is no indication of any distress or symptoms of a mental disorder.
"@nOvxKW34egDkCTa Doctors can kill children, lie &amp; falsify records with impunity but parents punished for acting in child's best interest :""(",no mental disorder,"The post expresses frustration and sadness about a perceived injustice, but there is no indication of any symptoms or experiences related to a mental disorder. The content of the post seems to focus on a specific issue or concern, rather than reflecting any broader mental health issues."
I get suicidal again,suicide or self-harm,"The post explicitly mentions feeling suicidal, indicating a clear self-harm tendency. The use of the word ""again"" implies that the person has experienced these feelings before, further emphasizing their tendency towards self-harm or suicidal thoughts."
This day was nuts. I can't believe...i cut myself...This day was nuts. I can't believe...i cut myself…,suicide or self-harm,"The repetition of the phrase ""This day was nuts. I can't believe...i cut myself..."" suggests that the person is expressing distress or shock over their self-harm behavior. This repetition could indicate a strong emotional response and a sense of disbelief regarding their actions, which may suggest a self-harm tendency. Self-harm is commonly associated with underlying mental health issues and can be a coping mechanism for emotional pain or distress. Therefore, the assigned label of suicide or self-harm tendency is appropriate for this post."
"There's a difference between ""get shit done"" and ""get shitty done""",no mental disorder,"This post does not show any symptoms or indicators of a mental disorder. It appears to be a simple statement highlighting the difference between two phrases. There is no mention of distress, negative emotions, or any other signs that would suggest the presence of a mental disorder."
Casually suicidal,suicide or self-harm,The use of the phrase 'casually suicidal' indicates that the person is experiencing suicidal thoughts but in a nonchalant or casual manner. This suggests that they may have a tendency towards self-harm or suicidal behavior. The use of the word 'suicidal' itself is a clear indication that the person is struggling with thoughts of self-harm or suicide.
"#5 cont: Just be the parent to them you've always been. You did it when you didn't know their sexuality, and you can do it now",no mental disorder,The post is addressing the importance of being a supportive parent and highlights a past situation where the parent did not know their child's sexuality but still acted as a loving and caring parent. There is no indication of distress or any symptoms associated with mental disorders in this post.
Or I’ll kill myself* . https://twitter.com/oceanlighten_/status/913857290905587712 …,suicide or self-harm,"The use of the phrase ""Or I'll kill myself"" explicitly states a desire or intention to harm oneself. This indicates a strong possibility of suicidal or self-harm tendencies."
"NEW FROM THE BIG DOG BLOG: ""Caught On Camera! - The Soccer Playing Boxer"" - We just might have the next big... http://t.co/_8~:yYy8xE",no mental disorder,This post is about a lighthearted topic and does not indicate any distress or symptoms of a mental disorder. The content is focused on a soccer-playing boxer and there is no mention of any personal struggles or negative emotions.
lmao so i swiped my card at the gas station and literally 15 minutes later i get a Facebook request from the guy at cash. 😂,no mental disorder,This post is a lighthearted anecdote about a funny or coincidental encounter with someone from the gas station. There is no indication of distress or symptoms of a mental disorder present in the post.
"I want to die, but I don't want to kill myself",suicide or self-harm,"The statement ""I want to die"" indicates a strong desire for death, which suggests suicidal thoughts or ideation. However, the added phrase ""but I don't want to kill myself"" shows ambivalence or conflicted feelings about acting on those thoughts. This can be an indication of self-harm tendencies, as the person may be engaging in non-suicidal self-injurious behaviors as a way to cope with their emotional pain. It is important to take any mention of wanting to die seriously and seek help or support for the individual."
I finally get a weapon in fortnite and I kill myself jupoing from a cliff,suicide or self-harm,"The post explicitly mentions killing oneself by jumping from a cliff. This demonstrates a clear indication of self-harm or suicidal ideation. The context of the post, which revolves around a video game, suggests that the person is using this as an outlet to express their distress or frustration. However, the mention of self-harm tendencies raises alarm and indicates a need for immediate support and intervention."
"@ndouba ahh. crap. they were there? +1 on the ""not meeting the @Burp_Suite team sads"" at @_defcon_",no mental disorder,"This post does not contain any explicit mention or indication of mental distress, symptoms, or experiences related to mental disorders. The content of the post is simply expressing disappointment or frustration about not being able to meet the Burp Suite team at a conference. Therefore, there is no basis to assign any mental disorder label to this post."
Please see my answer on @tGTZ to: What would cause dizziness when I squat down then stand up? Wh... #dizziness http://t.co/GACW97-q,no mental disorder,The post is simply asking for advice or information about a physical symptom (dizziness). There is no indication or mention of any mental distress or symptoms associated with a mental disorder.
fuck god ill kill him myself,suicide or self-harm,The post explicitly expresses a desire to harm God and suggests a potential intention of carrying out that harm. This extreme level of anger and hostility towards oneself and a higher power is indicative of a possible suicide or self-harm tendency. The use of profanity and the strong language also highlights the intensity of the emotions being experienced.
I was bought into this world without my consent and now i can't even kill myself bc suicide is haram????,suicide or self-harm,"The use of phrases like ""bought into this world without my consent"" and ""now I can't even kill myself"" indicate a strong sense of hopelessness and despair. The mention of suicide being ""haram"" could suggest a religious background that imposes guilt or restrictions on suicide, but the fact that the person still expresses a desire to end their life suggests a significant level of distress and possibly a tendency towards self-harm. Overall, this post reflects a high risk of suicide or self-harm."
"You know, I have never been averse to the ""blocking"" feature here on Facebook. I kind of like blocking comment... http://t.co/lv7YzP~_Ry",no mental disorder,"The post mentions using the ""blocking"" feature on Facebook, which could suggest a desire for privacy or controlling one's social media experience. However, there is no indication that this is causing any significant distress or triggering any symptoms of a mental disorder."
I hate it when uber Christians say that Christmas shouldn't be celebrated by non-Christians. The holiday is about spreading joy to EVERYONE,no mental disorder,"This post expresses frustration with a specific group of people (uber Christians) and their perspective on celebrating Christmas. While the language used is strong (""hate""), it does not suggest any symptoms or indications of a mental disorder. This appears to be a normal expression of a difference in opinion and perspective."
RT @n_NK_wac5s9aVyP: You have so much #SWAG I'm surprised twitter can handle. And by that I mean you are a huge douche.,no mental disorder,"The post may show negative emotions towards the person being mentioned, but there is no indication of any significant distress or triggering of symptoms related to a mental disorder. The language used ('huge douche') may suggest disapproval or dislike, but it does not necessarily point to depression or any other mental disorder."
My answer on @tGTZ to: How do I get Clomid? To help me get pregnant? Is it orders by doctors? http://t.co/xSgHM:10,no mental disorder,"This post is asking a question about obtaining medication to help with getting pregnant. While it is possible that the person asking the question may have underlying mental health issues related to fertility struggles or other related concerns, the content of the post alone does not provide sufficient evidence to assign a mental disorder label."
See my answer on @tGTZ to: Can a man give a women Chlamydia from her rubbing/grinding her vagina ... #chlamydia http://t.co/jExSJXB7,no mental disorder,"The post is simply answering a question about the transmission of an STI. While the topic of the post may be sensitive or uncomfortable for some, there is no indication of any mental disorder or distress being expressed in the content."
I'm not sure if I'm or I should kill myself?,suicide or self-harm,"The post directly mentions being unsure about whether to kill oneself. This indicates that the person is struggling with thoughts of suicide or self-harm. The use of the word ""should"" suggests that they may be contemplating taking such actions. It is important to take such statements seriously and to provide appropriate support and resources to ensure their safety."
Men around me act cute and I wanna kill them. Jimin acts cute I wanna kill myself.,suicide or self-harm,The use of the phrase 'I wanna kill myself' in response to someone acting cute is a strong indication of suicidal ideation or thoughts of self-harm. This kind of extreme reaction to something seemingly innocent suggests that the person is experiencing significant emotional distress and may be at risk of self-harm or suicide.
"@AymanHsafadi it is a bloody regime, and the ultimate inhuman .. But can't see the end of it.. Very worrying",no mental disorder,This post does not include any specific language or indicators that suggest the presence of a mental disorder. The author is expressing their concern and frustration with a political regime but there is no indication of any personal distress or symptoms related to a mental disorder.
RT @tmIMh: @rXJYCLumrSP Strikes me that CP bypass laws &amp; public sector responsibilities for the benefit of the few over the many. They shou…,ptsd,"There is no indication of a mental disorder in this post. The content of the post seems to be expressing a political opinion or frustration with a specific policy, rather than displaying any symptoms or signs of a mental disorder."
See my answer on @tGTZ to: My son was hit hard in a flag football game tonight. Ever since he has complaine... http://t.co/aWG8NYgu,no mental disorder,"The post states that the person's son was hit hard in a flag football game and has been complaining ever since. While this may indicate physical pain or discomfort, there is no indication of any mental distress or symptoms that would suggest a mental disorder."
"the worst thing about harry styles is that you can't only have a crush on him, you literary fall head over heels in love with him",no mental disorder,"The post expresses admiration and strong attraction towards Harry Styles, but there is no indication of any significant distress or symptoms of a mental disorder. Having a crush or strong feelings towards someone is a common experience and does not necessarily suggest the presence of a mental disorder."
if i had 5 lives i'd definitely kill myself in one of them,suicide or self-harm,The use of the phrase 'kill myself' clearly indicates a desire or contemplation of self-harm or suicide. The use of conditional language ('if I had 5 lives') suggests a level of hopelessness or despair. This post shows a clear indication of suicide or self-harm tendency.
This beautiful child died of treatable disease that was suspected months earlier. 24yrs on &amp; we still don't know WHY! http://t.co/UJRKi785xr,no mental disorder,"The post mentions a tragic event where a child died of a treatable disease. While it is a sad and unfortunate situation, there is no indication of any mental disorder being present in this post. It simply highlights a lack of understanding or answers regarding the cause of the child's death."
"@pYNiprCSV yeah, if my job would let me transfer at my current salary job I would rn, but I have to go back to hourly if I transfer.",depression,"While this post does not explicitly mention feelings of sadness or hopelessness, there are a few factors that suggest depression as the most likely mental disorder label for this post:
- The mention of wanting to transfer jobs, but not being able to maintain the same salary. This suggests a potential dissatisfaction or unhappiness with the current job situation, which can be a common symptom of depression.
- The statement ""I have to go back to hourly if I transfer"" implies a loss or decrease in job stability or financial security, which can contribute to feelings of distress and exacerbate symptoms of depression.
- The use of the abbreviation ""rn"" for ""right now"" may indicate a sense of urgency or desperation, which can also align with the emotional state someone with depression may experience.
Overall, while the post may not directly express feelings of depression, the underlying context and implications suggest that the person may be struggling with depression."
"""@2TSMtFPDs: Sean always gives me a bowl pack before school and it's honestly so cute like it's the little things"" @irOj4TaPW",depression,"The use of the phrase ""it's honestly so cute like it's the little things"" suggests that the person finds small gestures, such as receiving a bowl pack before school, to be meaningful and uplifting. This could be indicative of a person who is experiencing symptoms of depression, as they may struggle to find joy or pleasure in everyday activities. Additionally, the mention of Sean always providing this gesture could suggest a reliance on external sources of happiness or support, which is a common characteristic of depression. Overall, while the post does not directly mention feelings of sadness or hopelessness, the language and context imply a potential underlying mental disorder of depression."
"@hova414 fuckin' a. welcome back, bud. Lets do it again!",no mental disorder,"This post does not show any signs or symptoms of mental disorders. It is a simple message of excitement and welcome to someone, without any indications of distress, low mood, trauma, or suicidal ideation."
Wikipedia:I know everything Google:I find everything FB:I know everyone Internet: without me you're noting Electricity: keep talking bitches,no mental disorder,"This post does not contain any indicators of mental disorders. The content is simply a humorous comparison of different sources of information and their capabilities. There is no mention of emotional distress, symptoms of mental disorders, or any concerning behavior. Therefore, it can be concluded that there are no mental disorders implied in this post."
"Me, you, my bed, handcuffs, blindfold, whipped cream, chocolate, chips, steak, ice cream.. I'm sorry, I got a bit lost there. I love food.",no mental disorder,"While this post does mention being lost or getting lost in the moment, it is primarily focused on expressing love for food. There is no indication of significant distress or symptoms related to a mental disorder."
Dogs are the new compass? io9.com/dogs-align-the… My initial reaction: no shit?,no mental disorder,There is no indication in this post that suggests the presence of any mental disorder. The post is simply sharing a news article and expressing a casual reaction to the information.
I’ll kill myself,suicide or self-harm,"The explicit statement ""I'll kill myself"" indicates a clear and immediate risk of self-harm or suicide. This post expresses a direct intention to cause harm to oneself, which is a significant red flag for a suicide or self-harm tendency."
It's not worth living this damn hellfire life.,suicide or self-harm,"The post explicitly mentions that life is not worth living, suggesting that the person is feeling extremely hopeless and overwhelmed. The use of the word 'hellfire' intensifies the negative emotions and indicates a high level of distress. This kind of statement is often indicative of suicidal ideation or a desire to self-harm. The seriousness of the statement warrants assigning the label of suicide or self-harm tendency."
"@TheRyanMcRae Power Your Podcast with Storytelling with @abexlumberg. Great core content, crappy to sit through so much audience stuff",no mental disorder,"This post does not exhibit any clear signs or symptoms of a mental disorder. The poster is simply expressing their opinion about a podcast, stating that they found the core content to be great but found the audience portions to be tedious. There is no indication of distress, negative emotions, or any other symptoms that would suggest a mental disorder is present."
"“im not gonna kill myself over a boy , im just gonna cry alot” wise words from Hevenly",suicide or self-harm,"The use of the phrase 'im not gonna kill myself over a boy' suggests that the person is experiencing emotional distress in relation to a romantic relationship. However, the second part of the statement 'im just gonna cry a lot' indicates that the person is using crying as a coping mechanism, which may not be a healthy or effective way to deal with their emotions. This could be indicative of a tendency towards self-harm or thoughts of self-harm as a means to cope with emotional pain."
"Maybe if i end my life, all will be better.",suicide or self-harm,"The explicit mention of ""ending my life"" suggests that the person is contemplating suicide. The statement ""all will be better"" implies that the person believes their death would bring about an improvement in their circumstances or relieve their suffering. This kind of thought process and expression of suicidal thoughts indicates a clear self-harm tendency or suicidal ideation."
@siUOEGCw3w @v6TwglIH25 But the long term treatment of so many drugs for so many labels are causing decline in my daughter's physical health,no mental disorder,"The post does not mention any symptoms or experiences that would suggest a mental disorder. Instead, it focuses on the concerns about the long-term effects of medication on the physical health of the poster's daughter. While the post implies a negative impact on health, it does not indicate any specific mental health issues or symptoms."
That awkward moment when I thought there was a good movie coming out but it turns out to just be a car commercial,no mental disorder,"This post does not contain any explicit signs or symptoms of a mental disorder. It is simply expressing a common experience of feeling disappointed when a movie advertisement turns out to be a commercial. The use of the phrase ""that awkward moment"" suggests a lighthearted tone rather than any distressing thoughts or emotions."
honestly i would wanna kill myself after 2 days. wings are best enjoyed occasionally but when you’re ALL IN,suicide or self-harm,"The use of the phrase ""kill myself"" indicates that the person is expressing a desire or thoughts of self-harm or suicide. The mention of ""wings"" and ""ALL IN"" suggests a situation or feeling of being overwhelmed or consumed, which could contribute to a sense of hopelessness or despair commonly associated with suicide or self-harm tendencies."
"I think it's about time I get dressed now lmfao I didn't even realize I had yet to put clothes on -,-",depression,"This post suggests depression as the most likely mental disorder label for a few reasons:
- The use of 'lmfao' and ',-,-' could be interpreted as a way to mask or downplay any negative emotions or distress that the person may be feeling. This could be a sign of using humor or sarcasm as a coping mechanism, which is common in people with depression.
- The statement ""I didn't even realize I had yet to put clothes on"" could be indicative of apathy or lack of motivation, which are common symptoms of depression.
- The phrase ""I think it's about time"" suggests a lack of structure or routine, which can also be associated with depression.
Overall, while this post may not explicitly mention feeling sad or hopeless, the implicit cues suggest that the person may be struggling with depression."
"RT @NNOR1C: Friends shouldn't make you feel like shit all the time. They should be there for you, to encourage you &amp; reassure you.",depression,"The use of the phrase ""make you feel like shit"" suggests a negative emotional experience that could be indicative of depressive symptoms. The mention of the ideal qualities of friends (being there, encouragement, reassurance) could also imply a lack of these qualities in the person's current social relationships, which is often seen in individuals with depression who struggle with feelings of isolation and lack of support. Furthermore, the emphasis on how friends ""should"" be can indicate distorted thinking patterns commonly associated with depression, such as black-and-white thinking or setting unrealistic expectations for social interactions. Overall, these factors suggest that depression is the most likely mental disorder label for this post."
@wyilnb6Lm3L I agree Kate but one family I helped in the 1990s lost their only son. I've been blessed with two other sons &amp; grandchildren :(,no mental disorder,"The post mentions helping a family who lost their only son, but there is no indication that this has caused distress or triggered any symptoms of a mental disorder. The use of the word 'blessed' to describe having two other sons and grandchildren suggests a positive perspective and gratitude, indicating that the person does not have a mental disorder related to this situation."
@Alder Swamp People is one of the few things on TV that is worth a damn these days. Like Deadliest Catch - the boring and 1000x the amazing.,no mental disorder,This post is a personal opinion about a TV show and does not show any symptoms or indications of mental disorders. The use of language and tone in the post does not suggest any distress or significant emotional or psychological issues.
.@NPeppas introducing @TM_Truskett at #TAMEST14 awards ceremony @UTAustin @CockrellSchool pic.twitter.com/01zgzq80pl,no mental disorder,This post is simply a picture of someone introducing someone else at an awards ceremony. There is no indication of any mental disorders in this post. It appears to be a straightforward and non-distressing situation.
i guess i have to kill myself see u guys fucking never,suicide or self-harm,"The explicit mention of ""kill myself"" and the phrase ""see u guys fucking never"" shows a clear indication of suicidal thoughts or tendencies. This kind of language, along with expressing a desire to end one's life and leave permanently, strongly suggests the presence of suicide or self-harm tendencies in the person who wrote the post."
@vSALORIceZsHHG2 hi babe its my birthday all i wished for was you i love you have a nice day 💖😋 x20,depression,"There are a few factors in this post that suggest depression as the assigned label. 

- The use of endearing terms like 'babe' and 'I love you' could indicate a need for connection and affection, which can be common in people with depression who may feel isolated or lack support.
- The statement that all they wished for on their birthday was for the person they're addressing to be there suggests a deep longing for someone's presence and highlights feelings of sadness or emptiness that are often associated with depression.
- The excessive use of emojis and repetition of 'x20' could indicate an attempt to overcompensate for the lack of physical affection or emotions they are feeling, which is a common manifestation of depression."
Great charts to explain why the Shuanghui/Smithfield deal looks so tasty in China - Chinese consumers pig out: on.ft.com/SLutPz #FT,no mental disorder,"The post is about a business deal and does not contain any content related to mental health or emotional well-being. Therefore, there is no indication of any mental disorder present in this post."
"So do you think that we could work out someday, so I'll know it's you and that it's over so I won't even try",no mental disorder,"The post is expressing a desire to work out a relationship and have closure, suggesting a typical relationship issue rather than any symptoms of a mental disorder. There is no indication of distress or any specific symptoms that would align with a mental disorder."
Bloody Brilliant Again... You MUST follow @LibyaLiberty on how to best use humour to counter prejudice .... twitter.com/libyaliberty/s…,no mental disorder,This post displays enthusiasm and appreciation for someone's use of humor to counter prejudice. There is no indication of distress or any symptoms of a mental disorder.
RT @jhxqyXuNAPb0: The fact that @rgP0kQu_eksdM and I havent hung out in months but I can still talk to her about anything &gt;&gt;,no mental disorder,"This post is simply expressing a positive feeling about being able to talk to someone about anything, despite not hanging out in months. There is no indication of distress or any symptoms of a mental disorder."
"RT @kCySzXeyP: Added some rum to the hummingbird feeder outside and now these birds are drunk tweeting. Guys, I don't even smoke pot.",no mental disorder,This post is a light-hearted and humorous comment about birds getting drunk from consuming rum in a hummingbird feeder. There is no indication of distress or symptoms of a mental disorder present in this post.
"It's so hot, the only time I can handle this heat is when I'm high and guess who's all outta weed.. SOMEONE STUFF ME IN THEIR FREEZER.",depression,"This post suggests depression as the assigned label for several reasons: 

1) The statement ""It's so hot, the only time I can handle this heat is when I'm high"" implies that the person is using substances as a way to cope with difficult emotions or situations. Self-medication through substances is often a sign of depression.

2) The statement ""guess who's all outta weed"" indicates that the person relies on weed as a way to manage their mood or emotions. This suggests a potential dependence on substances, which can be associated with underlying mental health issues like depression.

3) The request to be stuffed in someone's freezer can be seen as an expression of wanting to escape or numb their emotional pain. This could be indicative of depressive thoughts or feelings of hopelessness.

Overall, this post suggests that the person is using substances to cope with their emotions, which is often seen in individuals with depression."
I think I'll be painting at some point too. I'm hoping by doing some of this stuff the children of hers who SHOULD do it start doing it.,no mental disorder,"The post mentions a desire to engage in a creative activity (painting) and a hope that the children of someone else will also engage in it. This does not indicate any symptoms or experiences associated with mental disorders such as suicide/self-harm tendencies, depression, or PTSD. It simply suggests a personal interest in painting and a desire for others to share in that interest."
how about I kill myself instead https://twitter.com/mbanderet/status/913274008493105152 …,suicide or self-harm,"The phrase ""how about I kill myself instead"" directly expresses thoughts of self-harm or suicide. This indicates a significant level of distress and suggests that the person may be struggling with suicidal ideation."
12 YEARS A SLAVE I JUST SHOUTED OUT LOUD IN MY LIVING ROOM ALONE I'M CRYING FUCK THIS IS SO IMPORTANT OH MY GOD #Oscars2014,no mental disorder,"The post expresses strong emotions and excitement about a movie. While the use of capitalized words and expletives may suggest intensity, there is no indication that these emotions are causing distress or triggering any symptoms of a mental disorder."
"I've kept my past emotional/mental struggles very quiet, few people are aware of them. Whenever I see stories about young people taking their life it breaks my heart. I've decided to make a video on my story soon. Please, if you are having suicidal thoughts call 1-800-237-8255 pic.twitter.com/VYjVJvkcAl",suicide or self-harm,"The use of the phrase 'past emotional/mental struggles' suggests that the person has experienced mental health difficulties in the past. They also mention that stories about young people taking their life break their heart, indicating a personal connection to the topic of suicide. The person further expresses their intention to make a video on their own story, which could be a form of self-expression or seeking support. The inclusion of the suicide hotline number at the end of the post indicates a recognition of the seriousness of the topic and a desire to provide resources for others who may be struggling. Overall, these statements suggest a potential self-harm or suicide tendency."
"I am ONLY 4 ""Likes"" away on my public Facebook page from having 400 LIKES :). Not only that ... I am only... http://t.co/7sVMHR1LFa",no mental disorder,The post is simply expressing excitement and enthusiasm about reaching a goal of 400 likes on a Facebook page. There is no indication of any distress or symptoms of a mental disorder.
¡Pajarit@s! Gracias por darnos #UnMillónDeAlas. ¡Estamos de manteles largos y revoloteando de alegría! pic.twitter.com/Lun3hHpwMJ,no mental disorder,"This post is a thank you message expressed with excitement and joy. There is no indication of distress or any triggering content that would suggest the presence of a mental disorder. Therefore, the label assigned is ""No mental disorders."""
Our Fish Special is a Grilled Salmon with Cous Cous and Eggplant Puree. cockandbullnyc.com pic.twitter.com/pCs0Ykx4RT,no mental disorder,"In this post, there is no mention or indication of any mental health symptoms, distress, or any other factors that would suggest the presence of a mental disorder. The content of the post is solely about a restaurant special, and there is no information or context that would lead to a mental disorder label."
"I wanna be tiny so you can lift me up into your arms and kiss me, wrap your arms around my rib cage, hold me like I might break.",no mental disorder,"Although this post expresses a desire to be held and kissed in a specific way, there is no indication of any distress or symptoms of a mental disorder. The statement about wanting to be tiny and held gently may simply be an expression of affection or intimacy preferences rather than a manifestation of a mental disorder."
See my answer on @tGTZ to: A girl touched my penis with her hand and after ward the skin on the tp of my pen... http://t.co/mPAqGT6B,no mental disorder,"The post describes a specific incident of someone touching the person's penis, but there is no indication of any distress or negative impact on the individual's mental health. Without any evidence of symptoms or impairment, it would be inappropriate to assign a mental disorder label based solely on this post."
"RT @vuiTKxn52: I've come to terms with the fact that I'll never be the absolute best, but I can sure as hell try.",no mental disorder,"This post does not indicate any symptoms of a mental disorder. The statement suggests a determination to strive for excellence, but there is no indication of distress or any symptoms that would align with a mental disorder, such as PTSD."
My 8 year old just told me I'm a virtue signaling faggot and that I should kill myself.,suicide or self-harm,"The mention of the 8-year-old child using derogatory language and suggesting that the person should kill themselves is extremely concerning. The use of such language at such a young age could indicate exposure to harmful or toxic environments, and the content of the message suggests a potential self-harm or suicidal tendency. It is crucial to take this post seriously and ensure that appropriate supports and interventions are in place to address the well-being and safety of both the child and the individual receiving the message."
No offense but this makes me wanna fucking kill myself https://twitter.com/girlposts/status/913818970125406209 …,suicide or self-harm,The use of the phrase 'this makes me wanna fucking kill myself' suggests that the person is experiencing intense distress and is expressing thoughts of self-harm or suicide. The strong language and explicit mention of wanting to kill oneself indicate a high level of emotional turmoil and a potential risk for self-harm.
"Mulled wine on a school night. And a Zac Efron film. @mj5DLVSfOI will be so ashamed of me. In my defence, I'm a pissy bitch and he is pretty",no mental disorder,"This post does not mention any symptoms or experiences related to mental disorders. The content of the post suggests that the person is indulging in some guilty pleasures, but there is no indication of any significant distress or symptoms that would suggest a mental disorder."
Headline of the fucking decade pic.twitter.com/mJgJt2Y2xz,no mental disorder,"This post does not provide any explicit content or context related to mental health or emotional states. It simply comments on a headline, which does not suggest any indications of mental disorders."
Need a freak before i kill myself,suicide or self-harm,"The post explicitly mentions ""before I kill myself,"" indicating a clear and immediate suicidal ideation or self-harm tendency. This statement expresses a sense of desperation and urgent need for a connection or distraction, implying that the individual may be at a high risk for self-harm or suicide. It is crucial to take such statements seriously and seek appropriate interventions to ensure the person's safety."
no i’m listening to x and trying not to kill myself by spreading positivity LSJDKDJFKFHF https://twitter.com/dnajeonjk/status/913933273738465280 …,suicide or self-harm,"The use of the phrase ""trying not to kill myself"" in the post immediately suggests that the person is struggling with suicidal thoughts or self-harm tendencies. The mention of listening to music as a means of distraction or coping could also indicate a potential struggle with mental health. The overall tone of the post also suggests a level of distress and vulnerability."
I'm gonna kill myself! https://twitter.com/people/status/913741982022950912 …,suicide or self-harm,"The explicit statement of ""I'm gonna kill myself"" indicates a clear and immediate risk of self-harm or suicide. This statement should be taken seriously and the person may require immediate intervention or support."
@valentinapop Reassuring. Is there no control-alt-delete in the cockpit?,no mental disorder,"This post does not show any signs or indications of mental disorders. The poster is simply asking a question about the functionality of a cockpit. There is no mention of distress, negative emotions, or any other symptoms that would suggest the presence of a mental disorder."
I'll kill myself before I become a furry.,suicide or self-harm,"The use of the phrase ""I'll kill myself"" indicates a strong desire to engage in self-harm or suicidal behavior. Additionally, the statement is made in response to the idea of becoming a furry, which suggests that the individual finds this prospect so distressing or unbearable that they would consider harming themselves rather than allowing it to happen. This demonstrates a clear indication of self-harm or suicide tendency."
"I just wrote this in an email to a colleague, ""Email is a huge time warp for me :) I get warped by spending to... http://t.co/W4EH~jIdmk",no mental disorder,"The post mentions email being a time warp and the person getting warped by spending too much time on it. While this could suggest a negative relationship with technology or feeling overwhelmed by work, there is no indication that it is causing significant distress or triggering any symptoms of a mental disorder."
Great time on the Frontier Days train. Ran into former @DenverPost columnist Dick Kreck! #cfdt10 http://twitpic.com/2895rz,no mental disorder,This post is simply stating that the person had a great time on a train and ran into a former columnist. There is no mention of any distress or symptoms that would suggest a mental disorder.
"@loopingrage Darn! I just arrived back in Portland. Had a great trip, sorry to miss you!",no mental disorder,This post is a simple response to someone expressing disappointment that they missed each other during a trip. There is no indication of any distress or symptoms of a mental disorder in the post.
"But the fact is, i really feel depressed and my wrist will sting as if it told me i should grab em razor and carve it.",suicide or self-harm,"The post explicitly mentions feeling depressed and a desire to self-harm by using a razor. This indicates a high risk for self-harm or suicide, as the person is expressing thoughts and intent related to self-harm. The mention of the wrist stinging as if it is telling them to self-harm is also a concerning statement that highlights their vulnerability and possibly extreme distress."
"@q0rHEWHFz Lady G, I have a pot of coffee on and can whip up a cake. Cwtchy blanket on the sofa waiting for you",no mental disorder,This post shows a person offering comfort and hospitality to Lady G. There is no indication of any distress or symptoms of a mental disorder in the text.
"SNSD really have big impact in my life,they lead me for what i am today,during those times im about to end my life,they give me light",suicide or self-harm,"The post explicitly states that SNSD (a South Korean girl group) had a significant impact on the person's life and helped them during a time when they were contemplating ending their life. The mention of being about to ""end my life"" suggests suicidal ideation or self-harm tendencies. The fact that the person attributes their survival or finding hope to the influence of SNSD shows a strong connection between their struggles and their mental well-being. This suggests a strong likelihood of suicide or self-harm tendencies."
I don’t want to be alive anymore,suicide or self-harm,"The statement ""I don't want to be alive anymore"" is a clear expression of a desire for death or self-harm, indicating a strong suicidal or self-harm tendency. This statement demonstrates a significant level of distress and hopelessness, which are common indicators of suicidal ideation. It is crucial to take such statements seriously and ensure that appropriate support and intervention are provided to the individual in need."
"I love when Kathy Grant leaves me notes in books that she lets me borrow like: ""this line gave me chills. I think you'll agree""",no mental disorder,"This post mentions receiving notes from a friend in borrowed books. While the phrase ""this line gave me chills"" could be seen as an emotional response, there is no indication that it is causing significant distress or triggering any symptoms of a mental disorder. It appears to be a positive and supportive interaction between friends, rather than indicative of any mental health concerns."
My opinion about parenting: in order to earn the right of a disciplinarian you need to earn the child's trust and respect first.,no mental disorder,The post discusses the opinion about parenting and the importance of earning a child's trust and respect. There is no mention or indication of any distressing symptoms or behaviors that would suggest a mental disorder. The content of the post is focused on parenting beliefs and does not provide any evidence of mental health concerns.
Casually suicidal,suicide or self-harm,"The use of the phrase 'casually suicidal' indicates that the person is discussing their state of mind in relation to suicidal thoughts or tendencies. This suggests that they have experienced thoughts of self-harm or suicide, even if they may not be actively planning to act on them. The word 'casually' implies a nonchalant or normalized attitude towards these thoughts, which can be indicative of a more serious underlying mental condition related to suicide or self-harm tendencies."
Upptagning av budgetförhandlingarnas slutinfo valtioneuvosto.fi/live?video=90_… #budjettiriihi @juhasipila @alexstubb #Soini pic.twitter.com/Hfgmfadthv,no mental disorder,There is no mention or indication of any mental health symptoms or distress in this post. It appears to be a tweet about budget negotiations and does not provide any information that would suggest the presence of a mental disorder.
Join me and Let's Build a Goddamn Tesla Museum. igg.me/p/204900?a=108…,no mental disorder,"This post is about someone advocating for the creation of a Tesla Museum. There is no mention of any distress or symptoms of mental disorders. It appears to be a normal expression of interest and support for a cause, without any indication of mental health concerns."
I usually do not have hunger pains like this when I fast and it's only been 10 hours... I think I need to eat:(,no mental disorder,"This post simply mentions feeling hunger pains during a fast and expressing a need to eat. While it suggests a discomfort and a desire for food, there is no indication of any significant distress or symptoms of a mental disorder."
im suicidal pic.twitter.com/Qda3FawLtv,suicide or self-harm,"The post explicitly states ""im suicidal,"" indicating that the person is currently experiencing thoughts of self-harm or suicide. This is a clear indication of a suicide or self-harm tendency."
like i said before and you saw but i'm gonna say it again your music makes me want to kill myself less which is such a feat you're amazing,suicide or self-harm,"The use of the phrase ""your music makes me want to kill myself less"" directly indicates that the person is struggling with suicidal thoughts and may have a tendency towards self-harm. The language used suggests that they have found some solace or comfort in the music, but it also implies that without it, their thoughts of self-harm may increase. This indicates a strong emotional distress and a potential risk for self-harm or suicide."
"Please see my answer on @tGTZ to: I hold my breath while sleeping my Dr said i should be on oxg,is their an... http://t.co/ZOHX_5gN",no mental disorder,"This post is a response to a question about holding one's breath while sleeping. While this could potentially be related to a medical condition or concern, there is no indication in the post that it is associated with any mental disorder. Therefore, the assigned label is ""No mental disorders."""
Gracias @ChristianG_7 y @penguinrandom por ayudarnos: bit.ly/2346jlQ #DíaInternacionaldellibroinfantil pic.twitter.com/GHsptHrZD2,no mental disorder,This post is expressing gratitude to someone and a publishing company for their help. There is no indication of any mental distress or symptoms of a mental disorder present in the post.
when this gets to 100 plays i’m dropping suicidal thoughts II like & rt https://soundcloud.com/rybreeze/wavywednesday-2-c-nobody …,suicide or self-harm,"The use of the phrase ""dropping suicidal thoughts II"" and the mention of ""suicidal thoughts"" in the context of releasing a music track suggests that the person may be struggling with suicidal ideation. Additionally, the emphasis on reaching a specific number of plays as a condition for releasing the track implies a potential need for validation or attention, which can be indicative of someone who may be at risk for self-harm or suicide."
Holy shit! Stallone advertising Warburton's!! LOL!! Its hilarious... And terrible,no mental disorder,"This post does not show any explicit signs or symptoms of a mental disorder. The language used suggests surprise and amusement at the advertisement, but there is no indication of significant distress or any other symptoms associated with mental disorders."
"someone teach me how to say i want to kill myself in another language so it sounds poetic. but really though, i am suicidal",suicide or self-harm,"The explicit statement of wanting to kill oneself and being suicidal clearly indicates a strong self-harm or suicide tendency. The request for learning how to express this in another language and make it sound poetic suggests that the person may be contemplating suicide in a more abstract or artistic manner. The use of the phrase ""but really though"" indicates that the person is serious about their feelings of suicidality. Overall, the combination of explicit thoughts of self-harming or suicide and the desire to express it poetically suggests a high risk for self-harm or suicide."
RT @hI0XksuXtY: Never let the sadness of your past and the fear of your future ruin the happiness of your present.,depression,"While this post is a positive and uplifting message, there are a few reasons why depression could be the most likely mental disorder label for this post:

- The mention of 'sadness of your past' suggests that the person may have experienced difficult or traumatic events in their life that have had a lasting impact on their emotions and well-being. This can be indicative of depression, as it often involves a persistent feeling of sadness or hopelessness.

- The mention of 'fear of your future' suggests that the person may be struggling with anxiety or worries about what lies ahead. Depression and anxiety often coexist, and individuals with depression may experience significant anxiety about their future prospects.

- The emphasis on 'ruining the happiness of your present' suggests that the person may have difficulty experiencing or finding joy in the present moment. This can be a symptom of depression, as individuals with this disorder often struggle with anhedonia, which is the inability to experience pleasure or interest in previously enjoyed activities.

Overall, while the post does not explicitly state that the person is experiencing depression, the themes and language used suggest that the person may be dealing with the emotional challenges associated with this disorder."
I want to kill myself,suicide or self-harm,"The explicit statement ""I want to kill myself"" clearly indicates that the person is experiencing suicidal thoughts or feelings of self-harm. This statement expresses a strong desire to end one's own life, which is a significant indicator of a suicide or self-harm tendency. It is important to take statements like these seriously and provide support and intervention to ensure the person's safety."
"wow, what a dick move. pic.twitter.com/vl0z3F4tM3",no mental disorder,"This post simply expresses disapproval or frustration towards someone's behavior. While the use of the phrase ""dick move"" may suggest some level of anger or annoyance, there is no indication of any significant distress or symptoms of a mental disorder. It is a common expression used in everyday language to describe someone's unfavorable actions or behavior."
Whats worse committing suicide or being forever unhappy?,suicide or self-harm,"The post directly discusses the topic of suicide, suggesting that the person is contemplating or struggling with suicidal thoughts. The phrase ""being forever unhappy"" indicates a persistent unhappiness, which can be indicative of a mental health issue. However, the focus on suicide as a possible alternative suggests a stronger likelihood of suicidal tendencies or self-harm ideation."
"@sgdickinson @housecommerce Yes this is really happing, not a hallucination",no mental disorder,"This post simply states that something is happening and assures others that it is not a hallucination. There is no indication of distress, symptoms, or any mention of mental health. Therefore, there is no evidence to suggest the presence of a mental disorder."
RT @xMgJg5m: @wZ4WVuV8ek9oyKJ Homeschooled for dance at 10-11 is just asking for burn out / injury! wait until highschool thats what i did …,ptsd,There is no indication of PTSD in this post. It simply speaks about the potential risks of homeschooling for dance and suggests waiting until high school. There is no mention of any traumatic event or symptoms related to post-traumatic stress.
"a girl told me she's going to be like me when she's a senior and i said ""huh?"" and her response was ""im going to be a bitch to everyone"" 😂😂😂",no mental disorder,"This post involves a conversation between two individuals where one person expresses their intention to act negatively towards others. While this may suggest a negative attitude or behavior, it does not provide enough information to make a definitive assessment of a mental disorder. The use of laughing emojis at the end of the post further indicates that the conversation is potentially lighthearted or not serious in nature."
@gM8wynU8ifU1iS The chart shows exactly how Whistle-blowers feel their concerns are treated in the NHS. Where did it originate from? :'(,ptsd,"The use of the emoticon ':(' suggests a deep sadness or distress, which could be indicative of a negative emotional state linked to PTSD. The mention of whistle-blowers and how their concerns are treated in the NHS suggests a focus on trauma and potential mistreatment, which aligns with the experiences that can lead to post-traumatic stress. The person's desire to know where the chart originated from could also indicate a need for understanding or validation related to their own traumatic experiences. Overall, the combination of distress, trauma-related concerns, and seeking validation aligns with PTSD as the most likely mental disorder label for this post."
I threw butter at Sophie's neck. Sophie: EW GROSS GET IT OFF. Kayla: No! Rub it in your skin! It's a good moisturizer!,no mental disorder,"While the post describes a strange and possibly humorous situation involving throwing butter and a reaction from Sophie, there is no indication of any mental disorder present. The content of the post is lighthearted and does not suggest any significant distress or symptomatology related to a mental disorder."
@iWj4vJRG4uuH They do not tell you how addictive the drugs are and there are no facilities in the UK to come off them safely,no mental disorder,"The post is expressing concern about the lack of information and support for coming off addictive drugs in the UK. While this may be a valid concern and a topic that could cause distress for some individuals, there is no indication in the post that the person themselves is personally struggling with any mental disorder or experiencing symptoms of PTSD."
i thought that white line was cum dribble of a second and now i want to kill myself. pic.twitter.com/ESsB8goa4D,suicide or self-harm,"The phrase ""now I want to kill myself"" indicates a clear suicidal ideation and a desire to self-harm. The mention of a sexual image and the immediate connection to thoughts of self-harm suggests a significant level of distress and potentially a preoccupation with self-harm or suicide. This post raises concern for the individual's immediate safety and should be taken seriously."
"WTH why am I awake? Night night! Weird never heard from the medium? Maybe it don't work thru twitter? I'm delirious! Hot,hot,hot ass day!🌕🌵",no mental disorder,"This post does not include any indicators of mental disorders such as suicidal tendencies, depression, or symptoms of PTSD. The author is simply expressing confusion about being awake and mentions being delirious due to the heat, but there is no indication of distress or significant impairment in functioning."
"“I genuinely want to kill myself, and I’ve never had that thought before.” https://thewalrus.ca/the-number-of-youth-taking-antidepressants-is-growing-but-are-the-drugs-working/#.Wc7FI3Yds9M.twitter …",suicide or self-harm,"The explicit statement of wanting to kill oneself indicates a clear suicidal ideation, which is a strong indication of a suicide or self-harm tendency. This post suggests that the person is experiencing severe distress and is contemplating self-harm or suicide. The use of the phrase ""and I've never had that thought before"" suggests that this is a significant shift in their mental state, making it even more concerning."
RT @x7l8iTN6: mom: you haven't moved since I left the house 5 hours ago wtf me: excuse me where do u think these chips came from,depression,"The mention of not moving for 5 hours since the person's mom left the house suggests a lack of motivation and low energy levels, which are common symptoms of depression. The response of ""excuse me where do u think these chips came from"" could be interpreted as a sarcastic or defensive response, which may be a way of masking or coping with the underlying feelings of sadness and hopelessness associated with depression. The post overall suggests a lack of interest in engaging in activities or taking care of oneself, which is another common symptom of depression."
"(Que sera, sera. Whatever will be, will be. The future's not ours to see. If she fucks him, I'll kill myself.) pic.twitter.com/76BMyzBKUu",suicide or self-harm,The use of the phrase 'I'll kill myself' at the end of the post indicates a clear and direct expression of suicidal ideation. This suggests that the person is struggling with thoughts of self-harm or suicide. This statement should be taken seriously and appropriate support should be provided.
RT @oMn9PS9eD8N: WHAT you drink alcohol?! wow so cool so of you so unique so different thanks 4 telling us everytime rlly how would i live …,depression,"There are a few things that suggest depression as the most likely mental disorder label for this post:
- The use of excessive punctuation and language like 'wow so cool so unique so different' suggests a lack of genuine enthusiasm, which can be a symptom of depression.
- The author expresses a sense of disbelief or surprise at the fact that someone drinks alcohol, which could indicate a negative or pessimistic mindset.
- The author also mentions how they would not know how to live without being told about someone drinking alcohol, which suggests a tendency to rely on external factors for validation or happiness, which can be a characteristic of depression.
Overall, while this post does not explicitly mention feeling sad or hopeless, the language and tone used suggest a possible struggle with depression."
RT @rM90yWSzlWi6: if wet zayn singing SMG doesnt make you rt then i hope your wifi cuts off #StealMyGirlVEVORecord #EMABiggestFans1D http:http://t.co/xlqCvy-nGc,depression,"There is no indication in this post that suggests any mental disorders. The post is simply asking for retweets and threatening those who do not retweet. While it may be seen as aggressive or attention-seeking behavior, it does not exhibit specific symptoms or characteristics of any mental disorder."
@CormacGP @PeteBoocock the professional MotoGP photographer jealous of the BSB tog who gives away his stuff for free? Wise up!,no mental disorder,"There is no indication in this post of any mental disorders. The content of the post is a disagreement or criticism between two individuals, which does not suggest any mental health concerns."
I kill myself everydays,suicide or self-harm,"The explicit statement of ""I kill myself everydays"" indicates a clear and alarming tendency towards self-harm or suicidal thoughts. This statement suggests that the person is experiencing significant distress and potentially contemplating or engaging in self-destructive behavior."
I remember now that I hate humidity more than I thought possible. My sheets feel like wet pastry and I itch all over. AAGH.,no mental disorder,This post does not indicate any symptoms or experiences related to a mental disorder. It is simply expressing dislike or frustration towards humidity and the physical discomfort it causes.
I’m gonna kill myself and let my dogs eat my body,suicide or self-harm,"The post explicitly mentions the intention to kill oneself and a disturbing plan involving the person's dogs. This is a clear indication of suicidal ideation and self-harm tendency. The use of such language reveals significant distress and a desire to end one's life. This post should be taken as a serious warning sign, and immediate intervention or support should be offered to the individual."
"Shouts to the homie @davidguetta and @Akon. Check for that ""Play Hard"" video. Strange...but fly! Open your mind...or just dance damnit! Luv!",no mental disorder,This post shows enthusiasm and appreciation for a music video. There is no content or language that suggests any mental disorder. The use of slang and positive language indicates a generally positive and normal state of mind.
“If it was coriander I would kill myself” - @katyholmes89,suicide or self-harm,"The use of the phrase ""I would kill myself"" indicates a level of distress and suggests that the person may be struggling with suicidal thoughts or tendencies. The fact that the statement is made in relation to a seemingly trivial matter, such as the type of herb, could also be indicative of a pattern of negative thinking or a tendency to blow things out of proportion, both of which are common in individuals with suicidal or self-harm tendencies."
u cant ground me my grades are good and i wake up at 3 am daily im never late to class,no mental disorder,"This post does not provide any content or indicate any symptoms related to mental disorders. It is simply a defiant response to being grounded, emphasizing good grades and punctuality."
If I got diagnosed with twins I would kill myself - @hey_itsjacki,suicide or self-harm,"The statement ""If I got diagnosed with twins I would kill myself"" indicates a strong reaction to a hypothetical situation, suggesting a significant level of distress and a potential for self-harm or suicide. Expressing such a extreme reaction towards a specific event, even if it is hypothetical, is a clear indication of suicide or self-harm tendency."
"To Whom this Concerns at TWC (The Weather Channel), I don’t have any interests in you providing videos about: A... http://t.co/V-2vCrOhg1",no mental disorder,"The post expresses a lack of interest in videos from The Weather Channel, but there is no indication of distress, trauma, or symptoms of a mental disorder. While the post may not have a positive sentiment towards The Weather Channel, it does not suggest any mental health concerns."
I have a feeling I'm going kill myself. Maybe not today or tomorrow or next month but I'll die by suicide,suicide or self-harm,The post explicitly mentions having a feeling of wanting to kill oneself and the intent to die by suicide. This clear expression of suicidal ideation indicates a strong tendency towards self-harm or suicide.
RT @wyilnb6Lm3L: @4XkcSuA_ZZDTB @gSiW3fh_T @uGvoRIdFqOh @tIW_vWvhtRuct l always said to @rXJYCLumrSP I only lost my job you lost a Child Th…,ptsd,"Based on this post, the assigned label would be PTSD. The reasoning is as follows:

- The post mentions losing a job and losing a child. These are potentially traumatic events that could contribute to the development of post-traumatic stress disorder.
- The use of the phrase ""I only lost my job, you lost a child"" suggests a comparison of trauma experiences, indicating that the person may be struggling with a significant loss and possibly experiencing symptoms of PTSD.
- The use of social media handles and the mention of specific individuals suggests that the person may be seeking validation or support from others, which can be common in individuals with PTSD who may feel isolated and disconnected from others."
RT @rWJu9r1: I love you all more than each of u could possibly imagine. Dont forget that. Were all on the same quest. We'll be fine once…,depression,"- The use of the phrase 'I love you all' suggests a desire for connection and affection, which can be indicative of depression.
- The statement that 'we'll be fine once...' implies a sense of hopelessness or a belief that things will only be okay in the future, which aligns with depressive thinking patterns.
- The mention of being on the same quest could indicate a feeling of isolation or a sense of not fitting in, which is often experienced by individuals with depression.
Overall, this post showcases characteristics commonly associated with depression, such as a longing for connection, hopelessness, and a sense of isolation."
💖 @vSALORIceZsHHG2 you are my whole world so please know that I support you and i am very proud of you i will never leave you 💖 x281,depression,"There are a few things that suggest depression as the most likely mental disorder label for this post: 
- The use of phrases such as ""you are my whole world"" and ""i will never leave you"" implies a strong attachment to the person being mentioned. This could be indicative of a tendency to form intense, codependent relationships, which can be seen in individuals with depression who seek reassurance, support, and validation from others to cope with their low self-esteem and feelings of worthlessness.
- The mention of support and pride in the person being addressed also suggests a desire for validation and connection, which are common in individuals with depression.
- The use of emoticons such as ""💖"" and ""x281"" could be interpreted as a way to overcompensate for the lack of physical affection and attention, which is often seen in individuals with depression.
Overall, while the post does not explicitly mention sadness or hopelessness, the implicit elements suggest that the person who wrote it may be struggling with depression."
Bedre i realfag med Ahus-hjelp. Ahus har undertegnet avtale med Mailand VGS i Lørenskog som gir elever undervisning både v Ahus og på skolen,no mental disorder,"There is no indication in this post that suggests the presence of any mental disorders. The post is simply sharing information about a collaboration between Ahus and Mailand VGS, which provides students with education both at Ahus and at the school. Nothing in the post suggests any distress, symptoms, or thoughts related to mental health."
"RT @bg1b8ps: ""Hey Dad can I-"" Ask your mother... ""But...but you know she's in heaven?"" *slides a gun across the table* So go ask her...",depression,"The content of this post suggests a high level of distress and potentially harmful thoughts. The mention of the father telling the person to ask their deceased mother, and then sliding a gun across the table, conveys a sense of hopelessness and desperation. This type of language and imagery is associated with depression, as individuals with depression may experience suicidal thoughts or a desire to escape their pain. The inclusion of a potentially dangerous object like a gun also raises concerns about self-harm tendencies. Overall, the post indicates a need for immediate attention and support."
@qaFolRGu3tS29T I doubt I'll ever get justice for Robbie but I'll do my best so no other families suffers as we have: http://t.co/RLUbVA4XLL,ptsd,"The post mentions a desire for justice and preventing other families from suffering. This suggests that the person has experienced a traumatic event involving a loved one named Robbie, which could be causing symptoms of post-traumatic stress. The mention of seeking justice also implies a desire for closure and resolution, which is often seen in individuals with PTSD."
"""I fucking hate greater / less than comparisons. FUCKING hate them in programming languages."" #fb",no mental disorder,"This post does not contain any indicators of mental disorders. It appears to be a statement expressing frustration or annoyance with a specific aspect of programming languages. While the use of profanity suggests some level of negative emotion, it does not indicate the presence of a mental disorder."
@DickYoungsGhost thanks for that!,no mental disorder,"There is no indication in this post that suggests the presence of any mental disorders. It is a simple expression of gratitude towards someone. Without any further context or evidence, it is not appropriate to assign a mental disorder label to this post."
"Thanks for being my moodboosters~ my life so suck __ if i dont have you all, i think i'll kill myself. Im so depressed, but i find you.",suicide or self-harm,"The post explicitly mentions thoughts of suicide, stating that the person would kill themselves if they didn't have the support and presence of the people they are addressing. This clearly indicates a self-harm tendency and suggests that the person is struggling with suicidal ideation and possibly depression. The mention of feeling depressed further supports the label of suicide or self-harm tendency."
RT @pHbv1n_i3ZVt: Looks like Hawaii is on its way to becoming the 16th state to embrace marriage equality. Things like this make me happy…,no mental disorder,"The post expresses joy and happiness at the news of Hawaii embracing marriage equality. There is no indication of distress, trauma, or any symptoms of a mental disorder."
"""@l2ESrWUd7Oz: Because we are all one when we forgive others we forgive ourselves, which is the first step in the healing process.""Love this",no mental disorder,"This post is discussing the concept of forgiveness and the healing process. While it does not provide any indication of personal distress or symptoms of mental disorder, it focuses on a positive and introspective topic. Therefore, it is more appropriate to assign the label of 'No mental disorders' to this post."
"Twitter CEO Dick Costolo can be tracked in real time, using Twitter qz.com/143071",no mental disorder,"There is no indication in this post that suggests the presence of any mental disorders. The post simply states that the Twitter CEO can be tracked in real-time using a certain website. It does not provide any information about the person's emotional state or mental well-being. Therefore, the most appropriate label for this post would be ""No mental disorders."""
Please check out my answer on @tGTZ to: How to get guts out of the testical area? - This sounds like a left ... http://t.co/vAeK3v4A,no mental disorder,"The post is asking for people to check out their answer to a specific question about removing guts from the testicle area. While the topic of the question may be concerning or graphic to some, there is no indication of mental distress or symptoms of a mental disorder in the post."
"Well, that four hours of online research went by really quickly :). I am so glad to see so many Christian... http://t.co/39ZPIPqlFL",no mental disorder,This post discusses the person's experience of doing online research and their positive feelings about finding a supportive Christian community. There is no indication of any distress or symptoms related to a mental disorder in this post.
"5-year-olds. My heart. America, you have got to stop this shit happening. And it's not about security at school gates, or arming teachers.",no mental disorder,"There is no evidence or indication of any mental disorder in this post. The person is expressing concern and emotion about a tragic event involving 5-year-olds. Their language suggests a call for action and a critique of certain policies, but it does not reveal any symptoms or patterns consistent with a mental disorder."
RT @szuAYachAXK9: people are saying niall was smoking bc of this picture the cigarette isn't even lit calm down it's just a metaphor http…,depression,"The reasoning for assigning the label of depression to this post is as follows:
- The author of the post is mentioning that people are saying Niall was smoking because of a picture, indicating that there may be rumors or negative comments circulating about this person.
- The use of the phrase ""calm down"" suggests that the author is attempting to reassure others and downplay the situation.
- The mention of the cigarette not being lit but being seen as a metaphor could imply that the author is using symbolism to express their emotions or struggles.
- This post may indicate a sensitivity to negative comments or criticism, which can be common in individuals with depression who have low self-esteem or a tendency to internalize criticism.
Overall, while there is no explicit mention of sadness or hopelessness in this post, the language and context suggest that the author may be dealing with emotions and reactions that are common in individuals struggling with depression."
RT @v9c9L0Q5dq: Why is 6 afraid of 7 Because 7 DOESN'T GIVE A FUCK HE'LL FUCK A NIGGA UP HE DID 5 YEARS IN THE SLAMMER HE AIN'T AFRAID TO …,no mental disorder,"Although the language in the post is aggressive and violent, it does not indicate any specific symptoms or experiences related to mental disorders. The post appears to be making a joke or using edgy humor, which is not necessarily indicative of a mental disorder."
Harrassment is when a team of so called professionals who did not care in the 1st place wont leave someone alone despite being told.,ptsd,"This post suggests the possibility of PTSD due to the mention of harassment and the description of professionals not leaving someone alone despite being told. This suggests a persistent and intrusive nature of the harassment, which is a common symptom of PTSD. People with PTSD often experience repeated and distressing memories or thoughts about the traumatic event, and the feeling of not being able to escape or be left alone can contribute to their symptoms. Additionally, the use of phrases like ""did not care"" suggests a negative impact on the person's sense of safety and trust, which are also common experiences for individuals with PTSD."
Why does this video actually make me wanna kill myself https://twitter.com/thediyideas/status/913821907480223744 …,suicide or self-harm,"The use of the phrase 'make me wanna kill myself' explicitly indicates that the person is experiencing thoughts of self-harm or suicide as a result of watching the video. This suggests a strong tendency towards self-harm or suicidal ideation, indicating a potential mental health concern."
.@Jlo and @balmainparis's @ORousteing on our new cover = damn. papermag.com/2015/08/paper_… pic.twitter.com/RZMkI4pjCK,no mental disorder,"This post is a cover of a magazine featuring Jennifer Lopez and Olivier Rousteing. There is no indication of any mental disorder in this post. The content is simply a promotion or appreciation of the cover, without any mention of distress, negative emotions, or symptoms related to a mental disorder."
"See my answer on @tGTZ to: I live in camp pendleton, im am a military spouse in need of emergency care for a... http://t.co/OzhLxzM~",ptsd,"The mention of being a military spouse and in need of emergency care suggests that this person may have experienced a traumatic event related to their partner's military service. Being in a military setting like Camp Pendleton could also contribute to the development of post-traumatic stress symptoms. The need for emergency care indicates that the person is experiencing distress or symptoms that require immediate attention, which could be indicative of PTSD."
man i never wanted to kill myself more than now long story short kid wanted to team and i saw a free kill pic.twitter.com/Ctl98h7a4X,suicide or self-harm,"The use of the phrase ""never wanted to kill myself more than now"" indicates that the person is experiencing a strong desire or urge to engage in self-harm or suicide. This statement suggests that they are struggling with intense emotions and may be at risk for self-harm or suicidal behaviors. Additionally, the mention of a ""free kill"" in the context of a video game suggests that the person may use gaming as a means of coping or escape, which is often seen in individuals who have suicidal tendencies. Overall, the combination of explicitly mentioning self-harm and the indication of using gaming as a coping mechanism suggests a high possibility of suicide or self-harm tendency in this post."
My answer on @tGTZ to: I am 13 years old. my hight is 5 foot 2 and i weight 117lbs. all my friends say im sk... http://t.co/p5jVk_a1,no mental disorder,"The post appears to be a response to a question about someone's height and weight. While the use of the phrase 'my friends say I'm sk...' suggests a concern about body image, there is no indication of significant distress or symptoms of a mental disorder in this post. It is important to note that body image concerns can be common in adolescence, but they do not necessarily indicate the presence of a mental disorder."
Only 30 minutes in and already moved to tears twice ... Memories of that time .... — watching Dallas Buyers Club,ptsd,"The mention of being moved to tears while watching a movie could suggest a strong emotional reaction or trigger related to a specific memory or event. This could be indicative of post-traumatic stress disorder, as individuals with PTSD often have flashbacks or intense emotional reactions to stimuli that remind them of a traumatic experience. Additionally, the mention of ""Memories of that time..."" implies that the individual is recalling past events that may have had a significant impact on them, further supporting the possibility of PTSD."
THANK U to the 770 people who've completed the suicide bereavement survey in 13 days. Link provided below Please RT http://research.bmh.manchester.ac.uk/cmhs/research/Impactofsuicide …,no mental disorder,"This post is a thank you message to people who have completed a suicide bereavement survey. While the topic of suicide can be associated with mental health issues, the content of this post does not indicate any personal struggles or symptoms of a mental disorder. It is a simple message expressing gratitude and requesting others to retweet and share the survey link. Therefore, the assigned label is ""No mental disorders."""
"@u2uk4qVUe no I love JT! lol I never used to though. Blame the love guru. And yes, it all sounds like shit - I mean the same.. same shit.",no mental disorder,"While the post includes some negative language, such as ""sounds like shit,"" there is no indication of any significant distress or symptoms of a mental disorder. The use of sarcasm and humor (""lol,"" ""Blame the love guru"") suggests a lighthearted conversation, rather than any indicators of a mental health concern."
💖 @vSALORIceZsHHG2 you are my whole world so please know that I support you and i am very proud of you i will never leave you 💖 x272,depression,"The use of a heart emoji and expressing that the person is their ""whole world"" suggests a strong emotional attachment and dependence, which can be a characteristic of someone with depression who is seeking validation and support. The mention of never leaving and being proud of them could also indicate a need for constant reassurance and affirmation, which is often associated with depression. Additionally, the repetition of ""x272"" at the end of the post could indicate a compulsive or repetitive behavior, which can also be a symptom of depression. Overall, these elements in the post suggest that the person may be struggling with depression."
and then proceeded to tell me he watched a show that had really accurate bioshock cosplayers he just gets me &lt;3,depression,"There is no clear indication of any mental disorder in this post. The author mentions that someone watched a show with accurate Bioshock cosplayers and understands them, which suggests a shared interest or connection. There are no elements that suggest significant distress, coping mechanisms, validation seeking, or traumatic experiences, which are typically associated with mental disorders. Therefore, the assigned label would be 'No mental disorders'."
@qczEnsJDfRRL @jtOqxNLHLf0F4zo @lUQWpKYz0 There is call for a spec. centre to help people who are not happy being on high levels of drugs,no mental disorder,"The post is discussing the need for a specialized center to help individuals who are not happy being on high levels of drugs. While this could suggest some level of dissatisfaction or concern regarding medication, it does not specifically indicate any symptoms or experiences related to a mental disorder."
RT @txSED9c_ZkEYlHn: things to do today: -realize ur loved -make a new friend -eat ur favorite snack -say the word groovy -whatever u feel …,depression,"There are a few indicators in this post that suggest depression as the most likely mental disorder label:

- The phrase ""realize ur loved"" could be interpreted as a plea for validation and reassurance of one's worth, which is commonly seen in individuals with depression seeking external affirmation.
- The suggestion to ""make a new friend"" could indicate a sense of loneliness and social isolation, which are common symptoms of depression.
- The emphasis on ""eat ur favorite snack"" could be seen as using food as a means to cope with negative emotions and seek temporary pleasure, which can also be indicative of depression.
- The phrase ""say the word groovy"" might imply a desire to find joy and happiness, but the use of the term ""whatever u feel"" suggests a lack of emotional clarity and a potentially low mood.

These factors combined suggest that the person who wrote this post may be struggling with depression."
"Hi, really pissed #facebook didn't have filters of Muslim countries for terror attacks I didn't know, nor care, before the Paris attacks.",no mental disorder,"This post expresses frustration with Facebook not having filters for news about terror attacks in Muslim countries. While the language used may convey anger and indifference towards these attacks, there is no indication of any symptoms or behaviors that align with any mental disorder. It seems to be a statement reflecting personal opinions or political views rather than a manifestation of any mental health condition."
"@tmIMh Why does Ann Clwyd, most MPs &amp; others treat Robbie's life &amp; me with such contempt? The child died a needless &amp; tortuos death :'(",ptsd,"The post mentions the death of a child and expresses strong emotions of contempt and sadness. This could be indicative of someone who has experienced a traumatic event, such as the death of a loved one, and is now experiencing symptoms of post-traumatic stress. The use of the word 'tortuous' suggests that the death was particularly distressing or painful, further supporting the possibility of PTSD."
RT @cgjLgy96ebRz: So many peoples lives ruined by the system &amp; their systematic bullying and lies. The sys will do anything 2 get out of wh…,ptsd,"This post suggests that the person believes their life has been ruined by a system and that they have experienced systematic bullying and lies. This kind of language could be indicative of a past trauma or ongoing traumatic experiences, as the person seems to feel targeted and victimized by the system. Additionally, the mention of the system doing anything to get out of what suggests a lack of trust in authority figures and a sense of being trapped or controlled, which are common symptoms of PTSD. Overall, the language and themes in this post point towards the possibility of PTSD."
@kim617 @iamkevinholler You're doing ok! Whiskey Cocktail is universal ;-),no mental disorder,"There is no indication in this post that suggests any mental disorder. It is simply a lighthearted response to someone's tweet about a Whiskey Cocktail being universal. There are no references to feelings of distress, negative emotions, or any symptoms of a mental disorder."
"RT @npH1DAxcK6: ""£900 for an iPhone 6? Airplane mode best take me on Holiday"" If I had £1 for everytime I read this, I'd be able to buy t…",depression,"The use of the phrase ""If I had £1 for every time I read this, I'd be able to buy t..."" suggests a negative and self-deprecating outlook. This can be indicative of depressive thoughts or a lack of self-worth commonly associated with depression. Additionally, the tweet implies a sense of frustration or disappointment, which can also be a symptom of depression. While the post does not explicitly mention feelings of sadness or hopelessness, the overall tone and content suggest a potential presence of depression."
"RT @lQlNFPoVsrAWpLq: Every year you pass your birthday and know that you were born that day, but every year you pass your death day and hav…",depression,"The mention of a ""death day"" and the focus on birthdays and death can suggest preoccupation with morbid thoughts or themes, which can be indicative of depression. The post also implies a sense of sadness or despair by stating that every year passes the person's death day and they haven't died yet. This suggests a lack of hope or a negative outlook on life, both of which are common symptoms of depression. Overall, the content of the post and the language used suggest that the person may be struggling with depression."
[RESULT] #IndiaGPG WD-R1 : Anggia Shitta Awanda/Ni Ketut Mahadewi Istarani [INA] vs Akanshi Baliyan/Mukherjee Riya [IND] 21-7 21-14,no mental disorder,"There is no indication in this post that suggests the presence of any mental disorders. The post appears to be a result or update of a sports match, specifically a badminton game between two teams from India and Indonesia. There is no mention of any personal experiences, emotions, or distress in the post that would suggest the presence of a mental disorder."
Good FRIDAY morning! It's a good day and a good number of y'all keep sending me email and messages that are cracking me up! Thanks!,no mental disorder,This post does not show any symptoms or indications of a mental disorder. It is simply expressing gratitude and positivity towards funny emails and messages. There is no mention of any distressing or traumatic experiences that would suggest a mental disorder.
I LOL at the friendships I've lost because of parents not liking me...99% of the time they ended up being the fuckups,depression,"The use of the phrase 'I LOL at the friendships I've lost' suggests a lack of emotional connection or detachment, which can be a symptom of depression. The mention of parents not liking the person and attributing the loss of friendships to it can indicate feelings of rejection and low self-worth, which are also common in depression. The use of a derogatory term like 'fuckups' can be reflective of negative self-talk and a negative perspective on oneself, which is often seen in individuals with depression. Overall, this post suggests a negative mood, feelings of isolation, and low self-esteem, which are consistent with symptoms of depression."
"RT @p3EoXHaI: in grade 3 we wrote an essay about ""would u rather be a big fish in a smal pond or a smal fish in a big pond"" and i wrote ""ca…",depression,"The post does not explicitly mention depression or any mental disorder, but there are a few reasons why depression could be a potential label for this post: 
- The content of the post suggests a feeling of low self-worth or insignificance. The person mentions being a small fish in a big pond and implies that they believe they are not important or valued. This negative self-perception aligns with common symptoms of depression, such as feelings of worthlessness or low self-esteem. 
- The use of a personal anecdote from grade 3 suggests a long-standing pattern of negative thoughts or feelings about oneself, which could be indicative of a depressive mindset. 
- The person expresses a sense of sadness or dissatisfaction with their own response to the essay prompt. This emotional tone can be associated with depression. 
Overall, while the post may seem lighthearted or casual, it reveals underlying themes and emotions that are consistent with depression."
This day was nuts. I can't believe...i cut myself...This day was nuts. I can't believe...i cut myself…,suicide or self-harm,"The repetition of the phrase ""this day was nuts"" suggests that the person is experiencing high levels of distress or emotional turmoil. The statement ""I can't believe... I cut myself"" indicates that the person engaged in self-harming behavior, which is often associated with underlying mental health issues such as depression, borderline personality disorder, or other forms of emotional dysregulation. The self-harming behavior and the expression of disbelief may indicate a tendency towards self-destructive behaviors, including suicide or self-harm. Therefore, the assigned label is suicide or self-harm tendency."
22 veterans commit suicide EACH day. That flag/song DOES NOTHING TO HELP US VETERANS...WE STILL HAVE PISS POOR HEALTH CARE...,no mental disorder,"While the post focuses on a serious issue regarding veterans and their lack of access to adequate healthcare, there is no indication of any mental disorder present. The frustration and anger expressed in the post are understandable responses to the challenges faced by veterans, but they do not necessarily suggest the presence of a mental disorder."
If anyone has tried texting me the past week I have a new number now so I haven't received any of them..,no mental disorder,"The post simply states that the person has a new phone number and hasn't received any texts. There is no indication of any significant distress, negative mood, or symptoms of a mental disorder."
If a man ever said to my face that chris brown is the greatest rapper of our generation I don't know if I would kill him or myself,suicide or self-harm,"The use of the phrase ""I don't know if I would kill him or myself"" suggests that the person is experiencing intense anger and frustration. The statement presents an extreme reaction to a specific scenario, which may indicate underlying mental distress. The mention of self-harm or harm towards others raises concerns for suicide or self-harm tendencies. The intensity of the emotions expressed in the post suggests a need for further evaluation and support."
MALZ ALISTAR MAKES ME WANT TO KILL MYSELF,suicide or self-harm,"The post clearly states that the combination of Malzahar and Alistar in the game makes the person want to kill themselves. This direct statement of wanting to harm oneself indicates a strong suicidal or self-harm tendency. The person is attributing their distress to a specific situation, highlighting the intensity of their emotions and the potential risk for self-harm."
"RT @tEAAraAcEHuNXl: Small things that mean a lot: Cute texts, tight hugs, long replies, holding hands, remembering the little things,&amp; kiss…",depression,"This post suggests depression as the most likely mental disorder label for a few reasons: 
- The poster highlights small things that mean a lot to them, such as cute texts, tight hugs, and holding hands. This emphasis on seeking and craving these small acts of affection, connection, and validation could indicate a sense of loneliness, longing, and a lack of social support, which are common experiences in individuals with depression.
- The mention of ""remembering the little things"" suggests that the person may be feeling forgotten or unimportant, which can be indicative of low self-esteem or a negative self-image often associated with depression.
- The use of the word ""a lot"" in the phrase ""small things that mean a lot"" implies that the person may be experiencing a significant lack of joy, pleasure, or fulfillment. This loss of enjoyment or interest in activities is a common symptom of depression.
- The repetition of the word ""and"" in the list of small things could suggest an attempt to compensate for the lack of these experiences, reinforcing the idea that the person may be feeling deprived or unsatisfied, which can be characteristic of depression."
Please see my answer on @tGTZ to: Should I have my appendix removed - Hello. You indicated that you have see... http://t.co/Aezqo2xO,no mental disorder,"This post does not show any signs of mental disorders. It is a response to a question about whether or not to have an appendix removed. There is no indication of distress, trauma, or any symptoms of a mental disorder in the content of the post."
if i ever kill myself it will be by watching this on a loop bc i lose 10+ yrs off my life every time https://twitter.com/djtommymadera/status/905876098923319297 …,suicide or self-harm,"The post explicitly mentions the possibility of the person killing themselves, indicating that they are struggling with suicidal ideation. The mention of losing ""10+ yrs off my life every time"" suggests that the person may have harmful or self-destructive behaviors that they engage in, such as self-harm or engaging in activities that are detrimental to their well-being. This combination of thoughts and behaviors strongly suggests a suicide or self-harm tendency."
"every day i think ""this will be the day where his words will be so painful that i my life will end.""",suicide or self-harm,"The post explicitly and directly conveys thoughts of ending one's life due to the impact of someone's hurtful words. This indicates a strong possibility of suicidal ideation or self-harm tendencies. The use of words such as ""painful"" and ""my life will end"" clearly suggests a high level of distress and thoughts of self-harm."
"Unfortunately, I am no longer a full-time student :( Turns out I took on too much this time. Part-time degrees, I'm coming to find you!",no mental disorder,"This post indicates that the person is no longer a full-time student due to taking on too much. While it may suggest some stress or overwhelm, there is no indication of significant distress or symptoms of a mental disorder such as PTSD."
Oh what a good way to end my life in the morning,suicide or self-harm,"The phrase 'end my life' in the post strongly suggests that the person is expressing thoughts of self-harm or suicide. The use of the word 'morning' could indicate that these thoughts are occurring early in the day, which may indicate a high level of distress or urgency in their feelings. The combination of the phrase and the timing suggests a strong likelihood of suicide or self-harm tendency."
"I’ve been getting spilt on Twitter lately, I’m gonna fuckin kill myself",suicide or self-harm,"The use of the phrase ""I'm gonna fuckin kill myself"" clearly suggests that the person is expressing thoughts of self-harm or suicide. The statement implies a high level of distress and a desire to end their life. This kind of explicit language and expression of intent is a clear indication of suicidal or self-harm tendencies."
When someone makes you feel happy but you can't stay happy for long because you've spent your whole life feeling worthless..,depression,"The post expresses a feeling of fleeting happiness and a struggle to maintain that happiness. The mention of feeling worthless suggests low self-esteem, which is characteristic of depression. The statement also implies a long-standing pattern of feeling this way, indicating a chronic nature of the individual's depressive symptoms. Overall, the post aligns with typical experiences and symptoms associated with depression."
"LAURACRAIC aka the most amazing beautiful genuine person alive hello, me and harry are having a fight over who loves you more",no mental disorder,"The post seems to be a lighthearted and affectionate message addressed to someone named LAURACRAIC. While there is a mention of a fight over who loves this person more, it is unlikely that this indicates any symptoms of depression. The tone of the post and the use of words like 'amazing', 'beautiful', and 'genuine' suggest a positive and playful interaction rather than a manifestation of depressive symptoms."
@RMJhjBJnMwh true..... Im Havin a lil bit of time issue tho.... lol fangirling at 3 am is not soo good lol #heartbreaker,depression,"This post suggests the label of depression for several reasons:
- The author mentions having a time issue and being up at 3 am, which could indicate insomnia or disturbed sleep patterns often associated with depression.
- The use of the phrase ""lol fangirling"" suggests an attempt to mask or downplay their emotions with humor, which is a coping mechanism commonly seen in individuals with depression.
- The hashtag #heartbreaker could imply a feeling of sadness or heartbreak, which are common symptoms of depression.
Overall, while the post may seem lighthearted on the surface, the underlying language and indications suggest a potential struggle with depression."
Please just kill me let it be over,suicide or self-harm,"The explicit mention of wanting to be killed and wanting it to be over strongly suggests a suicidal or self-harm tendency. This statement indicates a deep level of distress and despair, which raises concerns for the person's mental well-being and safety."
@wyilnb6Lm3L @tIW_vWvhtRuct Let's hope 'Speak up Review' looks at the decades of 'Turn a Blind Eye' Reviews re the vilification of NHS WBs!,no mental disorder,"The post references a review and vilification of an organization (NHS WBs). While this may indicate some frustration or concerns about the situation, there is no direct indication of distress or symptoms of a mental disorder. The post could simply be expressing a desire for change or accountability."
💖 @vSALORIceZsHHG2 you are my whole world so please know that I support you and i am very proud of you i will never leave you 💖 x230,depression,"There are a few things in this post that suggest depression as the most likely mental disorder label:
- The author states that the person they are addressing is their ""whole world,"" which could imply a heavy reliance on that person for emotional stability and support. This could be indicative of a lack of support or connection in their life, which is often associated with depression.
- The author mentions their support, pride, and commitment to never leave the person they are addressing. This level of emotional intensity and dependency could be a sign of seeking validation and reassurance, which is common in people with depression.
- The repetition of the heart and the use of the word ""proud"" suggest a desire for positive emotions and approval, which can also be related to seeking validation and coping with negative emotions commonly seen in depression.
- The excessive use of numbers (x230) at the end of the post could be a form of overcompensation or trying to find comfort in repetitive behavior, which can also be associated with depression.
Overall, although the post does not explicitly mention feelings of sadness or hopelessness, the implicit expressions of emotional intensity, dependency, and seeking validation are consistent with depressive symptoms."
"Look at me, about to cry to I fall apart with nobody who cares, no friends who truly care & a life not worth living. I'm pathetic.",suicide or self-harm,"The post contains several key indicators of suicidal ideation and self-harm tendencies:
1. The statement ""about to cry"" suggests intense emotional distress and vulnerability.
2. The mention of ""I fall apart"" and feeling like ""nobody cares"" indicates feelings of deep sadness, hopelessness, and a lack of social support.
3. The statement ""a life not worth living"" expresses a strong sense of despair and a negative outlook on life.
4. The use of self-deprecating language, such as calling oneself ""pathetic,"" can be indicative of low self-esteem, which is often associated with suicidal thoughts.
Overall, the combination of these factors suggests a significant risk of suicide or self-harm tendencies."
"@hNE_5CGLQBUfj6 yep kinda found it, its one of my uncles many properties! Cousin's bf is moving out this week. Great timing :)",no mental disorder,"This post does not mention or show any symptoms or indications of a mental disorder. It simply mentions the timing of someone moving out of a property, suggesting that it is a positive or convenient situation. There is no mention of any distress, trauma, or other indicators of a mental disorder."
"These robots will not be taking anyone's jobs soon, nor the planet - funny crappy robots from Simone Giertz... fb.me/2awPNxafL",no mental disorder,"There is no indication in this post that suggests the presence of any mental disorders. The content of the post is about funny and ""crappy"" robots, and it does not contain any language or themes related to mental health or distress. Therefore, the assigned label would be ""No mental disorders."""
"RT @ci5W7QU7aBaXLi: I hate it when i'm working and Louis Tomlinson stops by my store to buy something, i'm so sick of it 💆💆💆 http://t.co/s…",depression,"There are a few aspects of this post that suggest the label of depression: 

1) The use of the phrase ""I hate it"" suggests a negative emotional state, which could be indicative of a depressive mood. 

2) The author mentions working and Louis Tomlinson visiting their store, but expresses being ""so sick of it."" This could suggest feelings of exhaustion or irritability, which are common symptoms of depression. 

3) The use of multiple ""💆"" emojis could indicate frustration or stress, which can be related to depressive symptoms. 

Overall, while this post does not explicitly mention feelings of sadness or hopelessness, the negative emotions expressed and the reference to being exhausted or weary suggest that the person behind the post may be struggling with depression."
@vSALORIceZsHHG2 hi babe its my birthday all i wished for was you i love you have a nice day 💖😋 x46,depression,"The post includes several factors that suggest depression as the most likely mental disorder label:
- The use of terms like ""hi babe"" and ""i love you"" suggests a desire for connection and affection, which can be common in individuals with depression who may feel lonely or isolated.
- The mention of it being the person's birthday and their only wish being the individual they are addressing indicates a potential lack of fulfillment or satisfaction in their life, which can be indicative of depression.
- The use of emojis like 💖 and 😋 at the end of the post could be seen as an attempt to mask or hide negative emotions and present a more positive image, which is another characteristic often seen in individuals with depression.
- The repetition of ""x46"" at the end could also be interpreted as a form of overcompensating for the absence of physical affection, which can be a sign of depression.
Overall, while the post itself does not explicitly mention feeling sad or hopeless, the implicit indications and behaviors within the text suggest that the person who wrote it may be struggling with depression."
I'm bout to 3D print a strap so I can kill myself - @realyoungpaco,suicide or self-harm,"The statement in the post (""I'm bout to 3D print a strap so I can kill myself"") explicitly mentions a desire to harm oneself. The use of the phrase ""kill myself"" indicates a clear intent for self-harm or suicide. This suggests a strong indication of suicide or self-harm tendency as the assigned label for this post."
when u work 18 hours and then sleep zero lol #baller #i #want # to #fucking Kill myself!,suicide or self-harm,"The use of the phrase 'I want to fucking kill myself' is a clear indication of suicidal or self-harm tendencies. The post also mentions working long hours and getting no sleep, which could contribute to feelings of overwhelm, exhaustion, and hopelessness. The use of strong language and hashtags like '#baller' and '#i' could suggest a possible front or attempt to downplay the severity of the statement, which is common among individuals struggling with suicidal thoughts. Overall, the explicit mention of wanting to kill oneself and the context provided in the post point towards a suicide or self-harm tendency."
"If you haven't been hacked by the Chinese you got to ask yourself, does the shit you're doing really even matter?",no mental disorder,"This post does not show any signs or symptoms of a mental disorder. The statement made in the post is more of a rhetorical question and does not indicate any distress, suicidal ideation, or other symptoms commonly associated with mental disorders. It appears to be a statement made to provoke thought or discussion rather than an expression of personal struggles or difficulties."
I've already been told to kill myself in at least 6 languages so I don't think I can get worse hate than that,suicide or self-harm,"The statement ""I've already been told to kill myself in at least 6 languages"" indicates that the person has been subjected to severe verbal abuse and hate. This level of hate directed towards oneself can be very mentally distressing and may contribute to suicidal or self-harm tendencies. The fact that the person believes they have received the worst possible hate suggests that they may already be struggling with thoughts of self-harm or suicide."
#top250num En savoir plus sur le bigdata avec Bime pendant votre cocktail. Demos au fond à gauche !,no mental disorder,This post is promoting an event and providing information about where attendees can find demos. There is no indication of any mental disorders in this post.
"RT @mzvihKASywJAr: ""mom i’ve had it i’m dropping out"" ""excuse me"" ""i’m done with fake bitches the hw all of it. done"" ""ur in 2nd grade…",depression,"There are a few things that suggest depression as the most likely mental disorder label for this post:

- The person states that they've had it and they're dropping out. This could indicate a feeling of being overwhelmed or unable to cope with the pressures of school, which is consistent with symptoms of depression.
- The use of the phrase ""done with fake bitches"" suggests a negative view of peers or a lack of social support, which can be common in individuals with depression who experience social isolation or difficulty forming meaningful relationships.
- The person's response to being told they're in 2nd grade suggests a disconnect between their emotional state and their age-appropriate responsibilities, which could be indicative of depressive symptoms affecting their ability to function or engage with age-appropriate activities.
- The overall tone of the post is negative and expresses a sense of hopelessness or frustration, which are common characteristics of depression."
shut up u make fun of my walmart wifi im really about to kill myself i just wanna join SKYPE BUT I CANT,suicide or self-harm,"The post includes a statement about wanting to kill oneself because of a frustrating situation with Walmart wifi and not being able to join Skype. This suggests that the person is feeling overwhelmed and possibly experiencing suicidal ideation as a result of their current struggles. The mention of wanting to join Skype could imply a desire for social connection, which is common in people who are feeling isolated and may be at a higher risk for suicide. Therefore, the assigned label for this post would be Suicide or self-harm tendency."
RT @qpWjAEdEK: I love it when kids hit on my girlfriend. Hopefully they fap to the thought of me sleeping with her every night as well.,no mental disorder,"While the content of the post may be considered inappropriate or offensive, there is no direct indication of a mental disorder in this case. The post seems to be expressing a sense of possessiveness or pride in the person's girlfriend, but it does not suggest any significant distress or trigger any symptoms of a mental disorder."
RT @vzXmgPfZ4NvC44c: You have a beautiful smile and a beautiful soul and a beautiful mind and a beautiful face and i hope you have a beauti…,depression,"There are a few things that suggest depression as the most likely mental disorder label for this post:
- The author of the post is expressing admiration and complimenting someone else, stating that they have a beautiful smile, soul, mind, and face. This could suggest a desire to uplift and validate the other person, which can be a common behavior in people with depression who seek to make others feel better in order to cope with their own negative emotions.
- The author also expresses a hope that the other person has a beautiful day. This could suggest a lack of positivity or happiness in the author's own life, as they are projecting their desire for beauty onto someone else.
- The repetitive use of the word ""beautiful"" could be seen as an overemphasis or exaggeration, which can sometimes be a way for individuals with depression to compensate for feelings of emptiness or sadness.
Overall, while this post does not explicitly mention sadness or hopelessness, the behavior and language used can suggest that the person who wrote it is struggling with depression."
@tmIMh @dCyudyLtic We wouldn't let a Fox preside over our chickens &amp; we're not going to let a Woolf preside over CSA inquiry. It's perverse!,no mental disorder,"This post seems to be expressing an opinion about not allowing a specific person to preside over a CSA inquiry. While the language used may be strong, suggesting disagreement or disapproval, there is no indication of any distress or symptoms of a mental disorder in this post."
"RT @c3E2i76: @rXJYCLumrSP the trouble is, I AM mentally ill now, they've made me ill, I have PTSD because of what theyve done!",ptsd,"The person explicitly states that they now have PTSD because of something that has been done to them. This indicates a direct connection between the person's mental illness and a specific traumatic event or series of events. They attribute their current mental illness to the actions of others, which aligns with the core features of PTSD where individuals experience distress and symptoms resulting from a traumatic event."
"If you look at the footage, Abby pushed kelly and forced her weight on her. And Abby didn't have a scratch. #welovethehylands",no mental disorder,"The post appears to be discussing a physical altercation between two individuals (Abby and Kelly) and their actions in a specific situation. While the language may be intense, and the use of hashtags suggests a strong emotional attachment to the situation, there is no indication of any symptoms or distress related to mental disorders such as PTSD, depression, or suicide/self-harm tendencies."
@YUSAN_5 te tomo la palabra! Gracias por apoyar la cultura en nuestro país y darnos siempre tu tiempo y tu amor. Te queremos. ❤️,no mental disorder,This post is simply expressing gratitude and appreciation towards someone who supports culture in their country. There is no indication of any mental distress or symptoms of a mental disorder.
"Today, I have been a grumpy shit, forgetful, and have told the boy off. Yep, he is in Afghanistan and I told him off. Crap wife award winner",ptsd,"The mention of being a ""grumpy shit"", forgetful, and lashing out at someone close could suggest irritability and mood disturbances, which are common in individuals with PTSD. The mention of the person's son being in Afghanistan and feeling like a ""crap wife"" suggests a connection to a traumatic event (war) and potentially feelings of guilt or responsibility, which are also common in PTSD. The use of the phrase ""forgetful"" could be indicative of difficulty with concentration or memory, which are cognitive symptoms often associated with PTSD. Overall, the combination of emotional and cognitive symptoms, along with the mention of a traumatic event, leads to the assignment of the label PTSD."
Vanavond eerste keer discussie aangegaan met 'n dickparker in @StadMechelen. Te weinig parking voor bewoners om dát toe te laten #degoutant,no mental disorder,"This post shows frustration with a lack of parking space for residents in a particular city. While the language used may suggest annoyance or anger, there is no indication of any significant distress or symptoms of a mental disorder. The frustration expressed in the post can be attributed to a common concern or inconvenience rather than a mental health issue."
Lady in drive thru: “here you go mam or sir I’m sorry” I’m gonna kill myself,suicide or self-harm,"The response of ""Suicide or self-harm tendency"" is assigned because the person in the post states ""I'm gonna kill myself"" in response to a small mistake made by the lady in the drive-thru. This statement suggests that the person may be experiencing significant emotional distress, and their response indicates thoughts of self-harm or suicide. It is essential to take such statements seriously and seek appropriate support or intervention."
"It has been a busy and highly productive morning. Not only have I gotten a lot of my regular work done, I also... http://t.co/g3pvAXUZjU",no mental disorder,"The post describes a busy and productive morning, suggesting that the person is able to engage in work and tasks without any significant distress or impairment. There is no indication of any symptoms or experiences that would suggest the presence of a mental disorder."
"it was someone in a wheelchair that fell over and whoever posted it was making fun of their weight AND they said ""merica"" HATE HATE LOATHE",no mental disorder,"The post shows anger and strong negative emotions towards someone making fun of a person in a wheelchair. While it is understandable to feel upset or angry in such a situation, there is no indication that this response goes beyond the normal range of emotions and triggers any symptoms of a mental disorder."
have a dream and then never wake up,no mental disorder,"This post does not provide enough information to determine the presence of a mental disorder. The phrase ""have a dream and then never wake up"" can be interpreted in different ways and does not specifically indicate any mental health concerns."
Der famose @DickMo ist der SoZ-Geschichte nachgegangen. watson.ch/Schweiz/Asyl/6… @ADSangines,no mental disorder,"The post appears to be providing a link to an article or information about a person named @DickMo investigating social history. There is no content or language in the post that suggests any mental health concerns or symptoms. Therefore, the assigned label is ""No mental disorders."""
I kind of want to kill myself because literally none of those compliments are true. https://twitter.com/wheezywaiter/status/910952751340941312 …,suicide or self-harm,The post explicitly states that the person wants to kill themselves because the compliments they received are not true. This indicates a strong suicidal ideation and potentially self-harm tendency. The use of the phrase 'kind of want to kill myself' showcases the person's distress and thoughts of self-harm. It is important to take such statements seriously and offer support and help to the individual.
Day 435 without drv3: i wanna fucking kill myself,suicide or self-harm,The use of the phrase 'i wanna fucking kill myself' directly indicates a desire for self-harm or suicide. This statement expresses a high level of distress and suggests that the person is struggling with suicidal ideation.
HEY GUYS GUESS WHAT!!! I really wanna die. and the next chance that I get... I'm gonna try it'll be great!,suicide or self-harm,"The explicit statement of wanting to die and expressing a plan to attempt suicide in the future clearly indicates a strong suicidal ideation and self-harm tendency. The post also suggests a lack of hope for the future by stating that the attempt will be ""great."" This combination of thoughts and intentions is highly concerning and indicative of a mental disorder related to suicide or self-harm."
"Piloten der @Lufthansa_DE streiken morgen - betroffen sind alle Langstreckenverbindungen, wie die Gewerkschaft Cockpit mitteilt",no mental disorder,"This post is a news update about a pilot strike, and there is no indication of any mental disorders being discussed or referenced. The content of the post solely focuses on the strike itself and does not provide any insight into the mental state or well-being of the individuals involved. Therefore, the assigned label is ""No mental disorders."""
Sometimes I think I'll die alone sometimes I think I'll die alone Sometimes I think I'll die alone live and breathe and die alone,suicide or self-harm,"The repeated statement of ""I'll die alone"" in the post suggests a preoccupation or fear of dying alone, which could be indicative of suicidal or self-harm tendencies. The use of the word ""sometimes"" implies that these thoughts occur frequently and could be distressing for the individual. The repetition of the phrase emphasizes the intensity of the thoughts, potentially indicating a deeper struggle with suicidal ideation or self-harming behaviors. Overall, this post raises concerns about the individual's mental well-being and suggests a likelihood of suicide or self-harm tendencies."
"like sometimes i can appreciate a knife and be like ""damn... wouldn't it be neat if i kill myself right now... wouldn't it :)))"" i hate it so much i make it sound funny but it's not",suicide or self-harm,"The post expresses thoughts of appreciating a knife and considering suicide, indicating a potential self-harm tendency. The use of humor to mask the seriousness of the situation suggests a coping mechanism used to downplay the distressing thoughts. While the post does not explicitly mention a mental disorder, the content indicates a heightened risk for self-harm."
"RT @b104P_jXH: Dear ex, I won't block you, nor delete you. I'm keeping you there, so that you'll be able to see how happy I am without you!",depression,"This post suggests the possible presence of depression for the following reasons:

1. The use of the term ""ex"" implies that there was a past romantic relationship that ended. It is common for individuals with depression to experience difficulties in their relationships, which can lead to breakups.

2. The statement of not blocking or deleting the ex suggests a desire to display happiness without them. This can be seen as a form of seeking validation or attempting to prove worthiness of happiness, which can be indicative of low self-esteem commonly associated with depression.

3. The emphasis on demonstrating happiness in the absence of the ex can be viewed as a coping mechanism for the negative emotions and potential feelings of rejection or loss experienced in the aftermath of a breakup, which aligns with symptoms of depression.

Overall, the combination of relationship struggles, seeking validation, and coping with negative emotions suggests that depression is the most likely mental disorder label for this post."
I'm getting severe anxiety over the fact that there's no scale in this hotel room. I need to find a scale.,ptsd,"The assigned label would be ""No mental disorders"". The reasoning for this label is that the person is expressing anxiety due to the absence of a scale in their hotel room. While anxiety can be a symptom of various mental disorders, in this case, there is no indication that this anxiety is severe or significantly impacting the individual's daily life. It appears to be a specific concern or preference regarding the availability of a scale, rather than a broader anxiety disorder. Therefore, there is no evidence to suggest the presence of a mental disorder in this post."
💖 @vSALORIceZsHHG2 you are my whole world so please know that I support you and i am very proud of you i will never leave you 💖 x284,depression,"The use of phrases like ""you are my whole world,"" ""please know that I support you,"" and ""I will never leave you"" suggest a strong emotional bond and dependence on the person mentioned. This could indicate a desire for validation, connection, and support, which are common in individuals with depression. The repetition of the heart emoji and the hyperbolic phrase ""I am very proud of you"" may also suggest an attempt to compensate for feelings of low self-worth, which is often associated with depression. The use of ""x284"" can also be seen as a form of overcompensation for physical affection and a way to seek emotional closeness. Overall, these elements suggest a high likelihood of depression in the individual who wrote this post."
I'll actually kill myself this is the first weekend I procrastinated and am sooo not caught up to where I need to be..,suicide or self-harm,"The mention of the phrase 'I'll actually kill myself' indicates that the person is experiencing thoughts of suicide or self-harm. Additionally, the mention of feeling overwhelmed and not being caught up suggests that they are under a significant amount of stress or pressure, which can often contribute to self-harming behaviors. The urgency and desperation expressed in the post also indicate a high level of distress, further supporting the assigned label of suicide or self-harm tendency."
RT @gBrjTdu_Cep: I want to go on more adventures in life. be around good energy and connect with people. learn some new things and continue…,depression,"There are a few reasons why depression might be the assigned label for this post: 
- The mention of wanting to go on more adventures and be around good energy suggests a desire for positive experiences and an improvement in mood. This may indicate a lack of enjoyment or fulfillment in the person's current life, which can be a symptom of depression. 
- The mention of wanting to connect with people and learn new things suggests a longing for social connection and personal growth, which can also be signs of depression as individuals may struggle with isolation and lack of motivation. 
- The overall tone of the post, which is expressing a desire for change and improvement, could reflect a dissatisfaction with one's current state of being, which is commonly associated with depression."
I WILL LITERALLY KILL HIM MYSELF MAN OMG https://twitter.com/hughwizzy/status/913722282635399174 …,suicide or self-harm,"The use of phrases like ""I will literally kill him myself"" and ""OMG"" suggest intense anger or frustration, which could potentially manifest as a self-harm or suicidal ideation in some individuals. The strong and violent language used in the post raises concerns about the person's mental state and their ability to manage their emotions in a healthy manner."
My mood is so blue i look outside and now it's rainin so should I kill myself my heart said no my mind said maybe,suicide or self-harm,"The post explicitly mentions a low mood and connects it with the idea of killing oneself. The phrase ""my heart said no my mind said maybe"" indicates a conflict between the person's emotions and rational thoughts, which can be indicative of a struggle with suicidal ideation. The mention of their mood being ""so blue"" further supports the idea that they are experiencing significant emotional distress. Overall, the post suggests a potential tendency towards suicide or self-harm."
Please see my answer on @tGTZ to: I have little bumps all over my arms. They are like pimples. They never se... http://t.co/YkRHZyzm,no mental disorder,"The post describes a physical symptom of having little bumps on the arms, which is unrelated to mental disorders such as depression, PTSD, or self-harm tendencies. There is no indication of any mental distress or symptoms in this post."
"☀️ @vSALORIceZsHHG2 you are my light in the dark, my warmth in the cold, and my beauty within the ugliness of the world ☀️ x322",no mental disorder,"While this post uses poetic and intense language, it does not necessarily indicate the presence of a mental disorder. The use of phrases like 'my light in the dark' and 'my beauty within the ugliness of the world' could simply be expressions of admiration and appreciation for someone. Without any other indications of distress or symptoms of a mental disorder, it is more likely that this post is an expression of affection rather than a reflection of depression or any other mental illness."
Please I literally love Harry so much I don't know what to do with myself I'm gonna fuckijg kill myself pic.twitter.com/CB7DQg2MzY,suicide or self-harm,The use of the phrase 'I'm gonna fucking kill myself' indicates a strong desire or intention to harm oneself. This kind of statement raises serious concerns about the person's well-being and suggests that they may be struggling with suicidal ideation. It is important to take such statements seriously and offer support or reach out to appropriate mental health professionals.
@amaraloficial @MalditaNerea sería un gran favor si pudieras darnos un RT de nuestro concierto twitter.com/#!/stormymonda…,no mental disorder,"There is no indication in this post that suggests the presence of any mental disorder. It is simply a request for a retweet of a concert announcement, which does not involve any distressing or concerning content related to mental health."
@qT8knXCtEQOSM Sorry Paul but this is absolute rubbish and I have been getting top level advice from more than 1 PROFESSOR,no mental disorder,There is no indication in the post that suggests the presence of any mental disorder. The person is simply expressing disagreement with someone's statement and mentioning that they have received advice from multiple professors. This does not suggest any distress or symptoms of a mental disorder.
RT @nDQpcoBnX_h_iI: Teenager #MikeBrown won't start college on Monday because he was shot ten times by a #Ferguson police officer. http://t/cUrp4uO6ffZn2X1QcKYoK78W2hl…,depression,"The post is discussing a tragic incident where a teenager was shot by a police officer, leading to the conclusion that the assigned label would be depression. The reasoning behind this includes:

1. The mention of the teenager being unable to start college due to being shot multiple times suggests a significant life event that could lead to feelings of sadness, hopelessness, and despair. This aligns with symptoms commonly associated with depression.

2. The use of the hashtag #Ferguson indicates that the incident took place in a community known for racial tension and social unrest. The emotional weight and impact of such events on individuals and communities can contribute to depressive symptoms.

3. The fact that the post has been retweeted suggests that the person sharing it might also be personally affected by the incident or deeply empathetic towards it. This emotional response can also be indicative of depression, as those with this mental disorder often feel a strong sense of empathy and connection to the suffering of others.

While the post itself may not express explicit feelings of sadness or hopelessness, the context and subject matter suggest that the individual sharing it may be experiencing depressive symptoms related to the tragic event."
I want to fucking kill myself https://twitter.com/THR/status/913788037091512321 …,suicide or self-harm,The use of the phrase 'I want to fucking kill myself' clearly indicates that the person is expressing intense suicidal thoughts and desires. This level of desperation and hopelessness is a significant red flag for suicide or self-harm tendencies. It is important to take this kind of statement seriously and seek help for the individual as soon as possible.
RT @dO0_kDjCn9Y8PU: that i'll follow you soon. don't stop trying to get my follow because it's going to happen! thank you for all you've do…,depression,"This post suggests depression as the most likely mental disorder label. The author of the post mentions that they will follow the person soon and asks them not to stop trying to get their follow. This could be seen as seeking validation, which is common in people with depression. Seeking validation can be a way to boost self-esteem and cope with negative emotions. The expression of gratitude and thanking the person for what they've done implies that the person might be feeling low and in need of support. Overall, while the post may not explicitly mention sadness or hopelessness, the implicit signs and behaviors in the text suggest that the individual may be experiencing depression."
"💿💿💿💿💿💿 in a few short months, you'll be 23 i would love a follow before then? i love you so much @vSALORIceZsHHG2 💿💿💿💿💿💿 x189",depression,"The use of a lot of emojis and repeated symbols like 💿💿💿 suggests an attempt to fill a void or cope with negative emotions. The repeated mention of being 23 and the request for a follow before then could indicate a desire for validation and connection, which are common in individuals with depression. The use of 'I love you so much' could also be seen as seeking affection and support, which again aligns with symptoms of depression. The excessive use of emojis and the high number of repetitions (x189) could be a way of overcompensating for the lack of physical affection and expression of emotions, which is often observed in individuals with depression. Overall, this post suggests a possible depressive state due to the expressed desire for validation, emotional connection, and the use of excessive and repetitive symbols."
I get killed in the middle of the night.,suicide or self-harm,"The phrase ""I get killed in the middle of the night"" implies a strong sense of vulnerability and a perceived threat to one's safety. This statement suggests a potential desire for self-harm or a preoccupation with thoughts of death. It is important to take any mention of harm or suicide seriously, as it may indicate a need for immediate support and intervention."
not to sound overdramatic but i want to kill myself a little more everyday that i wake up in this house,suicide or self-harm,"The post explicitly states that the person wants to kill themselves, which indicates a strong inclination towards self-harm or suicide. Additionally, the use of the phrase ""a little more everyday"" suggests a worsening state of mind and an ongoing struggle with suicidal thoughts. These statements are serious indicators of a potential mental disorder related to suicide."
"I don't want you to get hurt, so please leave.",suicide or self-harm,"The statement ""I don't want you to get hurt, so please leave"" suggests that the person expressing this sentiment is concerned about someone else's well-being but also indicates a desire for them to leave. This can be indicative of a possible self-harm or suicide tendency, as the individual may believe that their presence is somehow harmful to others and that leaving would protect them from any potential harm. This statement implies a level of distress and potential thoughts of self-harm or suicide in order to prevent harm to others."
YALL KNOW WHEN WANNA ONE POINT AT RHE CROWD DURING WANNA BE YEAH I WOULD KILL MYSELF IF THEY POINTED IN MY DIRECTION,suicide or self-harm,The use of the phrase 'I would kill myself' suggests that the person is expressing a desire or intention to harm themselves in response to a specific situation. This indicates a potential suicidal or self-harm tendency. It is important to take such statements seriously and offer support to the individual.
"RT @hRSS6nU5P: ""Son, we need to talk"" Ok Dad ""You were a mistake"" Wow. I can't believe I was an acciden- ""Not accident. Mistake""",depression,"The post shows a father telling their child that they were a mistake. This kind of statement can have a significant impact on a person's self-worth and can contribute to feelings of sadness, hopelessness, and low self-esteem, which are often associated with depression. The response demonstrates the person's shock and disbelief at being referred to as a mistake, further highlighting the potential emotional distress. Overall, this interaction suggests that the person who posted it may be experiencing depression as a result of the negative comment from their father."
@m9zN2cdC4TO its like where your body doesn't produce enough iron and like some normal body functions just go all fucked up laklkjgsdfs,no mental disorder,"This post does not provide any clear indication of a mental disorder. The mention of a physical condition (not producing enough iron) and describing body functions as being ""fucked up"" does not necessarily imply any psychological distress or symptoms related to mental health. Without any further context or evidence, it would be inappropriate to assign a mental disorder label to this post."
"RT @lQlNFPoVsrAWpLq: Sometimes, you find yourself in the middle of nowhere, and sometimes, in the middle of nowhere, you find yourself.",no mental disorder,"This post is a quote about self-discovery and finding oneself, which is a common theme in personal growth and reflection. There are no specific indicators of distress or symptoms of a mental disorder mentioned in this post."
I never wake up this late but I love when I do,no mental disorder,"There is no indication in this post that suggests the presence of any mental disorder. The post simply states that the person rarely wakes up late but enjoys it when they do. This does not indicate distress, negative emotions, or any symptoms of a mental disorder."
Animes were mentally child obesity then I kill myself becausse of a Latino Tyler Perry.,no mental disorder,This post contains nonsensical and incoherent language that does not indicate any clear thoughts or emotions related to mental health. It is difficult to discern any specific mental disorder based on the content provided.
@kHnVWex1k old games are available through Cloud Hopefully this means you can enter some weird code thing for games you already own,no mental disorder,"This post is simply discussing the availability of old games through Cloud and the possibility of using a code for games already owned. There is no indication of any distress, negative emotions, or symptoms of a mental disorder."
I try to be nice and cope w/everyone around me but i have no patience for these idiots I'm surrounded by,depression,"The post suggests feelings of frustration and impatience towards the people around the author. This could indicate a lack of energy or motivation, which are common symptoms of depression. The author also expresses a sense of trying to be nice and cope, which suggests that they may be experiencing a strain in their ability to maintain positive relationships, another common symptom of depression. Overall, the post reflects a negative and pessimistic outlook, consistent with depressive symptoms."
i literally want to kill myself i really do i really really really do,suicide or self-harm,"The explicit statement of wanting to kill oneself clearly indicates a strong suicidal ideation and self-harm desire. The repetition of the phrase (""i really do i really really really do"") emphasizes the intensity and seriousness of these thoughts. This level of distress and hopelessness is highly concerning and warrants immediate attention and intervention."
My trial was filed As a crazy suicidal head case,suicide or self-harm,The use of the phrase 'crazy suicidal head case' suggests that the person is feeling labeled or stigmatized as someone who is mentally unstable and considering self-harm or suicide. The language implies that the person feels judged and misunderstood due to their mental state. This indicates a potential tendency towards suicide or self-harm.
"RT @n9jwt782: Jesus, is this gluten free I have an alle- HAHAHA GAY! *deciples high-5 Jesus* Judas slams the table and leaves. ""We'll see…",depression,"There are a few things in this post that suggest depression as the most likely mental disorder label:

1. The mention of having an allergy or intolerance (""gluten-free"") and then transitioning to a sudden burst of laughter (""HAHAHA GAY!"") could be seen as a form of defense mechanism or masking of true emotions. Many individuals with depression may use humor or sarcasm as a way to cope with their underlying emotional pain.

2. The presence of Jesus and his disciples in the post could indicate a feeling of loneliness or isolation. Depression often involves a sense of social withdrawal and difficulty in connecting with others.

3. The mention of Judas leaving after slamming the table could suggest rejection or conflict, which are common themes in depression. Feelings of worthlessness, guilt, or being a burden to others often emerge in individuals with depression.

Overall, while this post may not explicitly mention feelings of sadness or hopelessness, the underlying cues and behaviors could indicate a presence of depression."
"I admire the @nytimes for their front page photo showing the devastating, bloody consequences of gun violence pic.twitter.com/QWeuMS9H",no mental disorder,"This post is a statement of admiration for a news organization showcasing the consequences of gun violence. While the topic is related to a distressing and impactful subject, there is no indication of any personal struggles, distress, or symptoms of a mental disorder present in the post. Therefore, the assigned label would be ""No mental disorders."""
Not saying we shouldn't eat meat. It's the natural order of things for humans to eat animals. I mean eating meat happens in the wild too,no mental disorder,"The post discusses the natural order of humans eating animals and references how it also happens in the wild. While the topic may be debatable, there is no indication of distress or trauma being experienced by the poster. The statement appears to be an opinion or observation rather than a symptom of a mental disorder."
@inBrWbNB0nfmf @tzG0RpiuveYo_Q &amp; when someone is sectioned for several years and put into the community they need a lot of support.,no mental disorder,"The post is discussing the need for support for individuals who have been sectioned and put into the community for several years. While it acknowledges the need for support, there is no indication of any symptoms or distress that would suggest a mental disorder."
Id actually kill myself https://twitter.com/jadamw_/status/913131503495806976 …,suicide or self-harm,"The post explicitly states, ""Id actually kill myself."" This directly expresses suicidal ideation and a desire to self-harm. This statement is alarming and raises concerns about the person's well-being and safety."
how do i explain to my family dat im waitin for all of dem to die so that I can kill myself and not feel bad,suicide or self-harm,"The post explicitly mentions waiting for their family to die so that they can kill themselves. This statement indicates a strong desire for self-harm or suicide. The person expresses their intention to take their own life and suggests that the death of their family members would somehow alleviate any remorse or guilt they may feel. This post displays clear signs of suicidal ideation and self-harm tendencies, and therefore the assigned label would be Suicide or self-harm tendency."
I cant take this Life anymore,suicide or self-harm,"The statement ""I can't take this life anymore"" indicates a significant level of distress and a feeling of being overwhelmed. It implies a strong desire to escape from life or a desire to end one's own life. This kind of extreme distress and hopelessness is often associated with suicidal ideation or self-harm tendencies."
Please see my answer on @tGTZ to: I have to pee in the middle of the night once every night. I'm due for my ... http://t.co/73ManPWh,no mental disorder,"This post is a response to a question about a physical health issue, specifically having to pee in the middle of the night. There is no indication of any mental health concerns or symptoms present in this post."
Kinda wish we were doing stuff in more of my classes cause it makes the day go by so much faster,depression,"The use of the phrase ""kinda wish"" implies a sense of dissatisfaction or unhappiness with the current situation. The desire for the day to go by faster could indicate a lack of enjoyment or motivation, which are common symptoms of depression. Depression often leads to a lack of interest or pleasure in activities, so the person may be looking for more engaging experiences to distract from their negative emotions. Overall, this post suggests a potential depressive mindset."
"So Obama just woke up and said, ""Fuck it, I'm just going to do what I think is right. I've got nothing to lose."" nytimes.com/2014/12/20/opi…",no mental disorder,There is no indication in this post that suggests the presence of any mental disorders. The post simply discusses a remark made by Obama and does not delve into any personal experiences or emotions that would suggest mental health concerns.
i want to kill myself,suicide or self-harm,"The statement ""i want to kill myself"" clearly indicates a strong desire for self-harm or suicide. This is a direct expression of suicidal ideation and suggests that the person is experiencing significant distress and may be at risk for self-harm or suicide."
I hate Tuesdays with such a royal passion. It's all I can do to keep from skipping my entire afternoon and crawling back home to bed.,depression,"This post shows a strong dislike and negative emotions towards Tuesdays, which could suggest a low mood. The mention of wanting to skip the entire afternoon and go back to bed indicates a lack of motivation and a desire to isolate oneself, which are common symptoms of depression. While the post does not explicitly mention any specific trauma or triggers, the overall negative tone and desire to withdraw suggest that the individual may be experiencing symptoms of depression rather than PTSD."
"Ok. This is hilarious & sad & sweet & awful. A sort of cocktail, if u will...washingtonpost.com/posttv/enterta…",no mental disorder,"The post describes a mix of emotions and reactions to a certain content, but there is no indication of any symptoms or experiences that would suggest the presence of a mental disorder. The use of words like 'hilarious', 'sad', 'sweet' and 'awful' indicate a range of emotional responses but do not necessarily imply the presence of a mental disorder."
“@nytpolitics: Dick Cheney criticized Donald Trump’s Muslim policy nyti.ms/1lrwyCu pic.twitter.com/7bMB38oAde” Cheney the wise man?,no mental disorder,There is no indication in this post that suggests the presence of any mental disorder. The post simply mentions Dick Cheney criticizing Donald Trump's Muslim policy and poses a question about Cheney's wisdom. It is a straightforward comment on a political situation and does not display any symptoms or characteristics of a mental disorder.
I wish someone could just kill me cause it seems like I can't fucking do it on my own.,suicide or self-harm,The post explicitly mentions a desire for someone to kill the person or for the person to be unable to do it themselves. This statement indicates a strong sense of hopelessness and a potential inclination towards self-harm or suicide. The use of explicit language and the desperate tone further suggests that the individual is experiencing intense emotional distress and may be at risk for self-harm or suicide.
💖 @vSALORIceZsHHG2 you are my whole world so please know that I support you and i am very proud of you i will never leave you 💖 x270,depression,"The excessive use of emojis, the phrase ""you are my whole world,"" and the statement ""I will never leave you"" suggest a deep emotional attachment and dependency on the person being addressed. This could be indicative of a form of clinginess and fear of abandonment, which can be common in individuals with depression who struggle with low self-esteem and an intense need for reassurance and validation from others. The repetition of the heart emoji and the phrase ""I am very proud of you"" could also suggest the need for external validation and a lack of self-worth, which are often experienced by individuals with depression. Overall, the post indicates a need for emotional support and connection, which aligns with the symptoms and experiences commonly seen in individuals with depression."
"Just in time for Halloween, this photo of #Sandy #Frankenstorm is pretty damn spooky pic.twitter.com/ZQF7osM6",no mental disorder,"There is no indication in the post or the accompanying photo that suggests any mental disorders. The use of the phrase ""pretty damn spooky"" is subjective and does not necessarily imply distress or any symptoms of a mental disorder."
Some #Luhan stan are now committing suicide because of luhan and XiaoTong relationship omygod! Is this fckn' true?! pic.twitter.com/OgNc2wviVE,suicide or self-harm,"The use of the phrase ""committing suicide"" suggests that individuals who are fans of Luhan (a Chinese singer) are considering or engaging in self-harm or suicidal behaviors due to his romantic relationship with XiaoTong. The inclusion of ""omygod"" and ""fckn' true?!"" indicates a strong emotional reaction, potentially indicating distress or concern for these individuals. This response suggests that the assigned label is ""Suicide or self-harm tendency"" based on the explicit mention of suicidal behavior and the strong emotional response displayed."
RT @sg40rzYUg: hier : fatiguée aujourd'hui : fatiguée demain : fatiguée semaine prochaine : fatiguée année pro : fatiguée prochaine vi…,depression,"The use of the word 'fatiguée' (tired) multiple times throughout the post suggests a persistent and pervasive feeling of fatigue or low energy level. This could indicate a symptom of depression, as fatigue is a common symptom experienced by individuals with depression. Additionally, the repetition of 'fatiguée' for different time periods (today, tomorrow, next week, next year) suggests a sense of hopelessness and lack of improvement, which can be indicative of depression. The post does not explicitly mention any other symptoms or feelings, but the focus on fatigue and the suggestion of a long-term pattern aligns with the characteristics of depression."
In my pajamas with a 13x9 pan of cherry jell-o getting shit DONE. Let's make Burning Man week *every* week!,no mental disorder,"There is no indication of any mental disorder in this post. The poster is simply expressing enjoyment and productivity while in a relaxed state, with no signs of distress or symptoms related to mental health."
@dcGOmds1gSY8 Good morning Michelle! I saw a really strange light last night at high altitude. It changed colors several time b4 disappears👽,no mental disorder,"This post simply mentions seeing a strange light in the sky and does not provide any indication of distress or symptoms of a mental disorder. While the mention of an alien emoji suggests an interest in or curiosity about extraterrestrial phenomena, it does not necessarily indicate any form of mental disorder."
Stay humble and then actually work on a grind instead of trying to show out. Peeps need to quit talking if they're still at the bottom.,no mental disorder,"This post does not show any symptoms or indicators of a mental disorder. It simply contains motivational advice about staying humble and working hard. There is no mention of low mood, hopelessness, or any other symptoms associated with depression or any other mental disorder."
having mental illnesses is weird man. one minute I'm okay and the next I've convinced myself that everyone hates me and I should kill myself,suicide or self-harm,"The post explicitly mentions having mental illnesses and experiencing fluctuations in mood and thoughts. The statement ""I've convinced myself that everyone hates me and I should kill myself"" indicates the presence of suicidal thoughts and a negative self-perception. This shows a clear tendency towards self-harm or suicidal ideation."
Sundays are my suicide days.,suicide or self-harm,"The explicit mention of 'suicide days' suggests that the person is regularly experiencing suicidal thoughts or has planned specific days for self-harm or suicide. This statement indicates a high level of distress and a significant risk of self-harm or suicide, therefore indicating a suicide or self-harm tendency."
@luEAMh He always made sure I got his autograph. R. Petty made me cry cause he was too busy to sign so Dale gave me his own hat signed!,no mental disorder,This post does not contain any language or content that suggests the presence of mental disorders. It is simply expressing gratitude and excitement for receiving autographs from NASCAR drivers.
girls make me wanna kill myself ah whatt !,suicide or self-harm,"The language used in this post (""girls make me wanna kill myself"") suggests that the person is experiencing overwhelming emotions and expressing thoughts of self-harm or suicide in response to interactions with girls. This statement indicates a potential risk for self-harm or suicide, which falls under the category of suicide or self-harm tendency."
RT @xB7VWK2Ww9dG: a cute girl stopped behind my laptop as I was full screen on a pic of bread and I didn't know what to say so I stammered …,depression,"The post highlights a situation where the person felt awkward and unsure of what to say in a social interaction. This could suggest social anxiety, which is commonly comorbid with depression. The stammering and difficulty finding words could be indicative of low self-esteem or feelings of inadequacy, which are often associated with depression. Additionally, the person's focus on a picture of bread could suggest a lack of interest or pleasure in activities, which is another common symptom of depression. Overall, while there are no explicit statements about sadness or hopelessness, the context and behavior described align with symptoms commonly seen in individuals with depression."
This is what my life has become. I've seen 4 people in 9 months.,suicide or self-harm,"The post suggests a significant decrease in social interaction, with the person only seeing 4 people in 9 months. This could indicate a withdrawal from social relationships, which is commonly seen in individuals who are struggling with suicidal thoughts or tendencies. The phrase ""this is what my life has become"" implies a sense of hopelessness and despair in their current situation, further supporting the possibility of suicide or self-harm tendency."
Sometimes I think I'll die alone sometimes I think I'll die alone Sometimes I think I'll die alone live and breathe and die alone,suicide or self-harm,"The repetition and emphasis on the phrase ""I'll die alone"" suggests a preoccupation with death and feelings of isolation. The use of the phrase ""live and breathe and die alone"" further reinforces these thoughts. Such thoughts and feelings are commonly associated with individuals who have suicidal ideation or are at risk of self-harm. The repetition of the phrase also indicates a persistent and intrusive thought pattern, which is often indicative of a mental disorder related to suicide or self-harm tendency."
Sooooo damn excited about the modification on my bag!!!!! Wooop wooop!!! pic.twitter.com/VmKhTtX8c0,no mental disorder,"This post simply expresses excitement about a modification on a bag. There is no indication of distress, negative emotions, or any symptoms of a mental disorder."
I produce these videos for Kathy. She does a fantastic job and it is a great resource for teachers and parents. http://t.co/8dD8A1rh,no mental disorder,"This post simply states that the person produces videos for Kathy, who does a great job and provides a resource for teachers and parents. There is no indication of any distress or symptoms related to a mental disorder."
"RT @fXp5ncpbRwbeJ: @poAuGyMmHFzOS5a IM SO PROUD OF YOU, MAKE THAT ONE MONTH SIX MONTHS AND THOSE SIX, A YEAR, I BELIEVE IN YOU BABE, IM SO …",depression,"The use of phrases like ""I'm so proud of you"" and ""I believe in you"" suggests that the person being addressed might be going through a challenging time or facing difficulties. The repeated emphasis on time frames (one month, six months, a year) and the desire for progress could indicate a struggle with goals or motivation, which are common symptoms of depression. The expressions of support and affection (""babe"" and ""I'm so proud of you"") could also be seen as seeking validation or reassurance, which can be indicative of depression. Overall, the language and tone of the post suggest that the person may be experiencing depressive symptoms."
"Did I mention yet that, uh, I have tickets to see CATE BLANCHETT in STREETCAR? If you think you know how I'm reacting to that, you're right.",no mental disorder,"The post mentions excitement about having tickets to see Cate Blanchett in Streetcar. While the mention of reacting to the news suggests a strong emotional response, there is no indication that it is causing distress or triggering any symptoms of a mental disorder."
Thinking of the lucky bastards at #Glastonbury. No amount of crappy English weather can diminish this epic lineup glastonburyfestivals.co.uk/line-up/line-u…,no mental disorder,"This post is expressing envy towards those attending the Glastonbury festival and excitement about the lineup. While it may indicate a strong interest in music and a desire to attend the festival, there is no indication of any distress or symptoms that would suggest a mental disorder."
cant count the years on one hand that we've been together. I need the other to hold you; make you feel better~,depression,"The use of the phrase ""can't count the years on one hand"" suggests a long-standing relationship, which may indicate a sense of attachment and dependence. The line ""I need the other to hold you; make you feel better"" can be interpreted as seeking comfort and support from the person being addressed. This could indicate a lack of emotional well-being or a longing for someone to alleviate their distress, which are commonly associated with depression. Additionally, the emphasis on making the other person feel better implies a focus on their well-being rather than their own, which could be indicative of a depressive mindset. Overall, this post suggests feelings of sadness, emotional dependency, and a desire for support, which align with symptoms commonly seen in depression."
I have a feeling I'm going kill myself. Maybe not today or tomorrow or next month but I'll die by suicide,suicide or self-harm,"The explicit statement of ""I have a feeling I'm going to kill myself"" indicates clear suicidal ideation. Additionally, the mention of dying by suicide in the future suggests a persistent pattern of suicidal thoughts. This post demonstrates a significant self-harm tendency and indicates a need for immediate attention and intervention."
I just need to die. I was right all these years,suicide or self-harm,"The use of the phrase ""I just need to die"" clearly indicates suicidal thoughts or a desire for self-harm. Additionally, the statement ""I was right all these years"" suggests a long-standing struggle or belief that may have contributed to this individual's suicidal or self-harming tendencies. The combination of expressing a strong desire to die and a sense of being right about it indicates a high level of distress and potential risk for self-harm or suicide."
sorry i can’t talk guys i’m SUICIDAL LOOK AT MY ANGEL!!!! pic.twitter.com/AVtZusSbGW,suicide or self-harm,"The use of the phrase ""sorry i can't talk guys i'm SUICIDAL"" directly states that the person is experiencing suicidal thoughts. Coupled with the image of an angel, which could imply a desire for escape or a connection to death or the afterlife, this post suggests a strong tendency towards self-harm or suicidal behavior. The combination of the explicit statement and the visual content gives a clear indication of the individual's mental state and the potential risks they may be facing."
@TURBOCUNT @rhymebyter @unwoman dammit. Now I'm mentally re-writing Bob Dylan songs.,no mental disorder,"While the reply contains offensive language, there is no clear indication of any mental disorder. The post is simply expressing frustration or annoyance at the mentioned individuals for causing a mental rewriting of Bob Dylan songs. It does not suggest any significant distress or trigger symptoms related to a mental disorder."
"People don't die from suicide, they die from sadness.",no mental disorder,"While the statement can be seen as a reflection on the emotional toll of suicide, there is no indication that the person who wrote this post is personally experiencing any mental health issues or symptoms of a mental disorder. The statement could be seen as a general observation rather than a personal expression of distress or struggles related to mental health."
Please Please Please Please check out my latest YouTube Video... I hope you enjoy it and have a good laug... — Ok.. http://t.co/TltKXxvMyy,depression,"The use of the phrase 'Please Please Please Please' repeated multiple times suggests a sense of desperation and a strong desire for validation. This could be indicative of low self-esteem and a need for external affirmation, which are common symptoms of depression. Additionally, the mention of hoping for a good laugh could suggest an attempt to find joy or relief from negative emotions, which is another common behavior in people with depression. Overall, the language used in the post suggests that the person may be struggling with depression."
RT @b_judah: Why Russia is fucked in three charts. pic.twitter.com/Y855vDjobt,no mental disorder,There is no indication in this post that suggests the presence of any mental disorders. The post simply shares charts about Russia without any emotional or distressing language.
Damn I need a girl,no mental disorder,"This post does not provide any indication or evidence of a mental disorder. The statement ""Damn I need a girl"" is a common expression or sentiment. While it may suggest a desire for companionship or a romantic relationship, it does not suggest any symptoms or distress that would align with a mental disorder."
@jocke @jonathansulo 90% av rekonstruktioner slutar med konkurs.,no mental disorder,"There is no indication in the post that suggests the presence of any mental disorder. The content of the post appears to be a statement or statistic about business reconstructions often ending in bankruptcy. While it may involve a negative or concerning topic, it does not reveal any specific symptoms or behaviors related to mental health."
@hfG8ennJmUsq Thank you :) I am about to write a post explaining what happened and where we are. We appreciate your support &amp; prayers.,no mental disorder,"The post mentions that the person will be writing a post explaining what happened and where they are, and expresses appreciation for support and prayers. While the exact nature of the event is not specified, there is no indication that it involves trauma or any symptoms related to PTSD. The language used suggests a normal response to a situation where the person is about to provide an explanation and seeks support."
plus i went to menards and someone asked if i work there too like f u does it look like im wearing any blue?,depression,"There are a few things that suggest depression as the most likely mental disorder label for this post:
- The use of 'f u' suggests a negative emotion or frustration, which could be indicative of a low mood.
- The mention of someone asking if the person works at a store and the response of not wearing blue may suggest a lack of motivation or energy to put effort into their appearance, which can be a symptom of depression.
- The overall tone of the post seems negative and may indicate a lack of interest or enjoyment in daily activities, which is another common symptom of depression."
RT @rszdg9vdXGQM5: I hate it when I plan a conversation in my head and the other person doesn’t follow the script.,depression,"The post shows signs of depression based on a few factors: 
- The person expresses frustration and dislike when their planned conversation does not go as expected. This could suggest a lack of control or disappointment, which are common feelings experienced by individuals with depression.
- The mention of planning a conversation in their head demonstrates a tendency to overthink or ruminate, which is another common symptom of depression.
- The use of ""hate"" emphasizes the negative emotions associated with the situation, which could indicate a negative or pessimistic mindset often seen in individuals with depression.
Overall, while the post does not explicitly mention sadness or hopelessness, the underlying feelings of frustration, lack of control, and negative thinking patterns suggest that the individual could be struggling with depression."
how to commit suicide without feeling any pain?,suicide or self-harm,"The post directly mentions committing suicide without feeling pain, indicating a potential intention or desire to harm oneself. This suggests a self-harm tendency or suicidal ideation. The content of the post raises concerns about the person's well-being and suggests they may need immediate help and support."
"Please understand me: I’m breathing, not living. I wanna know if my soul’s worth saving",suicide or self-harm,"The use of phrases such as ""breathing, not living"" and questioning the worthiness of one's soul suggest feelings of hopelessness and despair. The plea for understanding and the desire to know if their soul is worth saving indicate a deep emotional struggle and a potential risk for self-harm or suicidal ideation. These thoughts and sentiments are indicative of a suicide or self-harm tendency."
"AND STOP USING CAPS LOCK RT @an_kam: HEY, DESIGNERS: STOP TRYING TO BE SO DAMNED CLEVER m.fastcodesign.com/3021554/innova…",no mental disorder,"This post does not provide any indication of mental disorders. It appears to be a simple request for people to stop using caps lock on a tweet. There is no mention of distress, negative emotions, or any other signs that would suggest the presence of a mental disorder."
"@i9B4SaE @gQBs6DzE8AlHZlm @xogxA9uPWmAZYW We fought in High Court, Court of Appeal, House of Lords &amp; ECHR for DoC &amp; LOST 300k+ for efforts!",no mental disorder,"The post mentions the person's legal battles in the courts, suggesting they have been fighting a legal case. While it may have been a stressful and possibly traumatic experience, there is no indication that this has resulted in any symptoms of a mental disorder such as PTSD. The post does not mention any symptoms or distress related to the legal battles, making it more likely that the person is simply expressing frustration or disappointment with the outcomes rather than experiencing any mental health issues."
someone pls end my life and thankss,suicide or self-harm,"The use of the phrase ""end my life"" clearly indicates a desire for someone to harm or potentially end their own life. The inclusion of ""thankss"" at the end may suggest a sense of resignation or hopelessness. This post is a clear expression of suicidal thoughts and should be taken seriously."
"""pretty darn smart"" BBC about luminous roads bbc.com/autos/story/20… pic.twitter.com/6KKda7W9RR",no mental disorder,"There is no indication in this post of any mental disorders. The post is sharing a link to an article about luminous roads, and the accompanying text does not express any distress or symptoms of a mental disorder. It appears to be a straightforward and neutral post without any signs of mental health issues."
@vSALORIceZsHHG2 hi babe its my birthday &amp; all i wished for was you 💖😋 i love you and i hope you have a nice day n,no mental disorder,"This post is a birthday message to someone the author is calling ""babe."" While the use of the phrase ""all I wished for was you"" and expressing love and well wishes could suggest some level of emotional dependence or desire for validation, it does not necessarily indicate the presence of a mental disorder. It could simply be an affectionate message from one person to another."
I don't know what Zolon was chasing but he ended up thru a hole in the fence we weren't aware of and out on the road. :(,no mental disorder,"The post describes a situation where a pet escaped through a hole in the fence and ended up on the road. While the use of the frowning face emoji suggests sadness or distress, there is no indication that it is causing any significant emotional distress or triggering any symptoms of a mental disorder. This post appears to be a simple expression of concern for a lost pet."
@o08CGhSNF hey. you take that back. did you forget how hardcore i was in middle school? let me reminisce in peace.,no mental disorder,"While the post does contain a slight hint of sarcasm and a mention of reminiscing, there is no clear indication of any significant distress or symptoms of a mental disorder. The tone of the post seems more lighthearted and playful rather than indicative of depression or any other mental disorder."
Umgang mit Shitstorms und Kritik: Wie weit geht mein Hausrecht bei Facebook-Kommentaren? allfacebook.de/policy/umgang-… via @allfacebookde,no mental disorder,"In this post, the person is discussing how to handle criticism and negative feedback on Facebook. There is no indication of any mental health symptoms or distress. The content of the post is purely informative and does not suggest any mental disorder."
"RT @eyLQ6jNeYJ: My favorite sex move is called ""the convertible"" it's when I pay an extra 10 grand so that your top will go down.",no mental disorder,"While this post may be inappropriate or offensive to some, there is no indication that it is a symptom of a mental disorder. It appears to be a joke or attempt at humor."
My freshman year I got my first boyfriend and everything was PERFECT. Guys wanted me and girls wanted to be me. I had everything until my,no mental disorder,"The post describes a positive experience (getting a boyfriend and feeling popular) and then abruptly cuts off with ""until my..."" which could suggest that something negative or distressing occurred. However, without further information or context, it is not possible to definitively assign a mental disorder label. It is important to consider that individuals can experience a wide range of emotions and experiences without necessarily having a mental disorder."
@wiemx @FuckupNight @letigasca congrats!,no mental disorder,There is no indication of any mental disorders in this post. It is simply a congratulatory message to multiple individuals or groups. There is no mention of any distressing emotions or symptoms that would suggest the presence of a mental disorder.
"For those that are not able to be at the Exodus Freedom ""True Story"" Conference in person, we have a way for you... http://t.co/FdtK6o7noG",no mental disorder,This post is simply promoting a conference for those who cannot attend in person. There is no indication of any mental disorders or distress in the content of the post.
"@Bloodymirova ако е така, очевидно не работи ;)",no mental disorder,"The post is written in a different language and the translation provided does not indicate any signs or symptoms of a mental disorder. It appears to be a casual response to someone else's statement and does not suggest any distress or mental health concerns. Therefore, the assigned label is ""No mental disorders."""
I kill myself with my own thoughts,suicide or self-harm,"The explicit statement of ""I kill myself with my own thoughts"" indicates a direct association between the person's thoughts and self-harm or suicide. This suggests that the person may be experiencing intense distress and struggling with suicidal ideation or self-harm urges. It implies a high level of emotional pain and potential risk for self-harm or suicidal behavior."
RT @if5rEu5s2KdqN4: Cyber-bullying isn't a real thing. Nobody should get bullied but it's your choice to sit on a computer and take it.,no mental disorder,"This post denies the existence of cyber-bullying and places the blame on the person being bullied, suggesting a lack of understanding or empathy for those who experience it. While this comment may be insensitive, it does not necessarily indicate a mental disorder."
I almost discharged myself but my abscess surgeon was incredibly supportive and said dr cut happy would have to get passed him first.,no mental disorder,"This post mentions a surgical procedure and receiving support from the surgeon, but there is no indication of any distress or symptoms related to a mental disorder. The content of the post suggests a positive interaction with a healthcare professional rather than any indication of a mental health issue."
@gSiW3fh_T @lCZfOaF Where he needs to go is Finland (Tornio) where they have open dialogue and 95% success rate because of humane care,no mental disorder,"The post is discussing a potential solution or location for someone who may be in need of mental health care. While it suggests that this person may benefit from open dialogue and humane care, there is no indication that the person posting has any mental disorder themselves."
"RT @uzKxd1SXZf: @tmAM5XeukQLpGKY @rXJYCLumrSP letters of compassion in Downing Street. They don't know the meaning of the word all except ""…",ptsd,"The use of the phrase 'compassion in Downing Street' suggests that the post is discussing a political or social issue. The mention of 'letters of compassion' could indicate that the person is expressing frustration or disillusionment with the lack of empathy or understanding from those in power. This could be indicative of a traumatic event or experience that has led to feelings of anger, resentment, or betrayal. Additionally, the phrase 'They don't know the meaning of the word all except...' suggests that the person feels that the people in question lack empathy or understanding, which can be a common symptom of PTSD. Overall, the language used in the post suggests a level of emotional distress and dissatisfaction with the actions or lack of empathy from others, which aligns with the symptoms of PTSD."
"NBC has spoken to one of the people who detained with the Pussy Riot members, said there were 9 people detained today in central Sochi.",no mental disorder,There is no indication in this post that would suggest the presence of any mental disorders. The post is simply relaying information about the detention of individuals in Sochi and does not reflect any personal or emotional distress.
RT @w8s13T7z: I WAS LOOKING AT PICTURES OF HARRY AND SMILING AND MY DAD WAS LIKE DONT YOU EVER GET BORED OF ONE DIRECTION LMFAOOOOO,no mental disorder,"This post shows someone enjoying pictures of Harry Styles and laughing at a comment made by their father. While it does not indicate any symptoms of depression or distress, it simply captures a lighthearted moment. There is no indication of significant negative emotions or mental health concerns."
I just liked a pic ofln someone's insta and it was from months ago ... Im going to kill myself,suicide or self-harm,"The mention of ""Im going to kill myself"" after the seemingly insignificant act of liking an old photo suggests that the person is experiencing a disproportionate reaction to a minor event. This extreme reaction and immediate mention of self-harm indicates a tendency towards suicide or self-harm. The connection between a small action and thoughts of self-harm raises concerns about their mental well-being and the need for immediate support."
Simon Cocking Thanks for following me!! twitter.com/SimonCocking,no mental disorder,There is no indication or mention of any symptoms or behaviors that would suggest the presence of a mental disorder in this post. It is simply a thank you message for someone following the poster on Twitter.
@OrnyD @kim617 I reckon we have our first 'think-in' the week of Nov 3rd to strategise. Preferably over cocktails,no mental disorder,"This post does not show any signs or symptoms of mental disorders. It appears to be a casual conversation between individuals discussing a future meeting to strategize. The mention of cocktails suggests a social gathering, but there is no indication of distress or any triggers for mental disorders."
Never sleep without a dream Never wake up without a purpose,no mental disorder,There is no indication in this post that suggests the presence of any mental disorders. The content is philosophical and suggests a positive mindset or attitude towards life rather than any distress or symptoms commonly associated with mental disorders.
@kcalWErRTlO8Yy @h2bGB5vKv8R I wish for my daughter to go somewhere that offers therapeutic care and there is not many places in the UK.,no mental disorder,"While the post mentions a wish for therapeutic care for the poster's daughter, there is no indication of any personal distress or symptoms that would suggest a mental disorder. The post simply expresses a desire for a specific type of care that is not readily available in the UK."
just end my life fam,suicide or self-harm,"The post explicitly states a desire to end one's life, suggesting a strong indication of suicidal ideation. The use of the word 'fam' suggests that this person may not have a strong support system or feel connected to others, which can be factors that contribute to suicidal tendencies."
Sumn bout today makes me wanna fuckin kill myself. I am really not feeling ok for some reason.,suicide or self-harm,The use of phrases such as 'wanna fucking kill myself' and 'not feeling ok for some reason' indicate a strong sense of despair and distress. Expressing a desire to harm oneself and feeling the need to mention it suggests a potential suicidal or self-harm tendency. The post demonstrates a significant level of emotional pain and a possible cry for help.
Someone book Kong at electrodome next year,no mental disorder,"This post does not contain any indication of mental disorders. It is a simple request or suggestion to book someone at a specific venue for an event, which does not suggest any distress or symptoms of a mental disorder."
RT @iEBqSm2A: Never judge one another by how someone appears or by what you hear. Reputation doesn't decide character or integrity.,no mental disorder,"This post does not mention any symptoms or experiences related to mental health. It is simply a statement about not judging others based on appearances or rumors. While it may indicate a belief in fairness and empathy, there is no indication of any mental health struggles or symptoms present in this post."
"@bjornario Den infridde for meg også, selv om jeg var tvilende den første timen. Endte til slutt opp som en fantastisk film.",no mental disorder,"This post is in a foreign language, so it is difficult to fully understand and analyze the content. Without a clear understanding of the message being conveyed, it is not possible to determine if there are any indications of mental disorders."
"@hi95bJci basically, our school district will fall apart if it doesn't pass. We'll lose all music/art classes. Almost all sports and cheer:/",depression,"The post mentions the potential loss of music/art classes, sports, and cheerleading, which are often sources of joy and connection for students. The statement that the school district will ""fall apart"" without these programs suggests a sense of hopelessness and despair. This, along with the use of sad emojis (:/), implies low mood and a potential struggle with depression."
@AngusM1966 bloody hell. You read it in 5 mins??,no mental disorder,There is no indication in this post of any mental disorder. It is simply a response to someone stating that they read something in five minutes. The content of the post does not reflect any distress or symptoms of a mental disorder.
"@educasanova12 también estará en @sxsw con el cortometraje ""Eat my Shit"" ciudadanoskine.com/2016/03/repres… pic.twitter.com/lbEwLZEg1b",no mental disorder,There is no indication or mention of mental disorders in this post. It appears to be a tweet promoting a short film and providing a link to an article about it.
"""Perfectly Placed Dots"" - This is more of a spiritual musing than an art update, but it is both. In it I share an... http://t.co/3O09qe60zr",no mental disorder,The post describes a spiritual musing and an art update. There is no indication of any distress or symptoms of a mental disorder in the post.
My mom always listen to my older sister and my sis tell a lay one me and I am the bad one the her I fell lick I'm going to kill myself pic.twitter.com/D46tbwDC6M,suicide or self-harm,"The use of phrases such as ""I feel like I'm going to kill myself"" suggests that the person is experiencing thoughts of self-harm or suicide. The mention of feeling like the ""bad one"" and the perceived betrayal by their sister may be contributing factors to their distress. The overall tone of the post indicates a significant level of emotional pain and the potential for self-harm or suicidal thoughts."
"If I've ever loved you, I'll always want what's best for you in the end. No matter if your in or out out my life.",suicide or self-harm,"The phrase ""If I've ever loved you, I'll always want what's best for you in the end"" suggests a strong sense of attachment and care for others. However, the addition of ""No matter if you're in or out of my life"" implies a potential willingness to sacrifice one's own happiness or well-being for the sake of others. This self-neglect and disregard for personal boundaries can be indicative of a self-harming or self-destructive tendency. It suggests that the individual may prioritize the well-being of others over their own, potentially putting themselves at risk."
WHO THE FUCK WANTS TO DIE ALONE?! #somenights @ournameisfun,no mental disorder,"This post includes strong language and expresses frustration with the idea of dying alone. While this sentiment could suggest feelings of loneliness or fear of isolation, there is no other indication in the post that would suggest significant distress or trigger symptoms of a mental disorder. It's important to note that strong emotions and expressions do not always indicate the presence of a mental disorder. In this case, it is more likely an expression of frustration or a rhetorical question rather than a reflection of a mental health condition."
IM GOING TO FUCKING KILL MYSELF THIS IS NOT A JOKE THIS IS MY FUCIJG LIFE IM NOT JOKING,suicide or self-harm,"The explicit statement of ""I'm going to fucking kill myself"" clearly indicates a strong intention for self-harm or suicide. The use of capital letters and expletives emphasizes the intensity of the emotion and the seriousness of the statement. The repetition and emphasis on the phrase ""this is not a joke"" also suggests the person's urgency and determination to carry out their intentions. Overall, this post strongly indicates a suicide or self-harm tendency."
Why do i eat so many waffles and then complain when I have to go to the bathroom for hours and hours on end #thestruggle,no mental disorder,"The post describes a struggle with eating too many waffles and experiencing gastrointestinal distress as a result. While this may be an unpleasant experience, it does not indicate any symptoms of a mental disorder such as PTSD, depression, or self-harm tendencies."
@vSALORIceZsHHG2 hi babe its my birthday all i wished for was you i love you have a nice day 💖😋 x26,depression,"There are a few things in this post that suggest depression as the most likely mental disorder label:

- The author of the post addresses someone as 'babe' and expresses love towards them, indicating a potential desire for connection and affection, which can be common in individuals with depression who struggle with social isolation and lack of support.
- The author also mentions that it's their birthday and states that all they wished for was the person they're addressing. This could suggest a sense of loneliness or a lack of fulfillment, which are common experiences for individuals with depression.
- The use of emojis such as 💖 and 😋, along with the repetition of 'x26', could potentially be seen as an attempt to overcompensate for the lack of physical affection or positive emotions, which is often a telling sign of depression.

Overall, while the post does not explicitly mention feelings of sadness or hopelessness, the implicit elements in the text suggest that the person who wrote it may be struggling with depression."
@dcGOmds1gSY8 cont. Very interested in UFO phenomenon and claimed the government had captured a downed spacecraft. I don't know what he did?,no mental disorder,"While the post mentions an interest in UFO phenomenon and a claim made by someone, there is no indication of any distress or symptoms of a mental disorder. The post simply raises a question about what the person did, suggesting curiosity rather than any indication of mental health concerns."
"Thoughtful on #Leadership: LeBron's handling of Blatt not only ""unbecoming""...""he's too damn good to behave this way"" es.pn/1Rd85Jm",no mental disorder,"This post appears to be discussing LeBron James' handling of a situation involving David Blatt. While there may be some criticism of LeBron's behavior, there is no indication of any mental disorder being present in this post. The discussions around leadership and behavior do not suggest any distress or symptoms that would be indicative of a mental disorder. Therefore, the assigned label is ""No mental disorders."""
"If my GP refused to provide medical info to DWP it would literally, end my life. My benefits would be cut, and I would kill myself.",suicide or self-harm,"The post mentions the possibility of the person's GP refusing to provide medical information to the DWP, which would result in their benefits being cut. The person states that this situation would ""literally end my life"" and that they would ""kill myself."" These statements indicate a strong emotional and psychological response to the potential outcome, suggesting a suicide or self-harm tendency. The person expresses such distress and desperation that they feel their life would be at stake if their benefits were cut."
DAMN. HBO on Amazon Prime streaming services... buff.ly/1jMOpfE,no mental disorder,"This post is simply sharing information about HBO being available on Amazon Prime streaming services. There is no mention of any emotional distress, symptoms of a mental disorder, or any other indicators that would suggest the presence of a mental disorder. Therefore, the label of ""No mental disorders"" is assigned."
@AleResnik ... fuckn hard.,no mental disorder,"There is no indication in this post that suggests the presence of any mental disorder. It simply contains a short, casual response that includes strong language."
"my motivation was my nonexistent self esteem, physical health issues, depression and suicidal thoughts. i felt so bad, i wanted to die.",suicide or self-harm,"The post explicitly mentions ""my nonexistent self esteem, physical health issues, depression and suicidal thoughts"" and emphasizes feeling ""so bad"" to the point of wanting to die. This indicates that the individual is dealing with a significant level of distress and has experienced or is experiencing suicidal thoughts, indicating a tendency towards self-harm or suicide."
Darnit @johnlegend has me crying early in the morning! All of me is an absolutely beautiful song & video is amazing. I love love!,no mental disorder,"This post shows a positive emotional reaction to a song and video, expressing love and appreciation. There is no indication of distress, negative emotions, or any symptoms of a mental disorder. Therefore, the label ""No mental disorders"" is appropriate for this post."
"""Don’t walk behind me; I may not lead. Don’t walk in front of me; I may not follow. Just walk beside me and be my... http://t.co/1E2Ci2KC_w",no mental disorder,This post is a quote about friendship or companionship and does not indicate any symptoms or experiences related to mental disorders.
"Sehr dicke US-Post für Rohstoffplatz Schweiz: ""Putin has investments in @Gunvor and may have access to its funds."" treasury.gov/press-center/p…",no mental disorder,"There is no indication in this post that suggests any symptoms or signs of a mental disorder. The content of the post is about political and financial matters, specifically mentioning investments and access to funds. There is no mention of any emotional distress, negative thoughts, or any other symptoms that would suggest the presence of a mental disorder. Therefore, the assigned label is ""No mental disorders""."
Going to end my life lol see ya later haha,suicide or self-harm,"The post explicitly expresses the intention to end one's life and uses phrases like ""lol"" and ""haha,"" indicating a potentially dismissive or casual attitude towards the subject. This combination of severe self-harm or suicide ideation with a casual tone is concerning and suggests a self-harm or suicide tendency."
RT @c_eZ7ZOvC: thinking about college is weird. thinking about being an adult is weird. are u sure im not 12? im pretty sure im still 12,depression,"There are a few things that suggest depression as the most likely mental disorder label for this post:

- The author mentions feeling odd or weird when thinking about college and being an adult. This could indicate a lack of motivation or interest in these aspects of life, which can be a symptom of depression.

- The author expresses uncertainty about their age, stating that they still feel like they're 12. This could suggest a feeling of being stuck or regressed, which is common in depression.

- The use of the phrase ""thinking about being an adult is weird"" suggests a lack of confidence or apprehension about growing up, which can also be a symptom of depression.

Overall, while this post does not explicitly mention feeling sad or hopeless, the themes and language used suggest that the person who wrote it may be experiencing depression."
"RT @dOvBGmDSi_wx3F: Wtf I never knew ""bae"" meant ""before anything else"". I always thought it was a ghetto word for the word babe. #Mindblown",no mental disorder,"This post shows surprise and confusion over the meaning of the word 'bae'. While it may indicate a lack of knowledge or understanding, it does not suggest any symptoms or indicators of a mental disorder. The use of the term 'ghetto' could be seen as insensitive or offensive, but it does not necessarily imply a mental disorder."
I want to kill myself https://twitter.com/HawkEyexi08/status/913834120962281472 …,suicide or self-harm,The explicit statement of wanting to kill oneself clearly indicates a strong suicidal ideation. This suggests that the individual is experiencing a significant level of distress and may be at risk for self-harm or suicide.
If its not on the merch store I’ll kill myself jk,suicide or self-harm,"The use of the phrase 'I'll kill myself' even though followed by 'jk' (just kidding) suggests that the person is having thoughts or fantasies about self-harm or suicide. While they may be using the phrase jokingly, it still indicates a level of distress and should be taken seriously. Thoughts of self-harm or suicide should always be treated with caution and appropriate support should be provided."
"RT @lb6xkuz7EW: NEW VIDEO: What's Your Sex Song?! http://t.co/wmH4jIxWn~ Retweeters, i'll be DM'ing a few of you photos of nuggets and a k…",no mental disorder,"This post does not indicate any symptoms or experiences related to mental disorders. It is simply promoting a new video and offering a reward for retweeting. There is no mention of any distressing symptoms, trauma, or signs of mental health issues."
I always look forward to reading the #brunch from Hindustan Times @virsanghvi .. Very pissed of it was not included today.. Who stole it ??,no mental disorder,"This post does not show any indications of mental disorders. The person expresses annoyance and disappointment at the brunch not being included, but there is no evidence of significant distress or symptoms that would suggest a mental disorder. It appears to be a normal reaction to a missed article or content they were looking forward to."
"However much you run after healthy food and exercising, its not worth living longer in this world just to see everything all over again .",suicide or self-harm,"The language used in this post suggests a sense of hopelessness and a lack of value in continuing to live. The statement ""it's not worth living longer in this world"" implies a desire to end one's life. The mention of running after healthy food and exercising could suggest that the person has been trying to improve their physical health but doesn't find it meaningful or fulfilling. This combination of hopelessness, lack of purpose, and disregard for personal well-being raises concerns about potential suicidal or self-harm tendencies."
@h8FROzsb5wLMjun Elizabeth described this place as prison. You cannot do a drug free period in just 2 weeks! Even I as a mother know that.,no mental disorder,"The post is a response to someone's description of a place as a prison. While it could be interpreted as a negative statement, there is no indication that it is causing significant distress or triggering symptoms of a mental disorder. Additionally, the mention of a drug-free period and the role of being a mother does not provide enough information to suggest any specific mental disorder."
Not to be dramatic but I'm on day 4 of having a canker sore and I want to kill myself,suicide or self-harm,"The statement ""I want to kill myself"" indicates a strong suicidal ideation and suggests that the person is experiencing significant distress and despair due to their physical discomfort. While it is important to note that this post may contain exaggeration or hyperbole, the use of such extreme language and the connection between a canker sore and suicidal thoughts raises concerns for suicide or self-harm tendency. This statement should be taken seriously and appropriate support or intervention should be provided."
Actually I'm just gonna kill myself I've had enough,suicide or self-harm,"The post explicitly states the intention to kill oneself, indicating a clear self-harm or suicide tendency. The phrase ""I've had enough"" also suggests a sense of hopelessness and a desire to escape from emotional pain or distress."
Strong comment by @ECFR CEO Dick Oosting on #medcrisis: A principled approach to migration disq.us/8n2q6a @amnesty_de @mattiatoaldo,no mental disorder,"This post appears to be a comment from a CEO on the topic of migration. While the comment may be strong or controversial, there is no indication that it is related to mental disorders. The content of the post is focused on a political or social issue, rather than displaying any symptoms or signs of a mental disorder. Therefore, the assigned label is ""No mental disorders."""
See my answer on @tGTZ to: I relieve a lot of gas in my sleep &amp; my fiance said that when I do ... #abdominalgas http://t.co/cTOOb7ms,no mental disorder,"The post is asking for advice or sharing a personal experience related to relieving gas during sleep. There is no mention or indication of any distress or symptoms related to mental health, so it would be inappropriate to assign a mental disorder label to this post."
"@_tanngERINe I sleep less, stress more, and want to kill myself",suicide or self-harm,"The post explicitly mentions wanting to kill oneself, which is a clear indication of suicidal ideation. The use of phrases such as 'I sleep less' and 'stress more' also suggest that the person may be experiencing heightened distress and potentially struggling with mental health issues. This combination of factors strongly suggests a tendency towards suicide or self-harm."
fuck god ill kill him myself,suicide or self-harm,"The use of explicit and aggressive language towards a higher power, combined with the statement ""I'll kill him myself"" suggests a high level of distress and anger. The mention of killing oneself and expressing a desire to harm God indicates a possible suicidal or self-harm tendency. The intensity of the language used raises concerns about the person's mental well-being and their potential risk for self-harm."
"MT @kathrynschulz Elected to Congress: the 1st disabled woman, 1st openly lesbian woman, 1st Asian woman. Binder full of fucking awesome.",no mental disorder,There is no mention or indication of any mental disorder in this post. The content is focused on celebrating the achievements and diversity of individuals elected to Congress and does not include any language or behavior that suggests mental health struggles or symptoms.
Please see my answer on @tGTZ to: Is it an emergency if you are having sudden pains in you knees #kneepain http://t.co/RXzwu1Um,no mental disorder,The post is simply providing an answer to a question about knee pain and does not indicate any symptoms or experiences related to mental disorders.
Estrenando Avatar! Muchas gracias a todos por participar y a los finalistas @darniosalamanca @futbolcolex @Triperinho Los voy a usar los 3!!,no mental disorder,There is no indication in this post that suggests the presence of any mental disorders. The content of the post is simply expressing gratitude and excitement for using a new avatar and thanking others for their participation.
RT @pw9EwEhhnakyR: May you be safe. May you be happy. May you be healthy. May you live with ease. #metta #lovingkindness #realhappiness,no mental disorder,"This post is expressing well wishes and positive intentions towards others, using phrases like ""May you be safe"" and ""May you be happy."" While the hashtags may suggest a focus on mental well-being and happiness, there are no indicators of distress or symptoms of a mental disorder present in the post."
"At Quirky, we mean what we say. #quirkyinc #getshitdone #corevalues @ Quirky instagram.com/p/ZGBI8KLu4R/",no mental disorder,"This post appears to be a business promotion or advertisement for the company Quirky. It does not contain any content or language that indicates the presence of mental disorders, suicide or self-harm tendencies, depression, or PTSD. Therefore, the label assigned would be ""No mental disorders."""
im crying listening to diana bc this song is basically what ive wanted the boys to tell me for three years and here it is in a song,depression,"This post suggests depression as the most likely mental disorder label for a few reasons: 
- The person is crying while listening to a song. Crying is often an expression of intense emotions, including sadness and despair, which can be symptoms of depression.
- The person states that the song is ""basically what I've wanted the boys to tell me for three years."" This suggests a desire for validation, connection, and support, which are all common struggles for individuals with depression.
- The person's statement implies that they have been longing for these affirmations for an extended period of time, indicating a chronic and pervasive feeling of emptiness or unmet emotional needs, which are characteristic of depression."
@sangramvajre I’d start with a few personal conversations. “Cut through the crap of the B2B noise” sounds fake to me.,no mental disorder,"There is no indication in this post of any mental disorder. The content of the post simply expresses a personal opinion and perspective on a statement made by someone else. There is no mention of distress, emotional difficulties, or any symptoms commonly associated with mental disorders. Therefore, the assigned label is ""No mental disorders."""
"big sister deez told me i was ""squirrely"" today, in reference to my jammer advantages. i have never more enjoyed being compared to a rodent.",no mental disorder,"This post does not show any symptoms or indications of a mental disorder. It appears to be a lighthearted and positive response to being called ""squirrely"" by the person's sister. There is no mention of distress, negative emotions, or any other signs typically associated with mental disorders."
Shit Happens pic.twitter.com/UfFI9HhW59,no mental disorder,"There is no explicit mention of any mental health symptoms or distress in this post. The phrase ""Shit Happens"" is a common colloquialism used to express the idea that unfortunate or unexpected events can occur in life. While it is possible that the person who posted this may be experiencing some level of stress or frustration, there is not enough information in the post to suggest the presence of a mental disorder."
Wie wirkt sich die Digitalisierung auf die Arbeitsmärkte aus? Wirtschaftsnobelpreisträger Christopher Pissarides. pic.twitter.com/2onmNd6Dlo,no mental disorder,"This post is in German and translates to ""How does digitization affect labor markets? Nobel laureate Christopher Pissarides."" The content of the post does not mention anything related to mental health or show any signs of distress or mental disorder. Therefore, it can be concluded that there are no mental disorders indicated in this post."
"""Hi, this is Elizabeth I have never been happier - I am in a good place here"" How is everyone on Twitter?",no mental disorder,"The post begins with a positive statement, expressing happiness and being in a good place. There is no indication of any distress, symptoms, or experiences related to mental disorders. The subsequent question about how everyone is on Twitter appears to be a general inquiry and not related to any specific mental health concerns."
my worst fear just happened to me and im going to kill myself WHY DONT I HAVE 280 CHARACTERS YET,suicide or self-harm,The post explicitly mentions the person's worst fear happening and states that they are going to kill themselves. This indicates a strong indication of suicidal thoughts or self-harm tendencies. The intense emotional distress expressed in the post further supports the assigned label. The mention of not having 280 characters yet is not relevant to the person's mental state and does not affect the reasoning for the assigned label.
Is it possible to take an unconditional and friendly approach to someone who just called me a false prophet? I... http://t.co/I~RRQb6NTg,no mental disorder,"The post describes a situation where the person was insulted or called a false prophet. While this could potentially cause some distress or emotional reaction, there is no indication that it is causing any significant distress or triggering symptoms of a mental disorder."
@wZ4WVuV8ek9oyKJ @1kpJtaXqGsP4Paw hell no. She's 4 like what can she do? Oh wait.... Be Christi's daughter cuz abby has no class,no mental disorder,"The post appears to be a response to something negative about a person named Abby and her daughter, and expresses a negative opinion about them. While it may contain mean-spirited or rude language, there is no indication that it is a result of any mental disorder."
"@kqg10N78UKa0eZ4 you need a parent there and you also have to get the consent form notarized the day you wanna get it pierced, every where",depression,"There are a few reasons why depression could be the assigned label for this post:

1) The use of '@kqg10N78UKa0eZ4', which appears to be a random string of characters, suggests a lack of personal connection or support. People with depression often struggle with social isolation and a lack of support, so the use of impersonal or unidentified contacts can be a red flag.

2) The mention of needing a parent present and a consent form notarized indicates that the person may be underage and seeking permission for something. This could suggest a lack of control or autonomy in their life, which can be a common theme in individuals with depression.

3) The use of the word 'everywhere' at the end of the post may indicate a sense of hopelessness or being overwhelmed. People with depression often experience feelings of helplessness or a belief that their problems are pervasive and insurmountable.

Overall, while this post does not explicitly mention feelings of sadness or hopelessness, the language and context of the post suggest that the person may be experiencing symptoms of depression."
i wonder if i had home and i wonder if i'll also care as little tomorrow about that homework as i do right now,depression,"The use of phrases such as ""I wonder if I had home"" and ""I wonder if I'll also care as little tomorrow"" suggest a lack of motivation and interest, which are common symptoms of depression. The mention of homework and the apathy towards it could also indicate a lack of energy or difficulty in focusing, which are additional symptoms associated with depression. Overall, the sentiment expressed in this post seems to align with the low mood and lack of motivation commonly experienced in individuals with depression."
"RT @csT4GIj54U6T: The more you try to control something, the more it controls you. Free yourself, and let things take their own natural cou…",depression,"There is nothing in this post that suggests any symptoms or indications of a mental disorder. The content of the post is a general statement about control and letting go, which does not point to any specific mental health condition. Therefore, the assigned label would be ""No mental disorders."""
@vSALORIceZsHHG2 hi babe its my birthday all i wished for was you i love you have a nice day 💖😋 x33,depression,"There are a few factors in this post that suggest a label of depression:

1. The use of terms like ""babe"" and expressing love for the person addressed could indicate a need for emotional connection and support, which is often seen in individuals with depression who struggle with feelings of loneliness and isolation.

2. The mention of it being their birthday and expressing that all they wished for was the person they are addressing suggests a desire for validation and affirmation, which can be common in individuals with depression who seek external sources of self-worth and happiness.

3. The use of emojis can also be seen as a way to compensate for the lack of physical affection and emotional expression, which are often associated with depression.

Overall, while the post does not explicitly mention feeling sad or hopeless, the underlying themes and implicit emotions suggest that the person who wrote it may be experiencing symptoms of depression."
"One day, I will never wake up and i will finally be happy.",suicide or self-harm,"The mention of never waking up and being happy suggests a desire or longing for death, which is indicative of suicidal thoughts or self-harm tendencies. The statement expresses a belief that happiness can only be achieved through not being alive, which is a concerning perspective and suggests a mental disorder related to suicide or self-harm."
"I've kept my past emotional/mental struggles very quiet, few people are aware of them. Whenever I see stories about young people taking their life it breaks my heart. I've decided to make a video on my story soon. Please, if you are having suicidal thoughts call 1-800-237-8255 pic.twitter.com/VYjVJvkcAl",suicide or self-harm,"The author of this post mentions having past emotional/mental struggles and being aware of young people taking their lives, which suggests that they have personal experience or knowledge related to suicide or self-harm. The fact that they are planning to make a video sharing their own story further indicates that they have dealt with these issues themselves. Additionally, they provide a helpline number for those experiencing suicidal thoughts, which shows a concern for others who may be going through similar struggles. Overall, the content of this post strongly suggests a suicide or self-harm tendency."
"After getting SICK of Iris during our three-week intensive arrangement of it this summer, I am finally listening to it again. Love.",no mental disorder,"There is no indication in this post that suggests the presence of any mental disorder. The use of the phrase ""getting SICK of Iris"" could imply a feeling of annoyance or frustration, but there is no evidence to suggest that it is causing significant distress or triggering any symptoms of a mental disorder. The mention of listening to the song again and feeling love could simply be a personal preference or change in mood."
I came home from the ER and was really depressed and explosive. I missed my boyfriend. I felt worthless and like shit. A few days after I,depression,"This post describes symptoms commonly associated with depression, such as feeling depressed and explosive, feeling worthless, and describing oneself as feeling like shit. The mention of missing the boyfriend suggests a possible trigger for these feelings, but it does not necessarily indicate PTSD."
"this weekend, ani d. and melissa ferrick covered woody guthrie and dueted on 32 flavors. then anais + full company sang hadestown. #heaven",no mental disorder,There is no indication in this post that would suggest the presence of any mental disorder. The content simply describes a musical event and expresses enjoyment or excitement. There is no mention of any distressing symptoms or experiences that would align with a mental disorder.
my parents will never know how suicidal I am.,suicide or self-harm,"The use of the word 'suicidal' directly indicates that the person is experiencing thoughts or tendencies related to self-harm or suicide. This post expresses a feeling of hopelessness and a desire to keep these thoughts hidden from their parents, suggesting that the person may be struggling with a strong urge to engage in self-harming behaviors."
My ex texts me and has a regular convo with me only to tell me that he has nothing to do with me.... #fuckyou,no mental disorder,"The post expresses anger towards an ex-partner and uses profanity, but there is no indication of any symptoms or experiences related to a mental disorder. The content of the post is more reflective of a negative emotional reaction to the ex's behavior rather than a manifestation of a mental disorder."
Thanks for making us do a project on a calculator program which not even the school has! And of course no one will lose their calculator evr,no mental disorder,"The post expresses gratitude for being assigned a project on a calculator program. While the phrase 'not even the school has' suggests that the calculator program is uncommon or unique, there is no indication of any distress or symptoms of a mental disorder."
"Being on shift with @lauren07davies genuinely makes me not wanna kill myself , always end up fighting",suicide or self-harm,"The use of the phrase ""not wanna kill myself"" suggests that the person has thought about or considered self-harm or suicide. This is further supported by the statement that being on shift with @lauren07davies makes them not want to kill themselves, indicating that the presence or support of this person is influencing their suicidal thoughts. Additionally, the statement ""always end up fighting"" suggests a potentially volatile or chaotic environment, which could contribute to feelings of distress and thoughts of self-harm."
@wFAS9qGg @rsyg5 I'm so pissed off. Didn't even leave a driver name or time of delivery. Haven't had trouble from other courier companies,no mental disorder,"This post expresses frustration and dissatisfaction with a courier company's service. While the use of the phrase 'so pissed off' suggests anger, there is no indication that it would cause any significant distress or trigger any symptoms of a mental disorder."
"En route to a suicidal female. She’s already rung the crisis team for help, they’ve advised her to go to bed",suicide or self-harm,"The post indicates that the individual is en route to a suicidal female who has already sought help from the crisis team. The fact that the crisis team has advised her to go to bed suggests that she may be in a crisis situation that requires immediate attention and intervention. This indicates a potential suicide or self-harm tendency, as the person's mental state seems to have reached a critical level where professional help is necessary to ensure their safety."
"Amo a Nolan. Tanto como a Philp K Dick, Verne, Asimov, Bradbury, Sagan o Kubrick.",no mental disorder,"In this post, the person is expressing their love for various authors and filmmakers. There is no indication of distress, negative emotions, or symptoms of a mental disorder. The content of the post is simply a statement of appreciation for these creators, and there is no evidence to suggest any mental health concerns. Therefore, the assigned label is ""No mental disorders."""
"RT @fRxXttKwXyW: i fall too quickly, i trust too soon, and i always regret it because nobody stays and nobody cares",depression,"The post expresses feelings of falling too quickly, trusting too soon, and feeling regret when people leave or don't care. These statements suggest a pattern of unstable relationships and emotional vulnerability, which are common in individuals with depression. People with depression often struggle with low self-esteem, feelings of worthlessness, and a fear of abandonment or rejection. The content of this post aligns with these symptoms and suggests that the person may be experiencing depression."
like i said before and you saw but i'm gonna say it again your music makes me want to kill myself less which is such a feat you're amazing,suicide or self-harm,"The post explicitly mentions that the person's music makes them want to ""kill myself less,"" indicating a struggle with suicidal ideation. The mention of feeling less inclined to self-harm suggests a history or current tendency towards self-harm. Both these factors strongly suggest a suicide or self-harm tendency."
and the likelihood of getting a similar scene with the big 3 is making me want to kill myself immediately,suicide or self-harm,The use of the phrase 'want to kill myself immediately' clearly indicates suicidal thoughts or self-harm tendencies. The mention of a specific trigger (the likelihood of getting a similar scene with the big 3) suggests that there may be deeper emotional distress or mental health issues contributing to the strong and immediate urge to harm oneself.
RT @i8EXe4MCH3Y: @rXJYCLumrSP @gjN0r9mpdYU4 @uGvoRIdFqOh we only suffered 5yrs of lies &amp; coverups! How u have continued for so long :((,ptsd,"The content of this post suggests a possible experience of trauma. The mention of '5 years of lies & coverups' implies some form of betrayal or deception, which can be triggering for individuals with PTSD. The use of emoticons (':((') can be seen as a representation of distress or emotional pain. Overall, the post indicates a level of emotional distress and potential trauma, which aligns with the diagnosis of PTSD."
“I got into politics because I give a damn.” Watch previews for @KillerMike’s 6-part interview with @BernieSanders. thefader.com/2015/12/14/kil…,no mental disorder,"This post does not display any symptoms or indications of mental disorders. The content is focused on political involvement and sharing a link to an interview. There are no suggestive statements or behaviors that would indicate a mental disorder such as suicide/self-harm tendencies, depression, or PTSD."
RT @1We3v60oh: I have yet found a person who deserves me and everything i do and I doubt I will anytime soon.,depression,"The post suggests feelings of low self-worth and a lack of connection or validation from others. The statement of not finding a person who deserves them and doubting it will happen anytime soon indicates a sense of hopelessness and a negative view of oneself. These thoughts and emotions align with symptoms commonly experienced by individuals with depression, such as low self-esteem, feelings of worthlessness, and a pessimistic outlook on the future."
"""@ggirpeJSIHsWS: Have not watched dexter all day, that's terrible and it's about to change in a couple minutes"" me w House",depression,"There are a few reasons why depression would be the most likely mental disorder label for this post: 

- The poster mentions having not watched Dexter all day and expresses that this is ""terrible"" and that it's about to change in a couple of minutes. This suggests a lack of motivation or interest in engaging in activities that were previously enjoyed, which is a common symptom of depression. 
- The response also includes the phrase ""me w House,"" which could be interpreted as a desire to escape or dissociate from reality by immersing oneself in television shows. This could be seen as a form of avoidance or coping mechanism, which are also common in people with depression.
- Overall, there is a sense of low mood and a lack of enthusiasm in the post, which aligns with depressive symptoms. While it is possible that the poster is simply expressing a temporary disappointment or frustration, the combination of these factors suggests that there may be underlying depressive tendencies."
Please see my answer on @tGTZ to: Hi i was wondering what my chances are of getting pregnant whil... #pregnancy http://t.co/5F7Cte1N,no mental disorder,The post is requesting information about pregnancy and does not show any indications of mental health struggles or distress.
RT @hZ1DOk8: @rXJYCLumrSP my son denied the allegations &amp; he was being truthful but still was pursued regardless of supporting evidence yet…,ptsd,"There are a few factors that suggest PTSD as the most likely mental disorder label for this post: 
- The mention of allegations and supporting evidence implies that the person's son has been accused of something and has had to defend himself. This can be a highly distressing and traumatic experience, especially if the accusations are false or unjust.
- The mention of being pursued regardless of supporting evidence suggests a sense of injustice and violation, which can be traumatic and trigger symptoms of PTSD.
- The use of language like ""denied"", ""truthful"", and ""regardless of supporting evidence"" indicates a struggle with proving innocence and a sense of frustration or helplessness, which can be common among those experiencing PTSD symptoms.
Overall, this post suggests that the person has experienced a trauma-related situation involving allegations and the pursuit of justice, which aligns with the symptoms and experiences associated with PTSD."
Please check out my answer on @tGTZ to: I have a massive (ok ... very large) lump beneath my labia maj... #lump http://t.co/3BF5cgsg,no mental disorder,"This post is discussing a physical health issue (a lump) and does not mention any symptoms or experiences related to mental health. Therefore, there is no indication of any mental disorder."
"RT @mrwUuA4LQ: I feel bad when I see a depressed person, because I've felt your pain &amp; know that it's a horrible feeling to break.",depression,"The author of the post expresses empathy and understanding towards depressed individuals, stating that they have felt their pain and know how horrible it is. This suggests that the author has personal experience with depression and can relate to the feelings and emotions associated with it. The use of words like ""feel bad"" and ""horrible feeling"" further indicate a negative emotional state, which is commonly associated with depression. Overall, the post suggests that the author has experienced depression and is able to empathize with others who are going through a similar struggle."
RT @p3EoXHaI: money cant buy hapiness but hapiness cant buy anything. hapiness cant buy food but u kno wat can? money. this advertisment pa…,depression,"The post reflects a negative view on happiness and the connection to money. The poster emphasizes that happiness cannot buy anything, including food, and suggests that money can fulfill those needs. This perspective can indicate a distorted or pessimistic belief about the relationship between happiness and material wealth, which can be a characteristic of depression. Depression often involves a lack of enjoyment or satisfaction in activities and a negative outlook on life, which this post seems to exemplify."
"@HipHopPrez @xexd umm... harvard.edu/nobel-laureates (not that that's best/only measure, but holy shit a lot of innovation happens at Harvard)",no mental disorder,"There is no indication of a mental disorder in this post. The individual is simply expressing surprise or amazement at the number of Nobel laureates associated with Harvard University. There is no mention of any distressing emotions, harmful thoughts, or symptoms that would suggest the presence of a mental disorder."
"These chapters are at least 30 pages each and I have to read, type an outline, and complete a packet for 5 of them...",no mental disorder,"The post discusses the tasks of reading, typing an outline, and completing a packet for multiple chapters. While this may be overwhelming and stressful, there is no indication of any symptoms or distress that would suggest a mental disorder."
RT @Rb1Sq2a4ZxYW: FORGIVE YOURSELF TODAY. GIVE YOURSELF A FRESH START. THROW YOUR EMOTIONAL BURDENS INTO THE RIVER AND KEEP MOVING - lil p,depression,"There are a few things that suggest depression as the most likely mental disorder label for this post:

- The use of capital letters and the emphasis on forgiveness and a fresh start could be indicative of a person seeking relief from emotional burdens, which can be common in individuals with depression.
- The mention of throwing emotional burdens into the river and keep moving can be seen as a coping mechanism or a form of emotional release, which is often used by individuals with depression to manage overwhelming feelings.
- The use of the phrase ""lil p"" could suggest a sense of self-identity or self-expression, which can be a way for individuals with depression to assert some sense of control or individuality amidst their struggles.

Overall, while the post does not explicitly mention sadness or hopelessness, the language and emphasis on emotional relief and starting fresh align with common experiences and coping mechanisms of individuals with depression."
My answer on @tGTZ to: Every day i imagine im different person i live in my dreams what should i do? http://t.co/z6:g2e3:,no mental disorder,"The post is asking for advice on a common daydreaming scenario, where the person imagines being a different person. While this could be seen as a form of escapism or a way to cope with daily life, there is no indication that it causes significant distress or triggers any symptoms of a mental disorder."
The scene where Marshall tells Lily he got mugged by a monkey so she won't be scared in NY is so sweet and funny #HIMYM,no mental disorder,"While the post mentions a scene from a TV show, it does not indicate any symptoms or experiences that would suggest the presence of a mental disorder. The mention of the scene being 'sweet and funny' simply indicates that the poster enjoyed the scene and found it entertaining. There is no indication of any distress or symptoms related to mental health."
"""God's Grace and Gay Men"" - Is it possible that Jesus goes places that the Church is sometimes afraid to? Today... http://t.co/rA9rRF_5Ot",no mental disorder,"This post discusses the topic of religion and the possibility of Jesus going to places that the Church might be afraid to go. While it is a thought-provoking topic, there is no indication of any mental disorder present in this post. The mention of PTSD is not applicable in this context."
I'm more a kill the poor kinda guy myself. But it's certainly up there along with chemical warfare,suicide or self-harm,"The statement ""I'm more a kill the poor kinda guy myself"" suggests a disturbing ideology or belief that promotes harm or violence towards others or oneself. This kind of statement raises concerns about the individual's mental state and potentially indicates a self-destructive or harmful mindset. The mention of ""chemical warfare"" further suggests a fascination or preoccupation with harmful actions or ideas. Overall, this post exhibits concerning attitudes and ideations that align with a suicide or self-harm tendency."
"""cher lloyd pregnant"" ""zac efron is bi"" ""jonas brothers are breaking up"" ""beau got hacked"" ""jariana drama"" THE APOCOLYPSE ITS HAPPENING",depression,"The language used in the post, such as ""cher lloyd pregnant,"" ""zac efron is bi,"" and ""the apocalypse its happening,"" suggests a negative and pessimistic outlook on life. The mention of various celebrity news stories and dramatic events may indicate a preoccupation with negative or distressing information, which can be a symptom of depression. Additionally, the use of all capitals and the dramatic phrase ""THE APOCALYPSE ITS HAPPENING"" suggests a heightened emotional state, which can also be associated with depression. Overall, while this post does not explicitly mention feelings of sadness or hopelessness, the content and tone suggest that the person may be experiencing depression."
@gwZKrQOTa0dq8D4 miss you buckets. text me. do you have my number still? we must get in touch soon. i have things to propose. also ilu.,no mental disorder,This post simply shows a desire to reconnect with someone and make plans. There is no indication of distress or symptoms of a mental disorder.
"If I were still in Syria, I'd do my damnedest to get out now. #Assad #Russia #Iran #ISIS #EverybodyElse",no mental disorder,This post does not provide any indication of mental disorders. The author is expressing their opinion about the situation in Syria and their concern for the safety of individuals still residing there. There is no evidence of distress or symptoms that would suggest a mental disorder.
Today turned into a relatively crappy day. Yeah. This calls for movie night + chocolate + keep me AWAY from the internet.,no mental disorder,"There is no indication in this post that suggests the presence of any mental disorder. The person simply had a bad day and is seeking comfort by planning a movie night, eating chocolate, and disconnecting from the internet. These actions are common ways that people cope with stress or a bad day without necessarily indicating the presence of a mental disorder."
@wO6qqTZlGUU I want people to see how these professionals gang up against you if you complain. I have stood up to them,ptsd,"There is no explicit mention of any mental disorder in this post. It seems to be more focused on highlighting the behavior of professionals and the poster's experience of standing up to them. Without any clear indications of distress or symptoms related to a mental disorder, it would not be appropriate to assign a label in this case. Therefore, the assigned label would be ""No mental disorders."""
time to fucking kill myself pic.twitter.com/dw8jAB0fAD,suicide or self-harm,"The use of the phrase 'time to fucking kill myself' is an explicit statement expressing a clear intention to commit suicide. This kind of language and statement is a direct indication of a suicidal or self-harm tendency. The urgency and intensity conveyed in the statement also suggest a high level of distress and hopelessness, which are common symptoms associated with suicidal ideation."
"RT @lp4J13iiwdG599: if you're tweeting about sports right now, don't be the ones to complain about the people tweeting about pretty little …",no mental disorder,"This post expresses frustration with people who are tweeting about sports instead of focusing on a specific TV show. While it may show some negative emotions or annoyance, there is no indication of any significant distress or symptoms of a mental disorder."
I swear if I find out that that's one of my ACTUAL friends on my ask I will be fucking pissed because it's so hypocritical if it is..,depression,"The use of strong language and the expression of anger suggest that the person is experiencing intense emotions. The mention of a potential betrayal by a friend and the feeling of being hypocritical indicates interpersonal conflicts, which are common in individuals with depression. The intense emotional reaction and perceived contradictions in the behavior of others can contribute to feelings of hopelessness, irritability, and anger, which are all associated with depression."
THE FORUM CHANGED AND I CAN'T LOGIN WITH YAHOO ANYMORE SO I HAD TO CREATE A NEW ACCOUNT AND IT'S NOT APPROVED YET SO I CAN'T SEE THE ROSTERS,no mental disorder,There is no indication in the post that suggests the presence of any mental disorders. The post is simply expressing frustration and inconvenience due to a change in the forum's login system. This does not indicate any significant distress or trigger any symptoms of a mental disorder.
"@fenilsen @webgruppen Ja, vi har allerede besluttet å ta en gjennomgang på ordningen.",no mental disorder,"This post is a response in Norwegian which states that a review will be conducted on a certain issue. There is no indication of distress, negative emotions, or any symptoms of a mental disorder in this post. Therefore, the assigned label is ""No mental disorders."""
My answer on @tGTZ to: . Is extreme fatigue a sign of liver failure? How can I get more energy? #hepatitis http://t.co/4US:se2J,no mental disorder,"This post is seeking information about extreme fatigue and how to have more energy, specifically in relation to hepatitis and liver failure. While extreme fatigue can be a symptom of various medical conditions, there is no indication in the post that suggests any mental disorder. The mention of hepatitis suggests a concern about physical health rather than mental health."
Why am I still alive. I should have died long ago.,suicide or self-harm,"The post explicitly expresses thoughts of death and a desire to have died. These statements indicate a significant level of despair and a lack of desire to continue living. It suggests that the person is experiencing thoughts of suicide or self-harm, as they question their purpose for still being alive. This type of self-deprecating and hopeless language is often associated with suicidal ideation."
"@klAop5ZAUX3hame I've never really got into his videos, but he is funny! I agree about smosh but their personals are okay, and they're hot..",no mental disorder,"This post consists of a casual conversation about someone's opinion on a YouTube channel. While it includes some casual remarks about attractiveness, there is no indication of any distress or symptoms of a mental disorder being present."
I cant take this Life anymore,suicide or self-harm,"The phrase ""I can't take this life anymore"" indicates a strong feeling of distress and overwhelmedness. It suggests that the person is feeling hopeless and may be contemplating self-harm or suicide as a way to escape their pain. The statement conveys a sense of desperation and a lack of coping mechanisms, indicating a potential tendency towards self-harm or suicidality."
im going to kill mars and then myself pic.twitter.com/gDzDX1vcZi,suicide or self-harm,"The post explicitly states the intention to ""kill mars and then myself."" This clear statement of intent to harm oneself suggests a strong tendency towards self-harm or suicide. The use of language indicating harm towards oneself and the mention of suicide indicate an urgent need for intervention and support."
@i9B4SaE @gQBs6DzE8AlHZlm @xogxA9uPWmAZYW Lest we forget it was Robbie Powell case that brought absense of DoC into public domain in 1996!,ptsd,"There is no clear indication of a mental disorder in this post. The post appears to be a response or comment related to a specific case or topic. Without additional context or information, it is not possible to assign a mental disorder label to this post."
"@Vinumguy damn, I didn't ask for any",no mental disorder,"This post simply shows a brief frustrated response to someone named Vinumguy. While the tone may suggest annoyance or irritation, there is no clear indication of any mental disorder or distress. Without further information, it would be inappropriate to assign a mental disorder label to this post."
Shit I'm weak ! just going back to old games nostalgy and bought #fallout and #fallout2,no mental disorder,"This post simply mentions going back to old games and buying Fallout and Fallout 2, expressing a sense of nostalgia. There is no mention or indication of any distress, symptoms, or struggles related to mental health. Therefore, there is no basis to assign a label of a mental disorder to this post."
Am I better off dead or am I better off a quitter?,suicide or self-harm,"The post explicitly mentions contemplating death and self-harm. The phrase ""Am I better off dead"" suggests that the person is considering suicide as an option. The use of the word ""quitter"" implies that the person may be facing difficulties or challenges, which can contribute to feelings of hopelessness and the desire to give up. Overall, the content of the post strongly suggests a tendency towards self-harm or suicidal ideation."
@askjulien damned this place looks familiar to me,no mental disorder,"There are no specific indicators in this post that suggest any mental disorders. The statement made indicates a recognition or familiarity with the place being discussed, but does not provide any further information or context that would suggest a mental health concern."
@jd_0B4rK8bVqK It is cruel and abusive to drug someone that is treatment resistant and cannot metabolize the drugs and they do not work,no mental disorder,"The post expresses an opinion about the cruelty and abuse of drugging someone who is treatment resistant and cannot metabolize drugs. While this post highlights a concern about the effects of medication on certain individuals, it does not provide any indication of personal distress or symptoms suggestive of a mental disorder."
This shit just got real. #officesports @Nick pic.twitter.com/syn1HvB,no mental disorder,"There is no mention or indication of any mental disorder in this post. The use of the phrase ""This shit just got real"" is likely a colloquial expression to express surprise or excitement about something happening, such as in the context of office sports. Without any further information or evidence, it cannot be assumed that this post is related to any mental disorder."
"See my answer on @tGTZ to: Does it matter who orders the abdominal scan, the specialist or the ""family physi... http://t.co/-R47xjvZ",no mental disorder,"This post appears to be a response to a question or discussion about who should order an abdominal scan. There is no indication of any mental health symptoms or distress in this post, therefore it does not suggest the presence of a mental disorder."
Also boys have bigger bone structures and gain weight faster than females do because they don't have self control to eat healthy,no mental disorder,"This post does not indicate any mental disorders. While there is a harmful and incorrect stereotype mentioned about boys and self-control, it does not provide any evidence of a mental disorder such as depression."
How to commit suicide quickly,suicide or self-harm,"The post explicitly mentions wanting to commit suicide quickly, which is a clear indication of suicidal ideation or a self-harm tendency. This statement raises serious concerns about the person's well-being and suggests they may be at risk of self-harm or suicide."
"same,thinking about how to end my life",suicide or self-harm,"The statement ""thinking about how to end my life"" clearly indicates that the person is having thoughts of suicide or self-harm. This type of statement is a strong indicator of a suicidal or self-harm tendency."
my sister just woke up in the middle of her sleep &amp; im eating chicken alfredo &amp; i asked her if she wanted any and she looked at me like wtf,no mental disorder,"This post describes a simple interaction between the poster and their sister. While the sister's reaction may appear confused or disinterested, there is no indication that it is related to any mental disorder. The post does not mention any distress or other symptoms that would suggest a mental health concern."
RT @kVmLpLTxi4: Just asked a slug out on a date and it said yes! Oh no I've just stood on it. It's dead. It's dead and I'm single again,depression,"The post includes a statement about being single again after the slug's death. While this could be interpreted as a lighthearted joke, the mention of being single again alongside the slug's death could suggest feelings of loneliness and sadness. These emotions are commonly associated with depression. The use of the word ""dead"" twice in the post also adds to the depressive nature, as it implies a sense of loss and hopelessness. Overall, the content of the post hints at emotional distress and a potential struggle with depression."
@vSALORIceZsHHG2 hi babe its my birthday all i wished for was you i love you have a nice day 💖😋 x63,depression,"There are a few elements in this post that suggest depression as the most likely mental disorder label:

1. The author addresses someone with an intimate term (""babe"") and expresses their love for that person. This could be seen as a form of seeking connection and validation, which can be common in people with depression.

2. The author mentions that it's their birthday and that all they wished for was the person they're addressing. This could suggest feelings of loneliness and a lack of support or fulfillment in their life, which are often associated with depression.

3. The use of the heart emoji and the phrase ""have a nice day"" could be seen as an attempt to overcompensate for their inner feelings of sadness or emptiness, which are common in people with depression.

Overall, while the post does not explicitly mention feeling sad or hopeless, the underlying messages and emotions expressed in the text suggest that the person who wrote it may be struggling with depression."
I’ve never seen the northern lights before & last night my dad tried to wake me up but I thought it was a dream,no mental disorder,"This post does not demonstrate any symptoms or indicators of a mental disorder. The author simply shares a personal experience of not having seen the northern lights before and mistaking their father's attempt to wake them up as a dream. There is no indication of distress, trauma, low mood, or any other symptoms associated with mental disorders."
"Yep, 5 minutes on Twitter and I want to kill myself! #Atrocityofthedayclub haha",suicide or self-harm,"The post includes the phrase ""I want to kill myself,"" which directly implies suicidal thoughts or self-harm tendencies. Additionally, the use of humor or sarcasm with the hashtag #Atrocityofthedayclub may be a veiled way of expressing distress or negative emotions. The combination of these factors suggests that the person may be struggling with suicidal or self-harming tendencies."
RT @xQBnHoIs47V6: @rXJYCLumrSP @oJTMv9LLxCx thanks Will &amp; you know I will always support love to the family - just back from 3 days camping…,no mental disorder,"This post mentions being back from a camping trip and expressing support and love for the family. There are no indicators of distress, trauma, or symptoms of any mental disorder."
"W o w had to move my car for Katie's mom &amp; managed to stub my toe, trip down stairs and when I opened my car door, snow dumped all over me",no mental disorder,"This post describes a series of unfortunate events that happened to the person, such as stubbing their toe, tripping down stairs, and getting snow dumped on them. While these events may be frustrating or inconvenient, there is no indication that they would cause significant distress or trigger any symptoms of a mental disorder such as depression."
"holy shit, Daily Beast prints piece about Russia that's not entirely anti-Russia thedailybeast.com/articles/2015/…",no mental disorder,"This post does not contain any content or language that suggests the presence of mental disorders. It is simply a reaction to an article published by the Daily Beast about Russia. There is no indication of distress, symptoms, or any other factors that would suggest the presence of a mental disorder."
RT @cZpCNKd8Qu9377: can you ever just feel you and one of your friends drifting apart and theres really nothing you can do about it and it …,depression,"The post suggests feelings of sadness and helplessness in relation to a friendship drifting apart. This could be a sign of depression as it reflects a loss of connection, feelings of hopelessness, and a belief that there is nothing that can be done to change the situation. Additionally, the post discusses feeling alone and unable to control the situation, which are common experiences for individuals with depression who often struggle with isolation and a lack of perceived agency."
RT @lR6xZ5jWooqPv: Not looking forward to work 😩 I hate having to bite my tongue all day to rude ass customers 😒,depression,"This post suggests depression as the assigned label. The use of the phrase ""Not looking forward to work"" indicates a lack of motivation and enjoyment in activities, which is a common symptom of depression. Additionally, the mention of having to bite one's tongue all day to rude customers suggests a negative and challenging work environment, which can contribute to low mood and feelings of frustration or hopelessness. Overall, this post conveys a sense of unhappiness and dissatisfaction, which aligns with symptoms commonly associated with depression."
"@eqDuuvOHdpzu @mBOXDd_v3DW4 I'm so please Ashya's case went world wide to expose the blatant contempt the NHS has for parents' rights :""(",ptsd,"The phrase 'I'm so pleased' followed by a sad emoticon suggests a mixture of conflicting emotions. This could be indicative of trauma-related symptoms such as emotional dysregulation and difficulty processing complex emotions. The post also mentions a specific case involving the NHS and parents' rights, indicating a potential experience of distressing or traumatic events related to healthcare or authority figures. PTSD is a likely mental disorder label for this post based on the mention of trauma-related themes and the emotional reactions expressed."
"""is it true you got a new tattoo on your chest?"" ""yeah, it says y/n, because this way shes always close to my heart"" http://t.co/9_QP50J7Zu",no mental disorder,"This post is a conversation between two individuals discussing a tattoo. While there is mention of a tattoo that says ""y/n"" to keep someone close to the person's heart, there is no indication of any distress, negative emotions, or symptoms of a mental disorder. The content of the post seems to be a lighthearted and affectionate conversation about a tattoo, rather than reflecting any mental health concerns."
My answer on @tGTZ to: I have anxiety disorder I have been on meds for 2 years. Latly my anxiety is back ev... http://t.co/RZp2VkJ~,no mental disorder,"The post mentions having an anxiety disorder and being on medication for it. This suggests that the person is aware of their mental health condition and is seeking treatment for it. However, there is no indication in the post of any trauma or event that would trigger symptoms of PTSD. Therefore, the assigned label of ""No mental disorders"" is more appropriate in this case."
"RT @r1B171l1: lol at your wedding registry. I'm a single dude living on Pop-Tarts how bout you buy me a fucking toaster, Karen.",no mental disorder,"While the post contains some negative and sarcastic language, it does not indicate any symptoms or behaviors associated with a mental disorder. The tone of the post seems more lighthearted and humorous rather than indicative of depression or any other mental health issue."
I want to cut my skin,suicide or self-harm,"The explicit statement ""I want to cut my skin"" indicates a strong desire to engage in self-harm. Self-harm can be a result of various mental disorders, such as depression, borderline personality disorder, or other conditions. However, since there are no other details or context provided in the post, it is difficult to determine the specific underlying mental disorder. Therefore, the assigned label is ""Suicide or self-harm tendency"" based on the explicit statement of wanting to engage in self-harming behaviors."
Wake you up In the middle of the night To say I will never walk away again I'm never going to… https://www.instagram.com/p/BZmFHQinclz/,no mental disorder,"There is no indication in the post that suggests the presence of any mental disorders. The content seems to be a song lyric or quote, expressing a desire to be there for someone and not leave them. While the theme of the post may involve emotions or relationships, there is no evidence of distress, symptoms, or any specific mental disorder."
"Ben Bradlee: ""There is nothing like daily journalism! Best damn job in the world!"" wapo.st/1vJWbPV pic.twitter.com/QdID4m9Pd3",no mental disorder,"This post does not show any signs of mental disorders. It is a quote from Ben Bradlee expressing his enthusiasm for daily journalism. Nothing in the post suggests distress, symptoms of a mental disorder, or any indication of psychological struggle."
@BWJones @robertmarc60 that shit's not gonna cut it when @rokos_basilisk is in charge..,no mental disorder,"This post does not show any indication of mental disorders. It appears to be a response to a conversation thread and does not express any distress, symptoms, or emotions commonly associated with mental disorders."
Devastating and damning. Read: latimes.com/opinion/op-ed/… @latimes @SusanGKomen #Cancer #breastcancer,no mental disorder,"The post is a response to an article about cancer, specifically breast cancer. While the word 'devastating' suggests a strong emotional response, it is not indicative of a mental disorder. It is normal to have emotional reactions to devastating news or events without it signaling the presence of a mental disorder. In this case, there is no evidence to suggest that the individual's response to the article is outside the realm of what would be considered a typical emotional reaction. Therefore, the assigned label is 'No mental disorders.'"
"RT @wMtLLXEj: [karate sign up table] ""Ok guys with a ponytail or that are named Vince please form a second line you are the advanced class""",no mental disorder,"This post simply describes a sign-up table at a karate class, where individuals with ponytails or the name Vince are asked to form a separate line for the advanced class. There is no indication of any symptoms or distress related to mental disorders."
Woensdagavond: tijd voor oesters & cocktails op de Flirty French avond bij La Cage. Breekt zo lekker de wee... - moby.to/81a4vk,no mental disorder,"This post seems to be a simple description of the author's plans for the evening, mentioning oysters and cocktails at a specific venue. There is no indication of any mental distress or symptoms of a mental disorder, so the label ""No mental disorders"" is appropriate."
I tried to cut myself,suicide or self-harm,"The explicit statement of ""I tried to cut myself"" indicates a direct involvement in self-harm behavior. This suggests a strong likelihood of having a suicide or self-harm tendency. The act of self-harm demonstrates a serious level of emotional distress and the individual may be at risk of further harm or suicidal thoughts. Immediate intervention and support are necessary in such cases."
"If my GP refused to provide medical info to DWP it would literally, end my life. My benefits would be cut, and I would kill myself.",suicide or self-harm,"The post explicitly mentions that if the person's GP refuses to provide medical information to the DWP (Department for Work and Pensions), it would ""literally end my life."" This statement clearly indicates that the person's life would be in danger if their benefits were cut off, and they express the intention to ""kill myself."" The mention of self-harm and suicidal ideation directly corresponds to the label of Suicide or self-harm tendency."
"RT @qw4EQV8Z: all we have to do is grab a few shovels, dig a couple of holes and we'll be dead and in the grave in no time",depression,"There are a few indicators in this post that suggest depression as the most likely mental disorder label: 
- The phrase ""we'll be dead and in the grave in no time"" implies a desire for death or a lack of hope for the future, which is consistent with depressive thoughts.
- The mention of using shovels to dig holes implies a plan or method for self-harm or suicide.
- The use of the word ""we"" suggests that the individual may not be alone in experiencing these feelings, which could indicate a sense of shared distress or a desire for companionship in their struggle.
Overall, the language used in this post suggests a significant level of despair and hopelessness, which aligns with symptoms of depression."
